sample_id,fold
cooling_regression_train_000001,0
cooling_regression_train_000002,2
cooling_regression_train_000003,3
cooling_regression_train_000004,2
cooling_regression_train_000005,3
cooling_regression_train_000006,0
cooling_regression_train_000007,1
cooling_regression_train_000008,1
cooling_regression_train_000009,0
cooling_regression_train_000010,0
cooling_regression_train_000011,1
cooling_regression_train_000012,2
cooling_regression_train_000013,0
cooling_regression_train_000014,3
cooling_regression_train_000015,0
cooling_regression_train_000016,3
cooling_regression_train_000017,2
cooling_regression_train_000018,2
cooling_regression_train_000019,3
cooling_regression_train_000020,4
cooling_regression_train_000021,1
cooling_regression_train_000022,0
cooling_regression_train_000023,3
cooling_regression_train_000024,3
cooling_regression_train_000025,1
cooling_regression_train_000026,3
cooling_regression_train_000027,2
cooling_regression_train_000028,2
cooling_regression_train_000029,1
cooling_regression_train_000030,4
cooling_regression_train_000031,0
cooling_regression_train_000032,1
cooling_regression_train_000033,4
cooling_regression_train_000034,2
cooling_regression_train_000035,3
cooling_regression_train_000036,3
cooling_regression_train_000037,0
cooling_regression_train_000038,4
cooling_regression_train_000039,2
cooling_regression_train_000040,0
cooling_regression_train_000041,4
cooling_regression_train_000042,2
cooling_regression_train_000043,4
cooling_regression_train_000044,4
cooling_regression_train_000045,3
cooling_regression_train_000046,3
cooling_regression_train_000047,1
cooling_regression_train_000048,1
cooling_regression_train_000049,3
cooling_regression_train_000050,4
cooling_regression_train_000051,1
cooling_regression_train_000052,2
cooling_regression_train_000053,3
cooling_regression_train_000054,0
cooling_regression_train_000055,2
cooling_regression_train_000056,2
cooling_regression_train_000057,2
cooling_regression_train_000058,0
cooling_regression_train_000059,1
cooling_regression_train_000060,0
cooling_regression_train_000061,2
cooling_regression_train_000062,1
cooling_regression_train_000063,3
cooling_regression_train_000064,0
cooling_regression_train_000065,3
cooling_regression_train_000066,1
cooling_regression_train_000067,4
cooling_regression_train_000068,2
cooling_regression_train_000069,2
cooling_regression_train_000070,0
cooling_regression_train_000071,3
cooling_regression_train_000072,3
cooling_regression_train_000073,3
cooling_regression_train_000074,2
cooling_regression_train_000075,0
cooling_regression_train_000076,0
cooling_regression_train_000077,2
cooling_regression_train_000078,4
cooling_regression_train_000079,4
cooling_regression_train_000080,0
cooling_regression_train_000081,0
cooling_regression_train_000082,1
cooling_regression_train_000083,2
cooling_regression_train_000084,0
cooling_regression_train_000085,3
cooling_regression_train_000086,2
cooling_regression_train_000087,0
cooling_regression_train_000088,2
cooling_regression_train_000089,0
cooling_regression_train_000090,1
cooling_regression_train_000091,4
cooling_regression_train_000092,4
cooling_regression_train_000093,0
cooling_regression_train_000094,3
cooling_regression_train_000095,4
cooling_regression_train_000096,3
cooling_regression_train_000097,1
cooling_regression_train_000098,3
cooling_regression_train_000099,3
cooling_regression_train_000100,0
cooling_regression_train_000101,0
cooling_regression_train_000102,3
cooling_regression_train_000103,2
cooling_regression_train_000104,0
cooling_regression_train_000105,2
cooling_regression_train_000106,3
cooling_regression_train_000107,0
cooling_regression_train_000108,1
cooling_regression_train_000109,1
cooling_regression_train_000110,2
cooling_regression_train_000111,3
cooling_regression_train_000112,4
cooling_regression_train_000113,4
cooling_regression_train_000114,4
cooling_regression_train_000115,2
cooling_regression_train_000116,2
cooling_regression_train_000117,2
cooling_regression_train_000118,1
cooling_regression_train_000119,0
cooling_regression_train_000120,0
cooling_regression_train_000121,0
cooling_regression_train_000122,4
cooling_regression_train_000123,2
cooling_regression_train_000124,1
cooling_regression_train_000125,4
cooling_regression_train_000126,2
cooling_regression_train_000127,3
cooling_regression_train_000128,0
cooling_regression_train_000129,4
cooling_regression_train_000130,3
cooling_regression_train_000131,1
cooling_regression_train_000132,1
cooling_regression_train_000133,1
cooling_regression_train_000134,0
cooling_regression_train_000135,1
cooling_regression_train_000136,3
cooling_regression_train_000137,0
cooling_regression_train_000138,3
cooling_regression_train_000139,4
cooling_regression_train_000140,4
cooling_regression_train_000141,4
cooling_regression_train_000142,1
cooling_regression_train_000143,3
cooling_regression_train_000144,0
cooling_regression_train_000145,4
cooling_regression_train_000146,1
cooling_regression_train_000147,0
cooling_regression_train_000148,3
cooling_regression_train_000149,3
cooling_regression_train_000150,2
cooling_regression_train_000151,2
cooling_regression_train_000152,0
cooling_regression_train_000153,0
cooling_regression_train_000154,2
cooling_regression_train_000155,2
cooling_regression_train_000156,1
cooling_regression_train_000157,3
cooling_regression_train_000158,2
cooling_regression_train_000159,1
cooling_regression_train_000160,1
cooling_regression_train_000161,1
cooling_regression_train_000162,3
cooling_regression_train_000163,2
cooling_regression_train_000164,2
cooling_regression_train_000165,4
cooling_regression_train_000166,3
cooling_regression_train_000167,2
cooling_regression_train_000168,1
cooling_regression_train_000169,0
cooling_regression_train_000170,2
cooling_regression_train_000171,4
cooling_regression_train_000172,0
cooling_regression_train_000173,4
cooling_regression_train_000174,1
cooling_regression_train_000175,4
cooling_regression_train_000176,3
cooling_regression_train_000177,1
cooling_regression_train_000178,3
cooling_regression_train_000179,0
cooling_regression_train_000180,0
cooling_regression_train_000181,1
cooling_regression_train_000182,4
cooling_regression_train_000183,0
cooling_regression_train_000184,4
cooling_regression_train_000185,3
cooling_regression_train_000186,4
cooling_regression_train_000187,2
cooling_regression_train_000188,3
cooling_regression_train_000189,4
cooling_regression_train_000190,2
cooling_regression_train_000191,3
cooling_regression_train_000192,3
cooling_regression_train_000193,1
cooling_regression_train_000194,3
cooling_regression_train_000195,4
cooling_regression_train_000196,1
cooling_regression_train_000197,4
cooling_regression_train_000198,3
cooling_regression_train_000199,2
cooling_regression_train_000200,4
cooling_regression_train_000201,0
cooling_regression_train_000202,1
cooling_regression_train_000203,0
cooling_regression_train_000204,0
cooling_regression_train_000205,0
cooling_regression_train_000206,0
cooling_regression_train_000207,2
cooling_regression_train_000208,1
cooling_regression_train_000209,0
cooling_regression_train_000210,3
cooling_regression_train_000211,2
cooling_regression_train_000212,2
cooling_regression_train_000213,0
cooling_regression_train_000214,3
cooling_regression_train_000215,3
cooling_regression_train_000216,0
cooling_regression_train_000217,2
cooling_regression_train_000218,1
cooling_regression_train_000219,3
cooling_regression_train_000220,2
cooling_regression_train_000221,1
cooling_regression_train_000222,4
cooling_regression_train_000223,0
cooling_regression_train_000224,0
cooling_regression_train_000225,4
cooling_regression_train_000226,3
cooling_regression_train_000227,3
cooling_regression_train_000228,3
cooling_regression_train_000229,4
cooling_regression_train_000230,4
cooling_regression_train_000231,3
cooling_regression_train_000232,0
cooling_regression_train_000233,4
cooling_regression_train_000234,2
cooling_regression_train_000235,0
cooling_regression_train_000236,3
cooling_regression_train_000237,4
cooling_regression_train_000238,2
cooling_regression_train_000239,3
cooling_regression_train_000240,4
cooling_regression_train_000241,4
cooling_regression_train_000242,3
cooling_regression_train_000243,1
cooling_regression_train_000244,4
cooling_regression_train_000245,1
cooling_regression_train_000246,3
cooling_regression_train_000247,0
cooling_regression_train_000248,4
cooling_regression_train_000249,4
cooling_regression_train_000250,4
cooling_regression_train_000251,1
cooling_regression_train_000252,0
cooling_regression_train_000253,2
cooling_regression_train_000254,4
cooling_regression_train_000255,3
cooling_regression_train_000256,0
cooling_regression_train_000257,4
cooling_regression_train_000258,2
cooling_regression_train_000259,2
cooling_regression_train_000260,1
cooling_regression_train_000261,4
cooling_regression_train_000262,2
cooling_regression_train_000263,2
cooling_regression_train_000264,2
cooling_regression_train_000265,1
cooling_regression_train_000266,2
cooling_regression_train_000267,4
cooling_regression_train_000268,4
cooling_regression_train_000269,1
cooling_regression_train_000270,1
cooling_regression_train_000271,0
cooling_regression_train_000272,0
cooling_regression_train_000273,1
cooling_regression_train_000274,3
cooling_regression_train_000275,4
cooling_regression_train_000276,2
cooling_regression_train_000277,2
cooling_regression_train_000278,3
cooling_regression_train_000279,1
cooling_regression_train_000280,4
cooling_regression_train_000281,2
cooling_regression_train_000282,4
cooling_regression_train_000283,4
cooling_regression_train_000284,2
cooling_regression_train_000285,2
cooling_regression_train_000286,1
cooling_regression_train_000287,3
cooling_regression_train_000288,3
cooling_regression_train_000289,4
cooling_regression_train_000290,4
cooling_regression_train_000291,2
cooling_regression_train_000292,1
cooling_regression_train_000293,0
cooling_regression_train_000294,4
cooling_regression_train_000295,4
cooling_regression_train_000296,0
cooling_regression_train_000297,0
cooling_regression_train_000298,0
cooling_regression_train_000299,4
cooling_regression_train_000300,3
cooling_regression_train_000301,3
cooling_regression_train_000302,0
cooling_regression_train_000303,0
cooling_regression_train_000304,0
cooling_regression_train_000305,2
cooling_regression_train_000306,4
cooling_regression_train_000307,3
cooling_regression_train_000308,4
cooling_regression_train_000309,4
cooling_regression_train_000310,1
cooling_regression_train_000311,1
cooling_regression_train_000312,0
cooling_regression_train_000313,2
cooling_regression_train_000314,4
cooling_regression_train_000315,4
cooling_regression_train_000316,2
cooling_regression_train_000317,4
cooling_regression_train_000318,2
cooling_regression_train_000319,3
cooling_regression_train_000320,4
cooling_regression_train_000321,0
cooling_regression_train_000322,3
cooling_regression_train_000323,3
cooling_regression_train_000324,1
cooling_regression_train_000325,3
cooling_regression_train_000326,4
cooling_regression_train_000327,2
cooling_regression_train_000328,1
cooling_regression_train_000329,1
cooling_regression_train_000330,2
cooling_regression_train_000331,0
cooling_regression_train_000332,4
cooling_regression_train_000333,0
cooling_regression_train_000334,2
cooling_regression_train_000335,3
cooling_regression_train_000336,4
cooling_regression_train_000337,0
cooling_regression_train_000338,2
cooling_regression_train_000339,4
cooling_regression_train_000340,1
cooling_regression_train_000341,0
cooling_regression_train_000342,1
cooling_regression_train_000343,2
cooling_regression_train_000344,3
cooling_regression_train_000345,2
cooling_regression_train_000346,4
cooling_regression_train_000347,4
cooling_regression_train_000348,0
cooling_regression_train_000349,2
cooling_regression_train_000350,3
cooling_regression_train_000351,0
cooling_regression_train_000352,3
cooling_regression_train_000353,2
cooling_regression_train_000354,1
cooling_regression_train_000355,4
cooling_regression_train_000356,3
cooling_regression_train_000357,2
cooling_regression_train_000358,4
cooling_regression_train_000359,1
cooling_regression_train_000360,0
cooling_regression_train_000361,2
cooling_regression_train_000362,0
cooling_regression_train_000363,2
cooling_regression_train_000364,3
cooling_regression_train_000365,2
cooling_regression_train_000366,0
cooling_regression_train_000367,3
cooling_regression_train_000368,4
cooling_regression_train_000369,2
cooling_regression_train_000370,4
cooling_regression_train_000371,0
cooling_regression_train_000372,3
cooling_regression_train_000373,4
cooling_regression_train_000374,3
cooling_regression_train_000375,1
cooling_regression_train_000376,4
cooling_regression_train_000377,3
cooling_regression_train_000378,1
cooling_regression_train_000379,2
cooling_regression_train_000380,3
cooling_regression_train_000381,3
cooling_regression_train_000382,3
cooling_regression_train_000383,2
cooling_regression_train_000384,4
cooling_regression_train_000385,3
cooling_regression_train_000386,3
cooling_regression_train_000387,2
cooling_regression_train_000388,2
cooling_regression_train_000389,3
cooling_regression_train_000390,3
cooling_regression_train_000391,4
cooling_regression_train_000392,1
cooling_regression_train_000393,4
cooling_regression_train_000394,0
cooling_regression_train_000395,0
cooling_regression_train_000396,1
cooling_regression_train_000397,3
cooling_regression_train_000398,0
cooling_regression_train_000399,1
cooling_regression_train_000400,1
cooling_regression_train_000401,2
cooling_regression_train_000402,1
cooling_regression_train_000403,2
cooling_regression_train_000404,1
cooling_regression_train_000405,0
cooling_regression_train_000406,1
cooling_regression_train_000407,1
cooling_regression_train_000408,3
cooling_regression_train_000409,2
cooling_regression_train_000410,2
cooling_regression_train_000411,2
cooling_regression_train_000412,2
cooling_regression_train_000413,4
cooling_regression_train_000414,1
cooling_regression_train_000415,2
cooling_regression_train_000416,0
cooling_regression_train_000417,3
cooling_regression_train_000418,3
cooling_regression_train_000419,2
cooling_regression_train_000420,1
cooling_regression_train_000421,3
cooling_regression_train_000422,2
cooling_regression_train_000423,4
cooling_regression_train_000424,3
cooling_regression_train_000425,0
cooling_regression_train_000426,0
cooling_regression_train_000427,3
cooling_regression_train_000428,0
cooling_regression_train_000429,0
cooling_regression_train_000430,2
cooling_regression_train_000431,1
cooling_regression_train_000432,1
cooling_regression_train_000433,3
cooling_regression_train_000434,2
cooling_regression_train_000435,1
cooling_regression_train_000436,3
cooling_regression_train_000437,0
cooling_regression_train_000438,1
cooling_regression_train_000439,0
cooling_regression_train_000440,1
cooling_regression_train_000441,1
cooling_regression_train_000442,3
cooling_regression_train_000443,4
cooling_regression_train_000444,2
cooling_regression_train_000445,0
cooling_regression_train_000446,1
cooling_regression_train_000447,1
cooling_regression_train_000448,4
cooling_regression_train_000449,2
cooling_regression_train_000450,3
cooling_regression_train_000451,0
cooling_regression_train_000452,3
cooling_regression_train_000453,3
cooling_regression_train_000454,3
cooling_regression_train_000455,3
cooling_regression_train_000456,4
cooling_regression_train_000457,4
cooling_regression_train_000458,1
cooling_regression_train_000459,1
cooling_regression_train_000460,2
cooling_regression_train_000461,0
cooling_regression_train_000462,3
cooling_regression_train_000463,1
cooling_regression_train_000464,4
cooling_regression_train_000465,0
cooling_regression_train_000466,4
cooling_regression_train_000467,3
cooling_regression_train_000468,4
cooling_regression_train_000469,3
cooling_regression_train_000470,2
cooling_regression_train_000471,0
cooling_regression_train_000472,1
cooling_regression_train_000473,4
cooling_regression_train_000474,1
cooling_regression_train_000475,4
cooling_regression_train_000476,0
cooling_regression_train_000477,4
cooling_regression_train_000478,3
cooling_regression_train_000479,1
cooling_regression_train_000480,3
cooling_regression_train_000481,3
cooling_regression_train_000482,3
cooling_regression_train_000483,2
cooling_regression_train_000484,4
cooling_regression_train_000485,0
cooling_regression_train_000486,4
cooling_regression_train_000487,3
cooling_regression_train_000488,0
cooling_regression_train_000489,4
cooling_regression_train_000490,2
cooling_regression_train_000491,4
cooling_regression_train_000492,2
cooling_regression_train_000493,0
cooling_regression_train_000494,3
cooling_regression_train_000495,2
cooling_regression_train_000496,2
cooling_regression_train_000497,0
cooling_regression_train_000498,3
cooling_regression_train_000499,0
cooling_regression_train_000500,1
cooling_regression_train_000501,2
cooling_regression_train_000502,4
cooling_regression_train_000503,4
cooling_regression_train_000504,4
cooling_regression_train_000505,0
cooling_regression_train_000506,4
cooling_regression_train_000507,1
cooling_regression_train_000508,1
cooling_regression_train_000509,3
cooling_regression_train_000510,1
cooling_regression_train_000511,3
cooling_regression_train_000512,3
cooling_regression_train_000513,2
cooling_regression_train_000514,0
cooling_regression_train_000515,4
cooling_regression_train_000516,1
cooling_regression_train_000517,4
cooling_regression_train_000518,2
cooling_regression_train_000519,2
cooling_regression_train_000520,1
cooling_regression_train_000521,4
cooling_regression_train_000522,1
cooling_regression_train_000523,4
cooling_regression_train_000524,3
cooling_regression_train_000525,2
cooling_regression_train_000526,4
cooling_regression_train_000527,1
cooling_regression_train_000528,4
cooling_regression_train_000529,3
cooling_regression_train_000530,3
cooling_regression_train_000531,3
cooling_regression_train_000532,0
cooling_regression_train_000533,4
cooling_regression_train_000534,1
cooling_regression_train_000535,3
cooling_regression_train_000536,2
cooling_regression_train_000537,4
cooling_regression_train_000538,1
cooling_regression_train_000539,1
cooling_regression_train_000540,2
cooling_regression_train_000541,1
cooling_regression_train_000542,2
cooling_regression_train_000543,0
cooling_regression_train_000544,2
cooling_regression_train_000545,4
cooling_regression_train_000546,4
cooling_regression_train_000547,0
cooling_regression_train_000548,2
cooling_regression_train_000549,4
cooling_regression_train_000550,0
cooling_regression_train_000551,4
cooling_regression_train_000552,3
cooling_regression_train_000553,1
cooling_regression_train_000554,3
cooling_regression_train_000555,1
cooling_regression_train_000556,2
cooling_regression_train_000557,0
cooling_regression_train_000558,2
cooling_regression_train_000559,1
cooling_regression_train_000560,1
cooling_regression_train_000561,3
cooling_regression_train_000562,3
cooling_regression_train_000563,3
cooling_regression_train_000564,3
cooling_regression_train_000565,3
cooling_regression_train_000566,3
cooling_regression_train_000567,4
cooling_regression_train_000568,3
cooling_regression_train_000569,0
cooling_regression_train_000570,3
cooling_regression_train_000571,2
cooling_regression_train_000572,1
cooling_regression_train_000573,3
cooling_regression_train_000574,2
cooling_regression_train_000575,1
cooling_regression_train_000576,2
cooling_regression_train_000577,0
cooling_regression_train_000578,3
cooling_regression_train_000579,2
cooling_regression_train_000580,3
cooling_regression_train_000581,2
cooling_regression_train_000582,2
cooling_regression_train_000583,4
cooling_regression_train_000584,2
cooling_regression_train_000585,0
cooling_regression_train_000586,2
cooling_regression_train_000587,0
cooling_regression_train_000588,3
cooling_regression_train_000589,1
cooling_regression_train_000590,1
cooling_regression_train_000591,3
cooling_regression_train_000592,2
cooling_regression_train_000593,1
cooling_regression_train_000594,2
cooling_regression_train_000595,0
cooling_regression_train_000596,0
cooling_regression_train_000597,0
cooling_regression_train_000598,4
cooling_regression_train_000599,3
cooling_regression_train_000600,3
cooling_regression_train_000601,4
cooling_regression_train_000602,3
cooling_regression_train_000603,4
cooling_regression_train_000604,4
cooling_regression_train_000605,0
cooling_regression_train_000606,3
cooling_regression_train_000607,0
cooling_regression_train_000608,2
cooling_regression_train_000609,4
cooling_regression_train_000610,4
cooling_regression_train_000611,1
cooling_regression_train_000612,1
cooling_regression_train_000613,3
cooling_regression_train_000614,3
cooling_regression_train_000615,4
cooling_regression_train_000616,3
cooling_regression_train_000617,0
cooling_regression_train_000618,4
cooling_regression_train_000619,3
cooling_regression_train_000620,4
cooling_regression_train_000621,2
cooling_regression_train_000622,4
cooling_regression_train_000623,2
cooling_regression_train_000624,2
cooling_regression_train_000625,3
cooling_regression_train_000626,0
cooling_regression_train_000627,4
cooling_regression_train_000628,3
cooling_regression_train_000629,0
cooling_regression_train_000630,3
cooling_regression_train_000631,3
cooling_regression_train_000632,4
cooling_regression_train_000633,0
cooling_regression_train_000634,4
cooling_regression_train_000635,3
cooling_regression_train_000636,0
cooling_regression_train_000637,2
cooling_regression_train_000638,1
cooling_regression_train_000639,2
cooling_regression_train_000640,3
cooling_regression_train_000641,4
cooling_regression_train_000642,4
cooling_regression_train_000643,3
cooling_regression_train_000644,3
cooling_regression_train_000645,4
cooling_regression_train_000646,1
cooling_regression_train_000647,2
cooling_regression_train_000648,4
cooling_regression_train_000649,0
cooling_regression_train_000650,1
cooling_regression_train_000651,4
cooling_regression_train_000652,3
cooling_regression_train_000653,2
cooling_regression_train_000654,3
cooling_regression_train_000655,0
cooling_regression_train_000656,4
cooling_regression_train_000657,3
cooling_regression_train_000658,3
cooling_regression_train_000659,0
cooling_regression_train_000660,4
cooling_regression_train_000661,2
cooling_regression_train_000662,3
cooling_regression_train_000663,3
cooling_regression_train_000664,0
cooling_regression_train_000665,3
cooling_regression_train_000666,2
cooling_regression_train_000667,4
cooling_regression_train_000668,0
cooling_regression_train_000669,3
cooling_regression_train_000670,1
cooling_regression_train_000671,0
cooling_regression_train_000672,1
cooling_regression_train_000673,1
cooling_regression_train_000674,2
cooling_regression_train_000675,1
cooling_regression_train_000676,1
cooling_regression_train_000677,1
cooling_regression_train_000678,0
cooling_regression_train_000679,2
cooling_regression_train_000680,1
cooling_regression_train_000681,1
cooling_regression_train_000682,4
cooling_regression_train_000683,0
cooling_regression_train_000684,4
cooling_regression_train_000685,4
cooling_regression_train_000686,1
cooling_regression_train_000687,2
cooling_regression_train_000688,4
cooling_regression_train_000689,4
cooling_regression_train_000690,0
cooling_regression_train_000691,2
cooling_regression_train_000692,3
cooling_regression_train_000693,3
cooling_regression_train_000694,2
cooling_regression_train_000695,0
cooling_regression_train_000696,3
cooling_regression_train_000697,4
cooling_regression_train_000698,0
cooling_regression_train_000699,4
cooling_regression_train_000700,3
cooling_regression_train_000701,3
cooling_regression_train_000702,0
cooling_regression_train_000703,3
cooling_regression_train_000704,0
cooling_regression_train_000705,1
cooling_regression_train_000706,3
cooling_regression_train_000707,0
cooling_regression_train_000708,4
cooling_regression_train_000709,4
cooling_regression_train_000710,4
cooling_regression_train_000711,0
cooling_regression_train_000712,3
cooling_regression_train_000713,0
cooling_regression_train_000714,0
cooling_regression_train_000715,2
cooling_regression_train_000716,4
cooling_regression_train_000717,4
cooling_regression_train_000718,3
cooling_regression_train_000719,3
cooling_regression_train_000720,3
cooling_regression_train_000721,4
cooling_regression_train_000722,4
cooling_regression_train_000723,0
cooling_regression_train_000724,2
cooling_regression_train_000725,3
cooling_regression_train_000726,4
cooling_regression_train_000727,0
cooling_regression_train_000728,0
cooling_regression_train_000729,3
cooling_regression_train_000730,3
cooling_regression_train_000731,0
cooling_regression_train_000732,3
cooling_regression_train_000733,2
cooling_regression_train_000734,1
cooling_regression_train_000735,2
cooling_regression_train_000736,0
cooling_regression_train_000737,0
cooling_regression_train_000738,2
cooling_regression_train_000739,2
cooling_regression_train_000740,0
cooling_regression_train_000741,4
cooling_regression_train_000742,4
cooling_regression_train_000743,0
cooling_regression_train_000744,1
cooling_regression_train_000745,4
cooling_regression_train_000746,4
cooling_regression_train_000747,0
cooling_regression_train_000748,0
cooling_regression_train_000749,4
cooling_regression_train_000750,2
cooling_regression_train_000751,2
cooling_regression_train_000752,3
cooling_regression_train_000753,4
cooling_regression_train_000754,2
cooling_regression_train_000755,1
cooling_regression_train_000756,1
cooling_regression_train_000757,0
cooling_regression_train_000758,4
cooling_regression_train_000759,4
cooling_regression_train_000760,3
cooling_regression_train_000761,1
cooling_regression_train_000762,3
cooling_regression_train_000763,4
cooling_regression_train_000764,4
cooling_regression_train_000765,4
cooling_regression_train_000766,1
cooling_regression_train_000767,2
cooling_regression_train_000768,0
cooling_regression_train_000769,4
cooling_regression_train_000770,1
cooling_regression_train_000771,4
cooling_regression_train_000772,1
cooling_regression_train_000773,0
cooling_regression_train_000774,4
cooling_regression_train_000775,4
cooling_regression_train_000776,0
cooling_regression_train_000777,1
cooling_regression_train_000778,0
cooling_regression_train_000779,2
cooling_regression_train_000780,4
cooling_regression_train_000781,2
cooling_regression_train_000782,3
cooling_regression_train_000783,2
cooling_regression_train_000784,4
cooling_regression_train_000785,1
cooling_regression_train_000786,1
cooling_regression_train_000787,4
cooling_regression_train_000788,2
cooling_regression_train_000789,0
cooling_regression_train_000790,2
cooling_regression_train_000791,2
cooling_regression_train_000792,4
cooling_regression_train_000793,0
cooling_regression_train_000794,1
cooling_regression_train_000795,2
cooling_regression_train_000796,4
cooling_regression_train_000797,3
cooling_regression_train_000798,3
cooling_regression_train_000799,4
cooling_regression_train_000800,3
cooling_regression_train_000801,0
cooling_regression_train_000802,3
cooling_regression_train_000803,0
cooling_regression_train_000804,2
cooling_regression_train_000805,2
cooling_regression_train_000806,1
cooling_regression_train_000807,3
cooling_regression_train_000808,4
cooling_regression_train_000809,4
cooling_regression_train_000810,3
cooling_regression_train_000811,1
cooling_regression_train_000812,3
cooling_regression_train_000813,2
cooling_regression_train_000814,2
cooling_regression_train_000815,4
cooling_regression_train_000816,0
cooling_regression_train_000817,3
cooling_regression_train_000818,4
cooling_regression_train_000819,0
cooling_regression_train_000820,0
cooling_regression_train_000821,4
cooling_regression_train_000822,3
cooling_regression_train_000823,3
cooling_regression_train_000824,0
cooling_regression_train_000825,2
cooling_regression_train_000826,0
cooling_regression_train_000827,1
cooling_regression_train_000828,2
cooling_regression_train_000829,2
cooling_regression_train_000830,3
cooling_regression_train_000831,0
cooling_regression_train_000832,4
cooling_regression_train_000833,2
cooling_regression_train_000834,2
cooling_regression_train_000835,3
cooling_regression_train_000836,4
cooling_regression_train_000837,1
cooling_regression_train_000838,1
cooling_regression_train_000839,0
cooling_regression_train_000840,4
cooling_regression_train_000841,1
cooling_regression_train_000842,2
cooling_regression_train_000843,2
cooling_regression_train_000844,2
cooling_regression_train_000845,2
cooling_regression_train_000846,3
cooling_regression_train_000847,3
cooling_regression_train_000848,3
cooling_regression_train_000849,4
cooling_regression_train_000850,3
cooling_regression_train_000851,0
cooling_regression_train_000852,0
cooling_regression_train_000853,0
cooling_regression_train_000854,3
cooling_regression_train_000855,1
cooling_regression_train_000856,1
cooling_regression_train_000857,2
cooling_regression_train_000858,0
cooling_regression_train_000859,1
cooling_regression_train_000860,1
cooling_regression_train_000861,1
cooling_regression_train_000862,0
cooling_regression_train_000863,1
cooling_regression_train_000864,1
cooling_regression_train_000865,4
cooling_regression_train_000866,0
cooling_regression_train_000867,1
cooling_regression_train_000868,2
cooling_regression_train_000869,0
cooling_regression_train_000870,4
cooling_regression_train_000871,2
cooling_regression_train_000872,3
cooling_regression_train_000873,0
cooling_regression_train_000874,1
cooling_regression_train_000875,2
cooling_regression_train_000876,4
cooling_regression_train_000877,2
cooling_regression_train_000878,0
cooling_regression_train_000879,4
cooling_regression_train_000880,2
cooling_regression_train_000881,2
cooling_regression_train_000882,2
cooling_regression_train_000883,2
cooling_regression_train_000884,4
cooling_regression_train_000885,4
cooling_regression_train_000886,4
cooling_regression_train_000887,4
cooling_regression_train_000888,2
cooling_regression_train_000889,2
cooling_regression_train_000890,3
cooling_regression_train_000891,4
cooling_regression_train_000892,2
cooling_regression_train_000893,1
cooling_regression_train_000894,2
cooling_regression_train_000895,1
cooling_regression_train_000896,0
cooling_regression_train_000897,4
cooling_regression_train_000898,2
cooling_regression_train_000899,2
cooling_regression_train_000900,2
cooling_regression_train_000901,0
cooling_regression_train_000902,4
cooling_regression_train_000903,0
cooling_regression_train_000904,1
cooling_regression_train_000905,3
cooling_regression_train_000906,4
cooling_regression_train_000907,0
cooling_regression_train_000908,2
cooling_regression_train_000909,2
cooling_regression_train_000910,4
cooling_regression_train_000911,4
cooling_regression_train_000912,0
cooling_regression_train_000913,2
cooling_regression_train_000914,2
cooling_regression_train_000915,3
cooling_regression_train_000916,4
cooling_regression_train_000917,1
cooling_regression_train_000918,1
cooling_regression_train_000919,4
cooling_regression_train_000920,4
cooling_regression_train_000921,4
cooling_regression_train_000922,4
cooling_regression_train_000923,2
cooling_regression_train_000924,0
cooling_regression_train_000925,0
cooling_regression_train_000926,3
cooling_regression_train_000927,3
cooling_regression_train_000928,2
cooling_regression_train_000929,0
cooling_regression_train_000930,1
cooling_regression_train_000931,3
cooling_regression_train_000932,4
cooling_regression_train_000933,1
cooling_regression_train_000934,0
cooling_regression_train_000935,3
cooling_regression_train_000936,0
cooling_regression_train_000937,3
cooling_regression_train_000938,0
cooling_regression_train_000939,4
cooling_regression_train_000940,1
cooling_regression_train_000941,0
cooling_regression_train_000942,3
cooling_regression_train_000943,4
cooling_regression_train_000944,2
cooling_regression_train_000945,2
cooling_regression_train_000946,2
cooling_regression_train_000947,3
cooling_regression_train_000948,2
cooling_regression_train_000949,3
cooling_regression_train_000950,4
cooling_regression_train_000951,3
cooling_regression_train_000952,2
cooling_regression_train_000953,1
cooling_regression_train_000954,1
cooling_regression_train_000955,3
cooling_regression_train_000956,1
cooling_regression_train_000957,2
cooling_regression_train_000958,3
cooling_regression_train_000959,1
cooling_regression_train_000960,1
cooling_regression_train_000961,2
cooling_regression_train_000962,4
cooling_regression_train_000963,2
cooling_regression_train_000964,3
cooling_regression_train_000965,0
cooling_regression_train_000966,4
cooling_regression_train_000967,2
cooling_regression_train_000968,1
cooling_regression_train_000969,0
cooling_regression_train_000970,3
cooling_regression_train_000971,3
cooling_regression_train_000972,4
cooling_regression_train_000973,4
cooling_regression_train_000974,4
cooling_regression_train_000975,0
cooling_regression_train_000976,2
cooling_regression_train_000977,1
cooling_regression_train_000978,0
cooling_regression_train_000979,0
cooling_regression_train_000980,0
cooling_regression_train_000981,0
cooling_regression_train_000982,1
cooling_regression_train_000983,0
cooling_regression_train_000984,4
cooling_regression_train_000985,2
cooling_regression_train_000986,3
cooling_regression_train_000987,4
cooling_regression_train_000988,2
cooling_regression_train_000989,0
cooling_regression_train_000990,2
cooling_regression_train_000991,3
cooling_regression_train_000992,0
cooling_regression_train_000993,2
cooling_regression_train_000994,0
cooling_regression_train_000995,0
cooling_regression_train_000996,0
cooling_regression_train_000997,0
cooling_regression_train_000998,1
cooling_regression_train_000999,0
cooling_regression_train_001000,1
cooling_regression_train_001001,2
cooling_regression_train_001002,0
cooling_regression_train_001003,4
cooling_regression_train_001004,1
cooling_regression_train_001005,4
cooling_regression_train_001006,1
cooling_regression_train_001007,0
cooling_regression_train_001008,0
cooling_regression_train_001009,3
cooling_regression_train_001010,1
cooling_regression_train_001011,3
cooling_regression_train_001012,3
cooling_regression_train_001013,4
cooling_regression_train_001014,1
cooling_regression_train_001015,4
cooling_regression_train_001016,2
cooling_regression_train_001017,3
cooling_regression_train_001018,4
cooling_regression_train_001019,2
cooling_regression_train_001020,0
cooling_regression_train_001021,0
cooling_regression_train_001022,0
cooling_regression_train_001023,0
cooling_regression_train_001024,0
cooling_regression_train_001025,3
cooling_regression_train_001026,0
cooling_regression_train_001027,0
cooling_regression_train_001028,1
cooling_regression_train_001029,1
cooling_regression_train_001030,2
cooling_regression_train_001031,3
cooling_regression_train_001032,3
cooling_regression_train_001033,2
cooling_regression_train_001034,4
cooling_regression_train_001035,0
cooling_regression_train_001036,2
cooling_regression_train_001037,2
cooling_regression_train_001038,1
cooling_regression_train_001039,3
cooling_regression_train_001040,0
cooling_regression_train_001041,3
cooling_regression_train_001042,2
cooling_regression_train_001043,1
cooling_regression_train_001044,1
cooling_regression_train_001045,1
cooling_regression_train_001046,1
cooling_regression_train_001047,0
cooling_regression_train_001048,0
cooling_regression_train_001049,2
cooling_regression_train_001050,1
cooling_regression_train_001051,2
cooling_regression_train_001052,4
cooling_regression_train_001053,4
cooling_regression_train_001054,3
cooling_regression_train_001055,0
cooling_regression_train_001056,1
cooling_regression_train_001057,1
cooling_regression_train_001058,0
cooling_regression_train_001059,3
cooling_regression_train_001060,2
cooling_regression_train_001061,3
cooling_regression_train_001062,3
cooling_regression_train_001063,2
cooling_regression_train_001064,1
cooling_regression_train_001065,4
cooling_regression_train_001066,2
cooling_regression_train_001067,2
cooling_regression_train_001068,2
cooling_regression_train_001069,1
cooling_regression_train_001070,3
cooling_regression_train_001071,0
cooling_regression_train_001072,1
cooling_regression_train_001073,1
cooling_regression_train_001074,4
cooling_regression_train_001075,0
cooling_regression_train_001076,4
cooling_regression_train_001077,2
cooling_regression_train_001078,4
cooling_regression_train_001079,4
cooling_regression_train_001080,3
cooling_regression_train_001081,0
cooling_regression_train_001082,0
cooling_regression_train_001083,3
cooling_regression_train_001084,1
cooling_regression_train_001085,4
cooling_regression_train_001086,1
cooling_regression_train_001087,2
cooling_regression_train_001088,0
cooling_regression_train_001089,3
cooling_regression_train_001090,0
cooling_regression_train_001091,3
cooling_regression_train_001092,3
cooling_regression_train_001093,0
cooling_regression_train_001094,0
cooling_regression_train_001095,3
cooling_regression_train_001096,0
cooling_regression_train_001097,0
cooling_regression_train_001098,1
cooling_regression_train_001099,3
cooling_regression_train_001100,2
cooling_regression_train_001101,4
cooling_regression_train_001102,3
cooling_regression_train_001103,4
cooling_regression_train_001104,1
cooling_regression_train_001105,3
cooling_regression_train_001106,0
cooling_regression_train_001107,0
cooling_regression_train_001108,1
cooling_regression_train_001109,3
cooling_regression_train_001110,1
cooling_regression_train_001111,3
cooling_regression_train_001112,4
cooling_regression_train_001113,3
cooling_regression_train_001114,0
cooling_regression_train_001115,2
cooling_regression_train_001116,4
cooling_regression_train_001117,0
cooling_regression_train_001118,3
cooling_regression_train_001119,1
cooling_regression_train_001120,1
cooling_regression_train_001121,0
cooling_regression_train_001122,2
cooling_regression_train_001123,4
cooling_regression_train_001124,0
cooling_regression_train_001125,4
cooling_regression_train_001126,3
cooling_regression_train_001127,1
cooling_regression_train_001128,2
cooling_regression_train_001129,0
cooling_regression_train_001130,1
cooling_regression_train_001131,0
cooling_regression_train_001132,0
cooling_regression_train_001133,1
cooling_regression_train_001134,4
cooling_regression_train_001135,2
cooling_regression_train_001136,1
cooling_regression_train_001137,1
cooling_regression_train_001138,2
cooling_regression_train_001139,1
cooling_regression_train_001140,2
cooling_regression_train_001141,1
cooling_regression_train_001142,3
cooling_regression_train_001143,4
cooling_regression_train_001144,3
cooling_regression_train_001145,2
cooling_regression_train_001146,4
cooling_regression_train_001147,0
cooling_regression_train_001148,0
cooling_regression_train_001149,3
cooling_regression_train_001150,0
cooling_regression_train_001151,3
cooling_regression_train_001152,4
cooling_regression_train_001153,1
cooling_regression_train_001154,0
cooling_regression_train_001155,0
cooling_regression_train_001156,4
cooling_regression_train_001157,2
cooling_regression_train_001158,0
cooling_regression_train_001159,3
cooling_regression_train_001160,0
cooling_regression_train_001161,1
cooling_regression_train_001162,0
cooling_regression_train_001163,4
cooling_regression_train_001164,2
cooling_regression_train_001165,3
cooling_regression_train_001166,2
cooling_regression_train_001167,3
cooling_regression_train_001168,2
cooling_regression_train_001169,3
cooling_regression_train_001170,2
cooling_regression_train_001171,2
cooling_regression_train_001172,3
cooling_regression_train_001173,3
cooling_regression_train_001174,4
cooling_regression_train_001175,4
cooling_regression_train_001176,1
cooling_regression_train_001177,0
cooling_regression_train_001178,3
cooling_regression_train_001179,2
cooling_regression_train_001180,0
cooling_regression_train_001181,3
cooling_regression_train_001182,3
cooling_regression_train_001183,4
cooling_regression_train_001184,4
cooling_regression_train_001185,3
cooling_regression_train_001186,2
cooling_regression_train_001187,0
cooling_regression_train_001188,1
cooling_regression_train_001189,4
cooling_regression_train_001190,1
cooling_regression_train_001191,4
cooling_regression_train_001192,0
cooling_regression_train_001193,4
cooling_regression_train_001194,2
cooling_regression_train_001195,2
cooling_regression_train_001196,0
cooling_regression_train_001197,1
cooling_regression_train_001198,3
cooling_regression_train_001199,0
cooling_regression_train_001200,4
cooling_regression_train_001201,1
cooling_regression_train_001202,0
cooling_regression_train_001203,0
cooling_regression_train_001204,3
cooling_regression_train_001205,2
cooling_regression_train_001206,0
cooling_regression_train_001207,2
cooling_regression_train_001208,4
cooling_regression_train_001209,4
cooling_regression_train_001210,4
cooling_regression_train_001211,1
cooling_regression_train_001212,4
cooling_regression_train_001213,4
cooling_regression_train_001214,0
cooling_regression_train_001215,4
cooling_regression_train_001216,1
cooling_regression_train_001217,3
cooling_regression_train_001218,1
cooling_regression_train_001219,4
cooling_regression_train_001220,4
cooling_regression_train_001221,1
cooling_regression_train_001222,4
cooling_regression_train_001223,3
cooling_regression_train_001224,2
cooling_regression_train_001225,2
cooling_regression_train_001226,3
cooling_regression_train_001227,3
cooling_regression_train_001228,0
cooling_regression_train_001229,0
cooling_regression_train_001230,3
cooling_regression_train_001231,1
cooling_regression_train_001232,1
cooling_regression_train_001233,3
cooling_regression_train_001234,0
cooling_regression_train_001235,2
cooling_regression_train_001236,0
cooling_regression_train_001237,3
cooling_regression_train_001238,4
cooling_regression_train_001239,1
cooling_regression_train_001240,3
cooling_regression_train_001241,4
cooling_regression_train_001242,0
cooling_regression_train_001243,4
cooling_regression_train_001244,0
cooling_regression_train_001245,3
cooling_regression_train_001246,4
cooling_regression_train_001247,0
cooling_regression_train_001248,2
cooling_regression_train_001249,3
cooling_regression_train_001250,2
cooling_regression_train_001251,1
cooling_regression_train_001252,3
cooling_regression_train_001253,3
cooling_regression_train_001254,3
cooling_regression_train_001255,1
cooling_regression_train_001256,1
cooling_regression_train_001257,2
cooling_regression_train_001258,1
cooling_regression_train_001259,1
cooling_regression_train_001260,4
cooling_regression_train_001261,1
cooling_regression_train_001262,0
cooling_regression_train_001263,3
cooling_regression_train_001264,3
cooling_regression_train_001265,4
cooling_regression_train_001266,3
cooling_regression_train_001267,3
cooling_regression_train_001268,2
cooling_regression_train_001269,1
cooling_regression_train_001270,3
cooling_regression_train_001271,2
cooling_regression_train_001272,0
cooling_regression_train_001273,0
cooling_regression_train_001274,3
cooling_regression_train_001275,4
cooling_regression_train_001276,3
cooling_regression_train_001277,2
cooling_regression_train_001278,3
cooling_regression_train_001279,1
cooling_regression_train_001280,0
cooling_regression_train_001281,4
cooling_regression_train_001282,2
cooling_regression_train_001283,0
cooling_regression_train_001284,1
cooling_regression_train_001285,3
cooling_regression_train_001286,0
cooling_regression_train_001287,3
cooling_regression_train_001288,2
cooling_regression_train_001289,3
cooling_regression_train_001290,2
cooling_regression_train_001291,4
cooling_regression_train_001292,1
cooling_regression_train_001293,2
cooling_regression_train_001294,4
cooling_regression_train_001295,1
cooling_regression_train_001296,4
cooling_regression_train_001297,0
cooling_regression_train_001298,2
cooling_regression_train_001299,0
cooling_regression_train_001300,4
cooling_regression_train_001301,0
cooling_regression_train_001302,3
cooling_regression_train_001303,4
cooling_regression_train_001304,0
cooling_regression_train_001305,0
cooling_regression_train_001306,4
cooling_regression_train_001307,3
cooling_regression_train_001308,0
cooling_regression_train_001309,4
cooling_regression_train_001310,4
cooling_regression_train_001311,4
cooling_regression_train_001312,4
cooling_regression_train_001313,3
cooling_regression_train_001314,4
cooling_regression_train_001315,3
cooling_regression_train_001316,1
cooling_regression_train_001317,4
cooling_regression_train_001318,1
cooling_regression_train_001319,0
cooling_regression_train_001320,4
cooling_regression_train_001321,1
cooling_regression_train_001322,0
cooling_regression_train_001323,1
cooling_regression_train_001324,3
cooling_regression_train_001325,0
cooling_regression_train_001326,1
cooling_regression_train_001327,1
cooling_regression_train_001328,4
cooling_regression_train_001329,3
cooling_regression_train_001330,1
cooling_regression_train_001331,2
cooling_regression_train_001332,3
cooling_regression_train_001333,2
cooling_regression_train_001334,2
cooling_regression_train_001335,1
cooling_regression_train_001336,1
cooling_regression_train_001337,3
cooling_regression_train_001338,3
cooling_regression_train_001339,0
cooling_regression_train_001340,1
cooling_regression_train_001341,3
cooling_regression_train_001342,0
cooling_regression_train_001343,0
cooling_regression_train_001344,2
cooling_regression_train_001345,3
cooling_regression_train_001346,2
cooling_regression_train_001347,1
cooling_regression_train_001348,2
cooling_regression_train_001349,0
cooling_regression_train_001350,1
cooling_regression_train_001351,2
cooling_regression_train_001352,2
cooling_regression_train_001353,4
cooling_regression_train_001354,0
cooling_regression_train_001355,0
cooling_regression_train_001356,1
cooling_regression_train_001357,1
cooling_regression_train_001358,0
cooling_regression_train_001359,3
cooling_regression_train_001360,4
cooling_regression_train_001361,0
cooling_regression_train_001362,3
cooling_regression_train_001363,1
cooling_regression_train_001364,4
cooling_regression_train_001365,1
cooling_regression_train_001366,3
cooling_regression_train_001367,3
cooling_regression_train_001368,4
cooling_regression_train_001369,1
cooling_regression_train_001370,0
cooling_regression_train_001371,0
cooling_regression_train_001372,0
cooling_regression_train_001373,3
cooling_regression_train_001374,0
cooling_regression_train_001375,0
cooling_regression_train_001376,3
cooling_regression_train_001377,3
cooling_regression_train_001378,4
cooling_regression_train_001379,3
cooling_regression_train_001380,2
cooling_regression_train_001381,2
cooling_regression_train_001382,1
cooling_regression_train_001383,0
cooling_regression_train_001384,3
cooling_regression_train_001385,2
cooling_regression_train_001386,2
cooling_regression_train_001387,1
cooling_regression_train_001388,1
cooling_regression_train_001389,2
cooling_regression_train_001390,1
cooling_regression_train_001391,1
cooling_regression_train_001392,0
cooling_regression_train_001393,4
cooling_regression_train_001394,0
cooling_regression_train_001395,2
cooling_regression_train_001396,1
cooling_regression_train_001397,0
cooling_regression_train_001398,1
cooling_regression_train_001399,2
cooling_regression_train_001400,1
cooling_regression_train_001401,0
cooling_regression_train_001402,0
cooling_regression_train_001403,1
cooling_regression_train_001404,0
cooling_regression_train_001405,3
cooling_regression_train_001406,3
cooling_regression_train_001407,1
cooling_regression_train_001408,0
cooling_regression_train_001409,2
cooling_regression_train_001410,0
cooling_regression_train_001411,2
cooling_regression_train_001412,3
cooling_regression_train_001413,3
cooling_regression_train_001414,2
cooling_regression_train_001415,3
cooling_regression_train_001416,0
cooling_regression_train_001417,3
cooling_regression_train_001418,4
cooling_regression_train_001419,1
cooling_regression_train_001420,1
cooling_regression_train_001421,4
cooling_regression_train_001422,1
cooling_regression_train_001423,2
cooling_regression_train_001424,0
cooling_regression_train_001425,4
cooling_regression_train_001426,0
cooling_regression_train_001427,3
cooling_regression_train_001428,2
cooling_regression_train_001429,0
cooling_regression_train_001430,2
cooling_regression_train_001431,3
cooling_regression_train_001432,4
cooling_regression_train_001433,0
cooling_regression_train_001434,0
cooling_regression_train_001435,2
cooling_regression_train_001436,2
cooling_regression_train_001437,3
cooling_regression_train_001438,2
cooling_regression_train_001439,3
cooling_regression_train_001440,4
cooling_regression_train_001441,4
cooling_regression_train_001442,1
cooling_regression_train_001443,1
cooling_regression_train_001444,2
cooling_regression_train_001445,4
cooling_regression_train_001446,1
cooling_regression_train_001447,4
cooling_regression_train_001448,3
cooling_regression_train_001449,2
cooling_regression_train_001450,3
cooling_regression_train_001451,1
cooling_regression_train_001452,2
cooling_regression_train_001453,2
cooling_regression_train_001454,2
cooling_regression_train_001455,2
cooling_regression_train_001456,2
cooling_regression_train_001457,1
cooling_regression_train_001458,2
cooling_regression_train_001459,1
cooling_regression_train_001460,2
cooling_regression_train_001461,2
cooling_regression_train_001462,1
cooling_regression_train_001463,4
cooling_regression_train_001464,1
cooling_regression_train_001465,3
cooling_regression_train_001466,2
cooling_regression_train_001467,4
cooling_regression_train_001468,1
cooling_regression_train_001469,4
cooling_regression_train_001470,4
cooling_regression_train_001471,1
cooling_regression_train_001472,4
cooling_regression_train_001473,0
cooling_regression_train_001474,2
cooling_regression_train_001475,1
cooling_regression_train_001476,1
cooling_regression_train_001477,1
cooling_regression_train_001478,4
cooling_regression_train_001479,3
cooling_regression_train_001480,1
cooling_regression_train_001481,3
cooling_regression_train_001482,4
cooling_regression_train_001483,2
cooling_regression_train_001484,4
cooling_regression_train_001485,2
cooling_regression_train_001486,3
cooling_regression_train_001487,1
cooling_regression_train_001488,4
cooling_regression_train_001489,4
cooling_regression_train_001490,3
cooling_regression_train_001491,4
cooling_regression_train_001492,0
cooling_regression_train_001493,0
cooling_regression_train_001494,2
cooling_regression_train_001495,1
cooling_regression_train_001496,4
cooling_regression_train_001497,0
cooling_regression_train_001498,0
cooling_regression_train_001499,3
cooling_regression_train_001500,3
cooling_regression_train_001501,3
cooling_regression_train_001502,4
cooling_regression_train_001503,1
cooling_regression_train_001504,4
cooling_regression_train_001505,4
cooling_regression_train_001506,2
cooling_regression_train_001507,2
cooling_regression_train_001508,0
cooling_regression_train_001509,3
cooling_regression_train_001510,0
cooling_regression_train_001511,0
cooling_regression_train_001512,1
cooling_regression_train_001513,1
cooling_regression_train_001514,3
cooling_regression_train_001515,1
cooling_regression_train_001516,0
cooling_regression_train_001517,2
cooling_regression_train_001518,4
cooling_regression_train_001519,0
cooling_regression_train_001520,1
cooling_regression_train_001521,0
cooling_regression_train_001522,3
cooling_regression_train_001523,1
cooling_regression_train_001524,2
cooling_regression_train_001525,4
cooling_regression_train_001526,4
cooling_regression_train_001527,1
cooling_regression_train_001528,1
cooling_regression_train_001529,3
cooling_regression_train_001530,0
cooling_regression_train_001531,3
cooling_regression_train_001532,4
cooling_regression_train_001533,0
cooling_regression_train_001534,3
cooling_regression_train_001535,0
cooling_regression_train_001536,0
cooling_regression_train_001537,0
cooling_regression_train_001538,2
cooling_regression_train_001539,0
cooling_regression_train_001540,3
cooling_regression_train_001541,0
cooling_regression_train_001542,4
cooling_regression_train_001543,0
cooling_regression_train_001544,3
cooling_regression_train_001545,1
cooling_regression_train_001546,2
cooling_regression_train_001547,2
cooling_regression_train_001548,3
cooling_regression_train_001549,1
cooling_regression_train_001550,2
cooling_regression_train_001551,2
cooling_regression_train_001552,2
cooling_regression_train_001553,4
cooling_regression_train_001554,0
cooling_regression_train_001555,4
cooling_regression_train_001556,1
cooling_regression_train_001557,4
cooling_regression_train_001558,2
cooling_regression_train_001559,0
cooling_regression_train_001560,0
cooling_regression_train_001561,3
cooling_regression_train_001562,1
cooling_regression_train_001563,3
cooling_regression_train_001564,0
cooling_regression_train_001565,2
cooling_regression_train_001566,2
cooling_regression_train_001567,3
cooling_regression_train_001568,1
cooling_regression_train_001569,0
cooling_regression_train_001570,0
cooling_regression_train_001571,4
cooling_regression_train_001572,3
cooling_regression_train_001573,0
cooling_regression_train_001574,3
cooling_regression_train_001575,3
cooling_regression_train_001576,4
cooling_regression_train_001577,1
cooling_regression_train_001578,0
cooling_regression_train_001579,1
cooling_regression_train_001580,0
cooling_regression_train_001581,2
cooling_regression_train_001582,1
cooling_regression_train_001583,1
cooling_regression_train_001584,0
cooling_regression_train_001585,2
cooling_regression_train_001586,1
cooling_regression_train_001587,0
cooling_regression_train_001588,1
cooling_regression_train_001589,1
cooling_regression_train_001590,1
cooling_regression_train_001591,3
cooling_regression_train_001592,4
cooling_regression_train_001593,4
cooling_regression_train_001594,3
cooling_regression_train_001595,0
cooling_regression_train_001596,4
cooling_regression_train_001597,0
cooling_regression_train_001598,1
cooling_regression_train_001599,3
cooling_regression_train_001600,2
cooling_regression_train_001601,0
cooling_regression_train_001602,3
cooling_regression_train_001603,3
cooling_regression_train_001604,4
cooling_regression_train_001605,4
cooling_regression_train_001606,1
cooling_regression_train_001607,3
cooling_regression_train_001608,0
cooling_regression_train_001609,2
cooling_regression_train_001610,1
cooling_regression_train_001611,2
cooling_regression_train_001612,0
cooling_regression_train_001613,3
cooling_regression_train_001614,0
cooling_regression_train_001615,0
cooling_regression_train_001616,4
cooling_regression_train_001617,0
cooling_regression_train_001618,4
cooling_regression_train_001619,3
cooling_regression_train_001620,3
cooling_regression_train_001621,4
cooling_regression_train_001622,1
cooling_regression_train_001623,4
cooling_regression_train_001624,1
cooling_regression_train_001625,1
cooling_regression_train_001626,3
cooling_regression_train_001627,3
cooling_regression_train_001628,3
cooling_regression_train_001629,3
cooling_regression_train_001630,0
cooling_regression_train_001631,0
cooling_regression_train_001632,3
cooling_regression_train_001633,2
cooling_regression_train_001634,2
cooling_regression_train_001635,0
cooling_regression_train_001636,2
cooling_regression_train_001637,0
cooling_regression_train_001638,2
cooling_regression_train_001639,4
cooling_regression_train_001640,3
cooling_regression_train_001641,3
cooling_regression_train_001642,1
cooling_regression_train_001643,0
cooling_regression_train_001644,0
cooling_regression_train_001645,3
cooling_regression_train_001646,2
cooling_regression_train_001647,4
cooling_regression_train_001648,4
cooling_regression_train_001649,3
cooling_regression_train_001650,1
cooling_regression_train_001651,0
cooling_regression_train_001652,0
cooling_regression_train_001653,0
cooling_regression_train_001654,1
cooling_regression_train_001655,1
cooling_regression_train_001656,0
cooling_regression_train_001657,3
cooling_regression_train_001658,1
cooling_regression_train_001659,1
cooling_regression_train_001660,2
cooling_regression_train_001661,2
cooling_regression_train_001662,2
cooling_regression_train_001663,0
cooling_regression_train_001664,1
cooling_regression_train_001665,2
cooling_regression_train_001666,2
cooling_regression_train_001667,0
cooling_regression_train_001668,3
cooling_regression_train_001669,1
cooling_regression_train_001670,2
cooling_regression_train_001671,2
cooling_regression_train_001672,3
cooling_regression_train_001673,0
cooling_regression_train_001674,0
cooling_regression_train_001675,1
cooling_regression_train_001676,0
cooling_regression_train_001677,1
cooling_regression_train_001678,3
cooling_regression_train_001679,0
cooling_regression_train_001680,3
cooling_regression_train_001681,3
cooling_regression_train_001682,2
cooling_regression_train_001683,4
cooling_regression_train_001684,4
cooling_regression_train_001685,4
cooling_regression_train_001686,1
cooling_regression_train_001687,2
cooling_regression_train_001688,3
cooling_regression_train_001689,4
cooling_regression_train_001690,2
cooling_regression_train_001691,1
cooling_regression_train_001692,3
cooling_regression_train_001693,1
cooling_regression_train_001694,2
cooling_regression_train_001695,1
cooling_regression_train_001696,1
cooling_regression_train_001697,2
cooling_regression_train_001698,1
cooling_regression_train_001699,1
cooling_regression_train_001700,4
cooling_regression_train_001701,2
cooling_regression_train_001702,0
cooling_regression_train_001703,4
cooling_regression_train_001704,1
cooling_regression_train_001705,4
cooling_regression_train_001706,1
cooling_regression_train_001707,0
cooling_regression_train_001708,0
cooling_regression_train_001709,0
cooling_regression_train_001710,1
cooling_regression_train_001711,1
cooling_regression_train_001712,1
cooling_regression_train_001713,2
cooling_regression_train_001714,3
cooling_regression_train_001715,0
cooling_regression_train_001716,4
cooling_regression_train_001717,2
cooling_regression_train_001718,4
cooling_regression_train_001719,4
cooling_regression_train_001720,4
cooling_regression_train_001721,3
cooling_regression_train_001722,1
cooling_regression_train_001723,3
cooling_regression_train_001724,2
cooling_regression_train_001725,0
cooling_regression_train_001726,4
cooling_regression_train_001727,1
cooling_regression_train_001728,2
cooling_regression_train_001729,2
cooling_regression_train_001730,0
cooling_regression_train_001731,2
cooling_regression_train_001732,0
cooling_regression_train_001733,4
cooling_regression_train_001734,1
cooling_regression_train_001735,4
cooling_regression_train_001736,4
cooling_regression_train_001737,2
cooling_regression_train_001738,1
cooling_regression_train_001739,2
cooling_regression_train_001740,1
cooling_regression_train_001741,1
cooling_regression_train_001742,1
cooling_regression_train_001743,2
cooling_regression_train_001744,0
cooling_regression_train_001745,1
cooling_regression_train_001746,2
cooling_regression_train_001747,3
cooling_regression_train_001748,1
cooling_regression_train_001749,1
cooling_regression_train_001750,4
cooling_regression_train_001751,3
cooling_regression_train_001752,0
cooling_regression_train_001753,4
cooling_regression_train_001754,2
cooling_regression_train_001755,3
cooling_regression_train_001756,1
cooling_regression_train_001757,2
cooling_regression_train_001758,1
cooling_regression_train_001759,2
cooling_regression_train_001760,2
cooling_regression_train_001761,4
cooling_regression_train_001762,1
cooling_regression_train_001763,1
cooling_regression_train_001764,0
cooling_regression_train_001765,4
cooling_regression_train_001766,1
cooling_regression_train_001767,4
cooling_regression_train_001768,1
cooling_regression_train_001769,2
cooling_regression_train_001770,3
cooling_regression_train_001771,2
cooling_regression_train_001772,1
cooling_regression_train_001773,0
cooling_regression_train_001774,4
cooling_regression_train_001775,1
cooling_regression_train_001776,1
cooling_regression_train_001777,2
cooling_regression_train_001778,4
cooling_regression_train_001779,4
cooling_regression_train_001780,3
cooling_regression_train_001781,3
cooling_regression_train_001782,4
cooling_regression_train_001783,1
cooling_regression_train_001784,2
cooling_regression_train_001785,4
cooling_regression_train_001786,4
cooling_regression_train_001787,0
cooling_regression_train_001788,3
cooling_regression_train_001789,2
cooling_regression_train_001790,1
cooling_regression_train_001791,4
cooling_regression_train_001792,2
cooling_regression_train_001793,3
cooling_regression_train_001794,3
cooling_regression_train_001795,0
cooling_regression_train_001796,2
cooling_regression_train_001797,2
cooling_regression_train_001798,0
cooling_regression_train_001799,2
cooling_regression_train_001800,0
cooling_regression_train_001801,3
cooling_regression_train_001802,4
cooling_regression_train_001803,1
cooling_regression_train_001804,4
cooling_regression_train_001805,2
cooling_regression_train_001806,2
cooling_regression_train_001807,2
cooling_regression_train_001808,4
cooling_regression_train_001809,1
cooling_regression_train_001810,3
cooling_regression_train_001811,2
cooling_regression_train_001812,2
cooling_regression_train_001813,2
cooling_regression_train_001814,1
cooling_regression_train_001815,4
cooling_regression_train_001816,4
cooling_regression_train_001817,3
cooling_regression_train_001818,0
cooling_regression_train_001819,0
cooling_regression_train_001820,3
cooling_regression_train_001821,1
cooling_regression_train_001822,3
cooling_regression_train_001823,3
cooling_regression_train_001824,2
cooling_regression_train_001825,3
cooling_regression_train_001826,0
cooling_regression_train_001827,0
cooling_regression_train_001828,3
cooling_regression_train_001829,0
cooling_regression_train_001830,0
cooling_regression_train_001831,0
cooling_regression_train_001832,4
cooling_regression_train_001833,1
cooling_regression_train_001834,1
cooling_regression_train_001835,4
cooling_regression_train_001836,1
cooling_regression_train_001837,1
cooling_regression_train_001838,3
cooling_regression_train_001839,4
cooling_regression_train_001840,3
cooling_regression_train_001841,0
cooling_regression_train_001842,0
cooling_regression_train_001843,1
cooling_regression_train_001844,1
cooling_regression_train_001845,3
cooling_regression_train_001846,2
cooling_regression_train_001847,4
cooling_regression_train_001848,2
cooling_regression_train_001849,2
cooling_regression_train_001850,3
cooling_regression_train_001851,2
cooling_regression_train_001852,1
cooling_regression_train_001853,3
cooling_regression_train_001854,0
cooling_regression_train_001855,4
cooling_regression_train_001856,1
cooling_regression_train_001857,3
cooling_regression_train_001858,0
cooling_regression_train_001859,2
cooling_regression_train_001860,3
cooling_regression_train_001861,1
cooling_regression_train_001862,2
cooling_regression_train_001863,1
cooling_regression_train_001864,1
cooling_regression_train_001865,2
cooling_regression_train_001866,3
cooling_regression_train_001867,3
cooling_regression_train_001868,4
cooling_regression_train_001869,2
cooling_regression_train_001870,2
cooling_regression_train_001871,1
cooling_regression_train_001872,3
cooling_regression_train_001873,4
cooling_regression_train_001874,1
cooling_regression_train_001875,0
cooling_regression_train_001876,0
cooling_regression_train_001877,3
cooling_regression_train_001878,1
cooling_regression_train_001879,4
cooling_regression_train_001880,4
cooling_regression_train_001881,2
cooling_regression_train_001882,3
cooling_regression_train_001883,0
cooling_regression_train_001884,3
cooling_regression_train_001885,0
cooling_regression_train_001886,4
cooling_regression_train_001887,0
cooling_regression_train_001888,3
cooling_regression_train_001889,4
cooling_regression_train_001890,0
cooling_regression_train_001891,2
cooling_regression_train_001892,4
cooling_regression_train_001893,4
cooling_regression_train_001894,1
cooling_regression_train_001895,1
cooling_regression_train_001896,3
cooling_regression_train_001897,1
cooling_regression_train_001898,2
cooling_regression_train_001899,2
cooling_regression_train_001900,4
cooling_regression_train_001901,4
cooling_regression_train_001902,2
cooling_regression_train_001903,1
cooling_regression_train_001904,2
cooling_regression_train_001905,2
cooling_regression_train_001906,4
cooling_regression_train_001907,0
cooling_regression_train_001908,2
cooling_regression_train_001909,1
cooling_regression_train_001910,4
cooling_regression_train_001911,0
cooling_regression_train_001912,4
cooling_regression_train_001913,2
cooling_regression_train_001914,2
cooling_regression_train_001915,1
cooling_regression_train_001916,0
cooling_regression_train_001917,1
cooling_regression_train_001918,3
cooling_regression_train_001919,1
cooling_regression_train_001920,0
cooling_regression_train_001921,2
cooling_regression_train_001922,4
cooling_regression_train_001923,0
cooling_regression_train_001924,4
cooling_regression_train_001925,4
cooling_regression_train_001926,2
cooling_regression_train_001927,1
cooling_regression_train_001928,4
cooling_regression_train_001929,1
cooling_regression_train_001930,0
cooling_regression_train_001931,2
cooling_regression_train_001932,2
cooling_regression_train_001933,0
cooling_regression_train_001934,0
cooling_regression_train_001935,4
cooling_regression_train_001936,0
cooling_regression_train_001937,3
cooling_regression_train_001938,4
cooling_regression_train_001939,4
cooling_regression_train_001940,1
cooling_regression_train_001941,0
cooling_regression_train_001942,0
cooling_regression_train_001943,4
cooling_regression_train_001944,0
cooling_regression_train_001945,2
cooling_regression_train_001946,0
cooling_regression_train_001947,3
cooling_regression_train_001948,1
cooling_regression_train_001949,4
cooling_regression_train_001950,2
cooling_regression_train_001951,2
cooling_regression_train_001952,3
cooling_regression_train_001953,1
cooling_regression_train_001954,0
cooling_regression_train_001955,2
cooling_regression_train_001956,0
cooling_regression_train_001957,0
cooling_regression_train_001958,4
cooling_regression_train_001959,2
cooling_regression_train_001960,0
cooling_regression_train_001961,1
cooling_regression_train_001962,1
cooling_regression_train_001963,4
cooling_regression_train_001964,2
cooling_regression_train_001965,3
cooling_regression_train_001966,4
cooling_regression_train_001967,4
cooling_regression_train_001968,3
cooling_regression_train_001969,4
cooling_regression_train_001970,0
cooling_regression_train_001971,0
cooling_regression_train_001972,2
cooling_regression_train_001973,1
cooling_regression_train_001974,0
cooling_regression_train_001975,2
cooling_regression_train_001976,4
cooling_regression_train_001977,0
cooling_regression_train_001978,2
cooling_regression_train_001979,4
cooling_regression_train_001980,2
cooling_regression_train_001981,0
cooling_regression_train_001982,1
cooling_regression_train_001983,1
cooling_regression_train_001984,3
cooling_regression_train_001985,0
cooling_regression_train_001986,1
cooling_regression_train_001987,4
cooling_regression_train_001988,3
cooling_regression_train_001989,4
cooling_regression_train_001990,0
cooling_regression_train_001991,1
cooling_regression_train_001992,0
cooling_regression_train_001993,2
cooling_regression_train_001994,4
cooling_regression_train_001995,4
cooling_regression_train_001996,2
cooling_regression_train_001997,4
cooling_regression_train_001998,0
cooling_regression_train_001999,1
cooling_regression_train_002000,3
cooling_regression_train_002001,4
cooling_regression_train_002002,1
cooling_regression_train_002003,3
cooling_regression_train_002004,2
cooling_regression_train_002005,3
cooling_regression_train_002006,4
cooling_regression_train_002007,2
cooling_regression_train_002008,3
cooling_regression_train_002009,1
cooling_regression_train_002010,2
cooling_regression_train_002011,2
cooling_regression_train_002012,0
cooling_regression_train_002013,2
cooling_regression_train_002014,4
cooling_regression_train_002015,1
cooling_regression_train_002016,1
cooling_regression_train_002017,2
cooling_regression_train_002018,4
cooling_regression_train_002019,2
cooling_regression_train_002020,2
cooling_regression_train_002021,4
cooling_regression_train_002022,4
cooling_regression_train_002023,0
cooling_regression_train_002024,1
cooling_regression_train_002025,0
cooling_regression_train_002026,4
cooling_regression_train_002027,1
cooling_regression_train_002028,1
cooling_regression_train_002029,2
cooling_regression_train_002030,2
cooling_regression_train_002031,1
cooling_regression_train_002032,0
cooling_regression_train_002033,1
cooling_regression_train_002034,2
cooling_regression_train_002035,1
cooling_regression_train_002036,3
cooling_regression_train_002037,3
cooling_regression_train_002038,3
cooling_regression_train_002039,3
cooling_regression_train_002040,0
cooling_regression_train_002041,1
cooling_regression_train_002042,2
cooling_regression_train_002043,3
cooling_regression_train_002044,0
cooling_regression_train_002045,3
cooling_regression_train_002046,2
cooling_regression_train_002047,2
cooling_regression_train_002048,4
cooling_regression_train_002049,3
cooling_regression_train_002050,2
cooling_regression_train_002051,2
cooling_regression_train_002052,1
cooling_regression_train_002053,0
cooling_regression_train_002054,3
cooling_regression_train_002055,4
cooling_regression_train_002056,0
cooling_regression_train_002057,3
cooling_regression_train_002058,3
cooling_regression_train_002059,2
cooling_regression_train_002060,1
cooling_regression_train_002061,0
cooling_regression_train_002062,1
cooling_regression_train_002063,3
cooling_regression_train_002064,1
cooling_regression_train_002065,4
cooling_regression_train_002066,1
cooling_regression_train_002067,2
cooling_regression_train_002068,3
cooling_regression_train_002069,3
cooling_regression_train_002070,0
cooling_regression_train_002071,4
cooling_regression_train_002072,4
cooling_regression_train_002073,4
cooling_regression_train_002074,2
cooling_regression_train_002075,1
cooling_regression_train_002076,0
cooling_regression_train_002077,1
cooling_regression_train_002078,3
cooling_regression_train_002079,4
cooling_regression_train_002080,4
cooling_regression_train_002081,3
cooling_regression_train_002082,4
cooling_regression_train_002083,0
cooling_regression_train_002084,2
cooling_regression_train_002085,1
cooling_regression_train_002086,2
cooling_regression_train_002087,3
cooling_regression_train_002088,2
cooling_regression_train_002089,4
cooling_regression_train_002090,3
cooling_regression_train_002091,2
cooling_regression_train_002092,4
cooling_regression_train_002093,0
cooling_regression_train_002094,4
cooling_regression_train_002095,3
cooling_regression_train_002096,3
cooling_regression_train_002097,0
cooling_regression_train_002098,2
cooling_regression_train_002099,3
cooling_regression_train_002100,2
cooling_regression_train_002101,3
cooling_regression_train_002102,3
cooling_regression_train_002103,0
cooling_regression_train_002104,4
cooling_regression_train_002105,4
cooling_regression_train_002106,0
cooling_regression_train_002107,3
cooling_regression_train_002108,1
cooling_regression_train_002109,2
cooling_regression_train_002110,1
cooling_regression_train_002111,3
cooling_regression_train_002112,1
cooling_regression_train_002113,3
cooling_regression_train_002114,3
cooling_regression_train_002115,1
cooling_regression_train_002116,0
cooling_regression_train_002117,4
cooling_regression_train_002118,2
cooling_regression_train_002119,0
cooling_regression_train_002120,4
cooling_regression_train_002121,2
cooling_regression_train_002122,0
cooling_regression_train_002123,0
cooling_regression_train_002124,2
cooling_regression_train_002125,4
cooling_regression_train_002126,1
cooling_regression_train_002127,4
cooling_regression_train_002128,2
cooling_regression_train_002129,2
cooling_regression_train_002130,0
cooling_regression_train_002131,1
cooling_regression_train_002132,4
cooling_regression_train_002133,1
cooling_regression_train_002134,2
cooling_regression_train_002135,4
cooling_regression_train_002136,2
cooling_regression_train_002137,3
cooling_regression_train_002138,4
cooling_regression_train_002139,2
cooling_regression_train_002140,0
cooling_regression_train_002141,2
cooling_regression_train_002142,2
cooling_regression_train_002143,0
cooling_regression_train_002144,1
cooling_regression_train_002145,1
cooling_regression_train_002146,0
cooling_regression_train_002147,4
cooling_regression_train_002148,4
cooling_regression_train_002149,4
cooling_regression_train_002150,3
cooling_regression_train_002151,4
cooling_regression_train_002152,3
cooling_regression_train_002153,3
cooling_regression_train_002154,1
cooling_regression_train_002155,2
cooling_regression_train_002156,4
cooling_regression_train_002157,2
cooling_regression_train_002158,3
cooling_regression_train_002159,4
cooling_regression_train_002160,1
cooling_regression_train_002161,4
cooling_regression_train_002162,2
cooling_regression_train_002163,2
cooling_regression_train_002164,0
cooling_regression_train_002165,0
cooling_regression_train_002166,3
cooling_regression_train_002167,2
cooling_regression_train_002168,1
cooling_regression_train_002169,4
cooling_regression_train_002170,2
cooling_regression_train_002171,2
cooling_regression_train_002172,4
cooling_regression_train_002173,1
cooling_regression_train_002174,3
cooling_regression_train_002175,4
cooling_regression_train_002176,3
cooling_regression_train_002177,1
cooling_regression_train_002178,3
cooling_regression_train_002179,1
cooling_regression_train_002180,4
cooling_regression_train_002181,4
cooling_regression_train_002182,2
cooling_regression_train_002183,1
cooling_regression_train_002184,1
cooling_regression_train_002185,1
cooling_regression_train_002186,0
cooling_regression_train_002187,1
cooling_regression_train_002188,0
cooling_regression_train_002189,2
cooling_regression_train_002190,3
cooling_regression_train_002191,3
cooling_regression_train_002192,4
cooling_regression_train_002193,2
cooling_regression_train_002194,1
cooling_regression_train_002195,0
cooling_regression_train_002196,2
cooling_regression_train_002197,3
cooling_regression_train_002198,1
cooling_regression_train_002199,1
cooling_regression_train_002200,1
cooling_regression_train_002201,3
cooling_regression_train_002202,1
cooling_regression_train_002203,4
cooling_regression_train_002204,2
cooling_regression_train_002205,4
cooling_regression_train_002206,1
cooling_regression_train_002207,4
cooling_regression_train_002208,2
cooling_regression_train_002209,4
cooling_regression_train_002210,0
cooling_regression_train_002211,3
cooling_regression_train_002212,2
cooling_regression_train_002213,2
cooling_regression_train_002214,1
cooling_regression_train_002215,2
cooling_regression_train_002216,0
cooling_regression_train_002217,0
cooling_regression_train_002218,4
cooling_regression_train_002219,3
cooling_regression_train_002220,2
cooling_regression_train_002221,3
cooling_regression_train_002222,2
cooling_regression_train_002223,0
cooling_regression_train_002224,2
cooling_regression_train_002225,1
cooling_regression_train_002226,3
cooling_regression_train_002227,1
cooling_regression_train_002228,4
cooling_regression_train_002229,2
cooling_regression_train_002230,1
cooling_regression_train_002231,3
cooling_regression_train_002232,2
cooling_regression_train_002233,3
cooling_regression_train_002234,0
cooling_regression_train_002235,0
cooling_regression_train_002236,2
cooling_regression_train_002237,0
cooling_regression_train_002238,3
cooling_regression_train_002239,4
cooling_regression_train_002240,3
cooling_regression_train_002241,0
cooling_regression_train_002242,0
cooling_regression_train_002243,4
cooling_regression_train_002244,3
cooling_regression_train_002245,3
cooling_regression_train_002246,4
cooling_regression_train_002247,0
cooling_regression_train_002248,1
cooling_regression_train_002249,3
cooling_regression_train_002250,3
cooling_regression_train_002251,0
cooling_regression_train_002252,1
cooling_regression_train_002253,3
cooling_regression_train_002254,3
cooling_regression_train_002255,3
cooling_regression_train_002256,1
cooling_regression_train_002257,0
cooling_regression_train_002258,1
cooling_regression_train_002259,0
cooling_regression_train_002260,1
cooling_regression_train_002261,2
cooling_regression_train_002262,4
cooling_regression_train_002263,3
cooling_regression_train_002264,1
cooling_regression_train_002265,3
cooling_regression_train_002266,2
cooling_regression_train_002267,0
cooling_regression_train_002268,2
cooling_regression_train_002269,2
cooling_regression_train_002270,0
cooling_regression_train_002271,4
cooling_regression_train_002272,0
cooling_regression_train_002273,1
cooling_regression_train_002274,0
cooling_regression_train_002275,0
cooling_regression_train_002276,3
cooling_regression_train_002277,4
cooling_regression_train_002278,2
cooling_regression_train_002279,0
cooling_regression_train_002280,3
cooling_regression_train_002281,4
cooling_regression_train_002282,3
cooling_regression_train_002283,3
cooling_regression_train_002284,1
cooling_regression_train_002285,1
cooling_regression_train_002286,0
cooling_regression_train_002287,1
cooling_regression_train_002288,2
cooling_regression_train_002289,4
cooling_regression_train_002290,2
cooling_regression_train_002291,2
cooling_regression_train_002292,4
cooling_regression_train_002293,0
cooling_regression_train_002294,0
cooling_regression_train_002295,4
cooling_regression_train_002296,1
cooling_regression_train_002297,2
cooling_regression_train_002298,2
cooling_regression_train_002299,2
cooling_regression_train_002300,3
cooling_regression_train_002301,2
cooling_regression_train_002302,1
cooling_regression_train_002303,3
cooling_regression_train_002304,0
cooling_regression_train_002305,4
cooling_regression_train_002306,3
cooling_regression_train_002307,1
cooling_regression_train_002308,2
cooling_regression_train_002309,1
cooling_regression_train_002310,4
cooling_regression_train_002311,0
cooling_regression_train_002312,2
cooling_regression_train_002313,4
cooling_regression_train_002314,4
cooling_regression_train_002315,1
cooling_regression_train_002316,4
cooling_regression_train_002317,4
cooling_regression_train_002318,2
cooling_regression_train_002319,0
cooling_regression_train_002320,1
cooling_regression_train_002321,0
cooling_regression_train_002322,1
cooling_regression_train_002323,0
cooling_regression_train_002324,1
cooling_regression_train_002325,2
cooling_regression_train_002326,1
cooling_regression_train_002327,3
cooling_regression_train_002328,2
cooling_regression_train_002329,3
cooling_regression_train_002330,0
cooling_regression_train_002331,1
cooling_regression_train_002332,0
cooling_regression_train_002333,0
cooling_regression_train_002334,1
cooling_regression_train_002335,1
cooling_regression_train_002336,1
cooling_regression_train_002337,1
cooling_regression_train_002338,1
cooling_regression_train_002339,3
cooling_regression_train_002340,3
cooling_regression_train_002341,1
cooling_regression_train_002342,4
cooling_regression_train_002343,0
cooling_regression_train_002344,0
cooling_regression_train_002345,1
cooling_regression_train_002346,1
cooling_regression_train_002347,4
cooling_regression_train_002348,1
cooling_regression_train_002349,4
cooling_regression_train_002350,0
cooling_regression_train_002351,0
cooling_regression_train_002352,4
cooling_regression_train_002353,0
cooling_regression_train_002354,2
cooling_regression_train_002355,2
cooling_regression_train_002356,2
cooling_regression_train_002357,0
cooling_regression_train_002358,3
cooling_regression_train_002359,3
cooling_regression_train_002360,2
cooling_regression_train_002361,1
cooling_regression_train_002362,2
cooling_regression_train_002363,2
cooling_regression_train_002364,0
cooling_regression_train_002365,0
cooling_regression_train_002366,2
cooling_regression_train_002367,0
cooling_regression_train_002368,4
cooling_regression_train_002369,1
cooling_regression_train_002370,2
cooling_regression_train_002371,4
cooling_regression_train_002372,1
cooling_regression_train_002373,3
cooling_regression_train_002374,4
cooling_regression_train_002375,1
cooling_regression_train_002376,1
cooling_regression_train_002377,2
cooling_regression_train_002378,4
cooling_regression_train_002379,0
cooling_regression_train_002380,3
cooling_regression_train_002381,2
cooling_regression_train_002382,3
cooling_regression_train_002383,3
cooling_regression_train_002384,4
cooling_regression_train_002385,1
cooling_regression_train_002386,4
cooling_regression_train_002387,3
cooling_regression_train_002388,4
cooling_regression_train_002389,3
cooling_regression_train_002390,4
cooling_regression_train_002391,2
cooling_regression_train_002392,3
cooling_regression_train_002393,0
cooling_regression_train_002394,0
cooling_regression_train_002395,2
cooling_regression_train_002396,0
cooling_regression_train_002397,3
cooling_regression_train_002398,0
cooling_regression_train_002399,0
cooling_regression_train_002400,0
cooling_regression_train_002401,0
cooling_regression_train_002402,0
cooling_regression_train_002403,1
cooling_regression_train_002404,0
cooling_regression_train_002405,4
cooling_regression_train_002406,2
cooling_regression_train_002407,0
cooling_regression_train_002408,3
cooling_regression_train_002409,2
cooling_regression_train_002410,3
cooling_regression_train_002411,3
cooling_regression_train_002412,0
cooling_regression_train_002413,1
cooling_regression_train_002414,1
cooling_regression_train_002415,2
cooling_regression_train_002416,1
cooling_regression_train_002417,4
cooling_regression_train_002418,3
cooling_regression_train_002419,2
cooling_regression_train_002420,1
cooling_regression_train_002421,3
cooling_regression_train_002422,3
cooling_regression_train_002423,4
cooling_regression_train_002424,4
cooling_regression_train_002425,2
cooling_regression_train_002426,1
cooling_regression_train_002427,4
cooling_regression_train_002428,2
cooling_regression_train_002429,2
cooling_regression_train_002430,2
cooling_regression_train_002431,3
cooling_regression_train_002432,4
cooling_regression_train_002433,1
cooling_regression_train_002434,4
cooling_regression_train_002435,2
cooling_regression_train_002436,1
cooling_regression_train_002437,2
cooling_regression_train_002438,4
cooling_regression_train_002439,2
cooling_regression_train_002440,3
cooling_regression_train_002441,0
cooling_regression_train_002442,2
cooling_regression_train_002443,1
cooling_regression_train_002444,1
cooling_regression_train_002445,3
cooling_regression_train_002446,4
cooling_regression_train_002447,2
cooling_regression_train_002448,1
cooling_regression_train_002449,3
cooling_regression_train_002450,4
cooling_regression_train_002451,4
cooling_regression_train_002452,0
cooling_regression_train_002453,4
cooling_regression_train_002454,2
cooling_regression_train_002455,4
cooling_regression_train_002456,4
cooling_regression_train_002457,1
cooling_regression_train_002458,1
cooling_regression_train_002459,0
cooling_regression_train_002460,0
cooling_regression_train_002461,2
cooling_regression_train_002462,0
cooling_regression_train_002463,0
cooling_regression_train_002464,2
cooling_regression_train_002465,1
cooling_regression_train_002466,3
cooling_regression_train_002467,1
cooling_regression_train_002468,1
cooling_regression_train_002469,0
cooling_regression_train_002470,1
cooling_regression_train_002471,3
cooling_regression_train_002472,4
cooling_regression_train_002473,1
cooling_regression_train_002474,0
cooling_regression_train_002475,4
cooling_regression_train_002476,3
cooling_regression_train_002477,3
cooling_regression_train_002478,2
cooling_regression_train_002479,4
cooling_regression_train_002480,1
cooling_regression_train_002481,3
cooling_regression_train_002482,0
cooling_regression_train_002483,3
cooling_regression_train_002484,2
cooling_regression_train_002485,1
cooling_regression_train_002486,4
cooling_regression_train_002487,2
cooling_regression_train_002488,0
cooling_regression_train_002489,2
cooling_regression_train_002490,4
cooling_regression_train_002491,1
cooling_regression_train_002492,4
cooling_regression_train_002493,1
cooling_regression_train_002494,3
cooling_regression_train_002495,0
cooling_regression_train_002496,0
cooling_regression_train_002497,3
cooling_regression_train_002498,4
cooling_regression_train_002499,1
cooling_regression_train_002500,1
cooling_regression_train_002501,2
cooling_regression_train_002502,4
cooling_regression_train_002503,4
cooling_regression_train_002504,1
cooling_regression_train_002505,4
cooling_regression_train_002506,4
cooling_regression_train_002507,2
cooling_regression_train_002508,2
cooling_regression_train_002509,4
cooling_regression_train_002510,0
cooling_regression_train_002511,4
cooling_regression_train_002512,0
cooling_regression_train_002513,0
cooling_regression_train_002514,4
cooling_regression_train_002515,4
cooling_regression_train_002516,4
cooling_regression_train_002517,4
cooling_regression_train_002518,2
cooling_regression_train_002519,0
cooling_regression_train_002520,0
cooling_regression_train_002521,4
cooling_regression_train_002522,1
cooling_regression_train_002523,2
cooling_regression_train_002524,0
cooling_regression_train_002525,1
cooling_regression_train_002526,2
cooling_regression_train_002527,3
cooling_regression_train_002528,1
cooling_regression_train_002529,4
cooling_regression_train_002530,1
cooling_regression_train_002531,3
cooling_regression_train_002532,4
cooling_regression_train_002533,4
cooling_regression_train_002534,0
cooling_regression_train_002535,1
cooling_regression_train_002536,2
cooling_regression_train_002537,0
cooling_regression_train_002538,3
cooling_regression_train_002539,0
cooling_regression_train_002540,2
cooling_regression_train_002541,3
cooling_regression_train_002542,2
cooling_regression_train_002543,3
cooling_regression_train_002544,1
cooling_regression_train_002545,4
cooling_regression_train_002546,0
cooling_regression_train_002547,1
cooling_regression_train_002548,0
cooling_regression_train_002549,3
cooling_regression_train_002550,2
cooling_regression_train_002551,2
cooling_regression_train_002552,3
cooling_regression_train_002553,3
cooling_regression_train_002554,2
cooling_regression_train_002555,2
cooling_regression_train_002556,4
cooling_regression_train_002557,1
cooling_regression_train_002558,2
cooling_regression_train_002559,1
cooling_regression_train_002560,4
cooling_regression_train_002561,3
cooling_regression_train_002562,1
cooling_regression_train_002563,1
cooling_regression_train_002564,0
cooling_regression_train_002565,0
cooling_regression_train_002566,2
cooling_regression_train_002567,4
cooling_regression_train_002568,2
cooling_regression_train_002569,4
cooling_regression_train_002570,3
cooling_regression_train_002571,1
cooling_regression_train_002572,1
cooling_regression_train_002573,0
cooling_regression_train_002574,3
cooling_regression_train_002575,0
cooling_regression_train_002576,1
cooling_regression_train_002577,3
cooling_regression_train_002578,4
cooling_regression_train_002579,1
cooling_regression_train_002580,3
cooling_regression_train_002581,4
cooling_regression_train_002582,0
cooling_regression_train_002583,3
cooling_regression_train_002584,2
cooling_regression_train_002585,3
cooling_regression_train_002586,2
cooling_regression_train_002587,4
cooling_regression_train_002588,4
cooling_regression_train_002589,0
cooling_regression_train_002590,4
cooling_regression_train_002591,2
cooling_regression_train_002592,2
cooling_regression_train_002593,1
cooling_regression_train_002594,0
cooling_regression_train_002595,2
cooling_regression_train_002596,3
cooling_regression_train_002597,0
cooling_regression_train_002598,4
cooling_regression_train_002599,4
cooling_regression_train_002600,1
cooling_regression_train_002601,2
cooling_regression_train_002602,0
cooling_regression_train_002603,0
cooling_regression_train_002604,3
cooling_regression_train_002605,0
cooling_regression_train_002606,2
cooling_regression_train_002607,2
cooling_regression_train_002608,1
cooling_regression_train_002609,0
cooling_regression_train_002610,4
cooling_regression_train_002611,2
cooling_regression_train_002612,4
cooling_regression_train_002613,0
cooling_regression_train_002614,2
cooling_regression_train_002615,1
cooling_regression_train_002616,4
cooling_regression_train_002617,1
cooling_regression_train_002618,3
cooling_regression_train_002619,3
cooling_regression_train_002620,1
cooling_regression_train_002621,2
cooling_regression_train_002622,2
cooling_regression_train_002623,3
cooling_regression_train_002624,3
cooling_regression_train_002625,3
cooling_regression_train_002626,4
cooling_regression_train_002627,1
cooling_regression_train_002628,2
cooling_regression_train_002629,4
cooling_regression_train_002630,2
cooling_regression_train_002631,2
cooling_regression_train_002632,2
cooling_regression_train_002633,4
cooling_regression_train_002634,3
cooling_regression_train_002635,2
cooling_regression_train_002636,0
cooling_regression_train_002637,0
cooling_regression_train_002638,1
cooling_regression_train_002639,3
cooling_regression_train_002640,1
cooling_regression_train_002641,0
cooling_regression_train_002642,2
cooling_regression_train_002643,1
cooling_regression_train_002644,1
cooling_regression_train_002645,2
cooling_regression_train_002646,2
cooling_regression_train_002647,2
cooling_regression_train_002648,0
cooling_regression_train_002649,3
cooling_regression_train_002650,1
cooling_regression_train_002651,1
cooling_regression_train_002652,0
cooling_regression_train_002653,0
cooling_regression_train_002654,3
cooling_regression_train_002655,1
cooling_regression_train_002656,0
cooling_regression_train_002657,4
cooling_regression_train_002658,2
cooling_regression_train_002659,2
cooling_regression_train_002660,3
cooling_regression_train_002661,4
cooling_regression_train_002662,1
cooling_regression_train_002663,3
cooling_regression_train_002664,1
cooling_regression_train_002665,1
cooling_regression_train_002666,0
cooling_regression_train_002667,3
cooling_regression_train_002668,0
cooling_regression_train_002669,1
cooling_regression_train_002670,2
cooling_regression_train_002671,4
cooling_regression_train_002672,2
cooling_regression_train_002673,3
cooling_regression_train_002674,3
cooling_regression_train_002675,3
cooling_regression_train_002676,1
cooling_regression_train_002677,1
cooling_regression_train_002678,1
cooling_regression_train_002679,1
cooling_regression_train_002680,3
cooling_regression_train_002681,0
cooling_regression_train_002682,4
cooling_regression_train_002683,1
cooling_regression_train_002684,1
cooling_regression_train_002685,4
cooling_regression_train_002686,2
cooling_regression_train_002687,0
cooling_regression_train_002688,2
cooling_regression_train_002689,4
cooling_regression_train_002690,2
cooling_regression_train_002691,2
cooling_regression_train_002692,4
cooling_regression_train_002693,1
cooling_regression_train_002694,2
cooling_regression_train_002695,2
cooling_regression_train_002696,0
cooling_regression_train_002697,2
cooling_regression_train_002698,0
cooling_regression_train_002699,4
cooling_regression_train_002700,4
cooling_regression_train_002701,4
cooling_regression_train_002702,4
cooling_regression_train_002703,4
cooling_regression_train_002704,3
cooling_regression_train_002705,3
cooling_regression_train_002706,3
cooling_regression_train_002707,0
cooling_regression_train_002708,2
cooling_regression_train_002709,2
cooling_regression_train_002710,1
cooling_regression_train_002711,3
cooling_regression_train_002712,3
cooling_regression_train_002713,1
cooling_regression_train_002714,0
cooling_regression_train_002715,0
cooling_regression_train_002716,0
cooling_regression_train_002717,3
cooling_regression_train_002718,4
cooling_regression_train_002719,2
cooling_regression_train_002720,3
cooling_regression_train_002721,3
cooling_regression_train_002722,1
cooling_regression_train_002723,3
cooling_regression_train_002724,4
cooling_regression_train_002725,4
cooling_regression_train_002726,0
cooling_regression_train_002727,0
cooling_regression_train_002728,2
cooling_regression_train_002729,3
cooling_regression_train_002730,1
cooling_regression_train_002731,0
cooling_regression_train_002732,2
cooling_regression_train_002733,2
cooling_regression_train_002734,1
cooling_regression_train_002735,0
cooling_regression_train_002736,0
cooling_regression_train_002737,3
cooling_regression_train_002738,0
cooling_regression_train_002739,2
cooling_regression_train_002740,1
cooling_regression_train_002741,2
cooling_regression_train_002742,3
cooling_regression_train_002743,1
cooling_regression_train_002744,2
cooling_regression_train_002745,3
cooling_regression_train_002746,4
cooling_regression_train_002747,0
cooling_regression_train_002748,4
cooling_regression_train_002749,0
cooling_regression_train_002750,1
cooling_regression_train_002751,1
cooling_regression_train_002752,3
cooling_regression_train_002753,3
cooling_regression_train_002754,3
cooling_regression_train_002755,0
cooling_regression_train_002756,3
cooling_regression_train_002757,1
cooling_regression_train_002758,1
cooling_regression_train_002759,3
cooling_regression_train_002760,3
cooling_regression_train_002761,1
cooling_regression_train_002762,4
cooling_regression_train_002763,1
cooling_regression_train_002764,3
cooling_regression_train_002765,3
cooling_regression_train_002766,3
cooling_regression_train_002767,4
cooling_regression_train_002768,4
cooling_regression_train_002769,1
cooling_regression_train_002770,2
cooling_regression_train_002771,0
cooling_regression_train_002772,2
cooling_regression_train_002773,0
cooling_regression_train_002774,3
cooling_regression_train_002775,3
cooling_regression_train_002776,4
cooling_regression_train_002777,4
cooling_regression_train_002778,0
cooling_regression_train_002779,0
cooling_regression_train_002780,2
cooling_regression_train_002781,1
cooling_regression_train_002782,3
cooling_regression_train_002783,3
cooling_regression_train_002784,4
cooling_regression_train_002785,2
cooling_regression_train_002786,1
cooling_regression_train_002787,2
cooling_regression_train_002788,2
cooling_regression_train_002789,1
cooling_regression_train_002790,3
cooling_regression_train_002791,2
cooling_regression_train_002792,3
cooling_regression_train_002793,4
cooling_regression_train_002794,3
cooling_regression_train_002795,2
cooling_regression_train_002796,3
cooling_regression_train_002797,1
cooling_regression_train_002798,2
cooling_regression_train_002799,0
cooling_regression_train_002800,3
cooling_regression_train_002801,0
cooling_regression_train_002802,4
cooling_regression_train_002803,3
cooling_regression_train_002804,0
cooling_regression_train_002805,0
cooling_regression_train_002806,1
cooling_regression_train_002807,0
cooling_regression_train_002808,2
cooling_regression_train_002809,1
cooling_regression_train_002810,3
cooling_regression_train_002811,0
cooling_regression_train_002812,2
cooling_regression_train_002813,0
cooling_regression_train_002814,1
cooling_regression_train_002815,3
cooling_regression_train_002816,1
cooling_regression_train_002817,0
cooling_regression_train_002818,0
cooling_regression_train_002819,2
cooling_regression_train_002820,4
cooling_regression_train_002821,4
cooling_regression_train_002822,2
cooling_regression_train_002823,4
cooling_regression_train_002824,4
cooling_regression_train_002825,0
cooling_regression_train_002826,0
cooling_regression_train_002827,0
cooling_regression_train_002828,3
cooling_regression_train_002829,1
cooling_regression_train_002830,1
cooling_regression_train_002831,4
cooling_regression_train_002832,1
cooling_regression_train_002833,2
cooling_regression_train_002834,3
cooling_regression_train_002835,4
cooling_regression_train_002836,3
cooling_regression_train_002837,0
cooling_regression_train_002838,3
cooling_regression_train_002839,4
cooling_regression_train_002840,1
cooling_regression_train_002841,4
cooling_regression_train_002842,3
cooling_regression_train_002843,2
cooling_regression_train_002844,3
cooling_regression_train_002845,3
cooling_regression_train_002846,2
cooling_regression_train_002847,4
cooling_regression_train_002848,3
cooling_regression_train_002849,1
cooling_regression_train_002850,2
cooling_regression_train_002851,0
cooling_regression_train_002852,4
cooling_regression_train_002853,3
cooling_regression_train_002854,0
cooling_regression_train_002855,4
cooling_regression_train_002856,0
cooling_regression_train_002857,3
cooling_regression_train_002858,2
cooling_regression_train_002859,3
cooling_regression_train_002860,1
cooling_regression_train_002861,0
cooling_regression_train_002862,0
cooling_regression_train_002863,1
cooling_regression_train_002864,1
cooling_regression_train_002865,4
cooling_regression_train_002866,0
cooling_regression_train_002867,1
cooling_regression_train_002868,0
cooling_regression_train_002869,1
cooling_regression_train_002870,1
cooling_regression_train_002871,2
cooling_regression_train_002872,0
cooling_regression_train_002873,3
cooling_regression_train_002874,1
cooling_regression_train_002875,3
cooling_regression_train_002876,0
cooling_regression_train_002877,1
cooling_regression_train_002878,4
cooling_regression_train_002879,0
cooling_regression_train_002880,4
cooling_regression_train_002881,4
cooling_regression_train_002882,3
cooling_regression_train_002883,1
cooling_regression_train_002884,1
cooling_regression_train_002885,3
cooling_regression_train_002886,2
cooling_regression_train_002887,2
cooling_regression_train_002888,0
cooling_regression_train_002889,2
cooling_regression_train_002890,4
cooling_regression_train_002891,1
cooling_regression_train_002892,2
cooling_regression_train_002893,4
cooling_regression_train_002894,2
cooling_regression_train_002895,1
cooling_regression_train_002896,0
cooling_regression_train_002897,4
cooling_regression_train_002898,1
cooling_regression_train_002899,2
cooling_regression_train_002900,2
cooling_regression_train_002901,3
cooling_regression_train_002902,1
cooling_regression_train_002903,4
cooling_regression_train_002904,4
cooling_regression_train_002905,4
cooling_regression_train_002906,3
cooling_regression_train_002907,2
cooling_regression_train_002908,0
cooling_regression_train_002909,2
cooling_regression_train_002910,2
cooling_regression_train_002911,2
cooling_regression_train_002912,1
cooling_regression_train_002913,0
cooling_regression_train_002914,3
cooling_regression_train_002915,2
cooling_regression_train_002916,3
cooling_regression_train_002917,3
cooling_regression_train_002918,3
cooling_regression_train_002919,0
cooling_regression_train_002920,2
cooling_regression_train_002921,3
cooling_regression_train_002922,4
cooling_regression_train_002923,1
cooling_regression_train_002924,0
cooling_regression_train_002925,0
cooling_regression_train_002926,0
cooling_regression_train_002927,3
cooling_regression_train_002928,1
cooling_regression_train_002929,2
cooling_regression_train_002930,2
cooling_regression_train_002931,3
cooling_regression_train_002932,1
cooling_regression_train_002933,0
cooling_regression_train_002934,0
cooling_regression_train_002935,3
cooling_regression_train_002936,1
cooling_regression_train_002937,2
cooling_regression_train_002938,4
cooling_regression_train_002939,3
cooling_regression_train_002940,4
cooling_regression_train_002941,4
cooling_regression_train_002942,2
cooling_regression_train_002943,2
cooling_regression_train_002944,1
cooling_regression_train_002945,1
cooling_regression_train_002946,1
cooling_regression_train_002947,3
cooling_regression_train_002948,1
cooling_regression_train_002949,3
cooling_regression_train_002950,2
cooling_regression_train_002951,2
cooling_regression_train_002952,4
cooling_regression_train_002953,2
cooling_regression_train_002954,2
cooling_regression_train_002955,2
cooling_regression_train_002956,1
cooling_regression_train_002957,3
cooling_regression_train_002958,3
cooling_regression_train_002959,3
cooling_regression_train_002960,1
cooling_regression_train_002961,1
cooling_regression_train_002962,0
cooling_regression_train_002963,4
cooling_regression_train_002964,3
cooling_regression_train_002965,1
cooling_regression_train_002966,2
cooling_regression_train_002967,3
cooling_regression_train_002968,1
cooling_regression_train_002969,0
cooling_regression_train_002970,0
cooling_regression_train_002971,0
cooling_regression_train_002972,3
cooling_regression_train_002973,0
cooling_regression_train_002974,3
cooling_regression_train_002975,1
cooling_regression_train_002976,2
cooling_regression_train_002977,4
cooling_regression_train_002978,4
cooling_regression_train_002979,4
cooling_regression_train_002980,4
cooling_regression_train_002981,4
cooling_regression_train_002982,2
cooling_regression_train_002983,1
cooling_regression_train_002984,1
cooling_regression_train_002985,3
cooling_regression_train_002986,3
cooling_regression_train_002987,1
cooling_regression_train_002988,3
cooling_regression_train_002989,2
cooling_regression_train_002990,0
cooling_regression_train_002991,0
cooling_regression_train_002992,1
cooling_regression_train_002993,2
cooling_regression_train_002994,1
cooling_regression_train_002995,3
cooling_regression_train_002996,0
cooling_regression_train_002997,2
cooling_regression_train_002998,0
cooling_regression_train_002999,1
cooling_regression_train_003000,0
cooling_regression_train_003001,1
cooling_regression_train_003002,0
cooling_regression_train_003003,2
cooling_regression_train_003004,1
cooling_regression_train_003005,3
cooling_regression_train_003006,3
cooling_regression_train_003007,3
cooling_regression_train_003008,1
cooling_regression_train_003009,4
cooling_regression_train_003010,3
cooling_regression_train_003011,2
cooling_regression_train_003012,2
cooling_regression_train_003013,4
cooling_regression_train_003014,1
cooling_regression_train_003015,1
cooling_regression_train_003016,0
cooling_regression_train_003017,3
cooling_regression_train_003018,1
cooling_regression_train_003019,0
cooling_regression_train_003020,1
cooling_regression_train_003021,3
cooling_regression_train_003022,1
cooling_regression_train_003023,3
cooling_regression_train_003024,2
cooling_regression_train_003025,4
cooling_regression_train_003026,1
cooling_regression_train_003027,1
cooling_regression_train_003028,2
cooling_regression_train_003029,1
cooling_regression_train_003030,3
cooling_regression_train_003031,3
cooling_regression_train_003032,3
cooling_regression_train_003033,0
cooling_regression_train_003034,3
cooling_regression_train_003035,1
cooling_regression_train_003036,4
cooling_regression_train_003037,1
cooling_regression_train_003038,0
cooling_regression_train_003039,1
cooling_regression_train_003040,1
cooling_regression_train_003041,3
cooling_regression_train_003042,1
cooling_regression_train_003043,2
cooling_regression_train_003044,1
cooling_regression_train_003045,1
cooling_regression_train_003046,3
cooling_regression_train_003047,4
cooling_regression_train_003048,0
cooling_regression_train_003049,1
cooling_regression_train_003050,2
cooling_regression_train_003051,3
cooling_regression_train_003052,0
cooling_regression_train_003053,4
cooling_regression_train_003054,0
cooling_regression_train_003055,4
cooling_regression_train_003056,4
cooling_regression_train_003057,3
cooling_regression_train_003058,1
cooling_regression_train_003059,1
cooling_regression_train_003060,2
cooling_regression_train_003061,2
cooling_regression_train_003062,0
cooling_regression_train_003063,0
cooling_regression_train_003064,3
cooling_regression_train_003065,1
cooling_regression_train_003066,4
cooling_regression_train_003067,1
cooling_regression_train_003068,3
cooling_regression_train_003069,3
cooling_regression_train_003070,2
cooling_regression_train_003071,2
cooling_regression_train_003072,2
cooling_regression_train_003073,3
cooling_regression_train_003074,3
cooling_regression_train_003075,3
cooling_regression_train_003076,1
cooling_regression_train_003077,3
cooling_regression_train_003078,3
cooling_regression_train_003079,1
cooling_regression_train_003080,0
cooling_regression_train_003081,1
cooling_regression_train_003082,4
cooling_regression_train_003083,0
cooling_regression_train_003084,0
cooling_regression_train_003085,0
cooling_regression_train_003086,2
cooling_regression_train_003087,4
cooling_regression_train_003088,1
cooling_regression_train_003089,2
cooling_regression_train_003090,1
cooling_regression_train_003091,3
cooling_regression_train_003092,0
cooling_regression_train_003093,2
cooling_regression_train_003094,3
cooling_regression_train_003095,3
cooling_regression_train_003096,2
cooling_regression_train_003097,0
cooling_regression_train_003098,2
cooling_regression_train_003099,1
cooling_regression_train_003100,3
cooling_regression_train_003101,2
cooling_regression_train_003102,1
cooling_regression_train_003103,1
cooling_regression_train_003104,3
cooling_regression_train_003105,1
cooling_regression_train_003106,2
cooling_regression_train_003107,1
cooling_regression_train_003108,1
cooling_regression_train_003109,0
cooling_regression_train_003110,2
cooling_regression_train_003111,0
cooling_regression_train_003112,2
cooling_regression_train_003113,3
cooling_regression_train_003114,1
cooling_regression_train_003115,1
cooling_regression_train_003116,1
cooling_regression_train_003117,3
cooling_regression_train_003118,4
cooling_regression_train_003119,0
cooling_regression_train_003120,3
cooling_regression_train_003121,3
cooling_regression_train_003122,1
cooling_regression_train_003123,0
cooling_regression_train_003124,4
cooling_regression_train_003125,1
cooling_regression_train_003126,0
cooling_regression_train_003127,0
cooling_regression_train_003128,3
cooling_regression_train_003129,2
cooling_regression_train_003130,3
cooling_regression_train_003131,3
cooling_regression_train_003132,2
cooling_regression_train_003133,0
cooling_regression_train_003134,1
cooling_regression_train_003135,3
cooling_regression_train_003136,0
cooling_regression_train_003137,1
cooling_regression_train_003138,1
cooling_regression_train_003139,3
cooling_regression_train_003140,1
cooling_regression_train_003141,0
cooling_regression_train_003142,4
cooling_regression_train_003143,0
cooling_regression_train_003144,3
cooling_regression_train_003145,4
cooling_regression_train_003146,1
cooling_regression_train_003147,1
cooling_regression_train_003148,2
cooling_regression_train_003149,1
cooling_regression_train_003150,3
cooling_regression_train_003151,4
cooling_regression_train_003152,0
cooling_regression_train_003153,3
cooling_regression_train_003154,3
cooling_regression_train_003155,2
cooling_regression_train_003156,3
cooling_regression_train_003157,0
cooling_regression_train_003158,3
cooling_regression_train_003159,0
cooling_regression_train_003160,4
cooling_regression_train_003161,1
cooling_regression_train_003162,0
cooling_regression_train_003163,2
cooling_regression_train_003164,2
cooling_regression_train_003165,1
cooling_regression_train_003166,0
cooling_regression_train_003167,2
cooling_regression_train_003168,0
cooling_regression_train_003169,0
cooling_regression_train_003170,3
cooling_regression_train_003171,3
cooling_regression_train_003172,4
cooling_regression_train_003173,0
cooling_regression_train_003174,4
cooling_regression_train_003175,3
cooling_regression_train_003176,4
cooling_regression_train_003177,3
cooling_regression_train_003178,3
cooling_regression_train_003179,0
cooling_regression_train_003180,3
cooling_regression_train_003181,0
cooling_regression_train_003182,0
cooling_regression_train_003183,3
cooling_regression_train_003184,2
cooling_regression_train_003185,4
cooling_regression_train_003186,3
cooling_regression_train_003187,1
cooling_regression_train_003188,3
cooling_regression_train_003189,3
cooling_regression_train_003190,3
cooling_regression_train_003191,3
cooling_regression_train_003192,2
cooling_regression_train_003193,3
cooling_regression_train_003194,4
cooling_regression_train_003195,2
cooling_regression_train_003196,1
cooling_regression_train_003197,0
cooling_regression_train_003198,0
cooling_regression_train_003199,0
cooling_regression_train_003200,0
cooling_regression_train_003201,1
cooling_regression_train_003202,2
cooling_regression_train_003203,2
cooling_regression_train_003204,3
cooling_regression_train_003205,0
cooling_regression_train_003206,0
cooling_regression_train_003207,3
cooling_regression_train_003208,2
cooling_regression_train_003209,1
cooling_regression_train_003210,1
cooling_regression_train_003211,2
cooling_regression_train_003212,3
cooling_regression_train_003213,4
cooling_regression_train_003214,4
cooling_regression_train_003215,4
cooling_regression_train_003216,2
cooling_regression_train_003217,0
cooling_regression_train_003218,2
cooling_regression_train_003219,3
cooling_regression_train_003220,2
cooling_regression_train_003221,1
cooling_regression_train_003222,1
cooling_regression_train_003223,1
cooling_regression_train_003224,1
cooling_regression_train_003225,3
cooling_regression_train_003226,3
cooling_regression_train_003227,4
cooling_regression_train_003228,3
cooling_regression_train_003229,4
cooling_regression_train_003230,1
cooling_regression_train_003231,0
cooling_regression_train_003232,4
cooling_regression_train_003233,2
cooling_regression_train_003234,1
cooling_regression_train_003235,0
cooling_regression_train_003236,4
cooling_regression_train_003237,1
cooling_regression_train_003238,1
cooling_regression_train_003239,0
cooling_regression_train_003240,3
cooling_regression_train_003241,3
cooling_regression_train_003242,1
cooling_regression_train_003243,2
cooling_regression_train_003244,1
cooling_regression_train_003245,4
cooling_regression_train_003246,4
cooling_regression_train_003247,0
cooling_regression_train_003248,3
cooling_regression_train_003249,0
cooling_regression_train_003250,2
cooling_regression_train_003251,2
cooling_regression_train_003252,0
cooling_regression_train_003253,0
cooling_regression_train_003254,4
cooling_regression_train_003255,1
cooling_regression_train_003256,2
cooling_regression_train_003257,2
cooling_regression_train_003258,4
cooling_regression_train_003259,2
cooling_regression_train_003260,1
cooling_regression_train_003261,3
cooling_regression_train_003262,1
cooling_regression_train_003263,1
cooling_regression_train_003264,3
cooling_regression_train_003265,1
cooling_regression_train_003266,2
cooling_regression_train_003267,4
cooling_regression_train_003268,0
cooling_regression_train_003269,0
cooling_regression_train_003270,2
cooling_regression_train_003271,0
cooling_regression_train_003272,2
cooling_regression_train_003273,1
cooling_regression_train_003274,3
cooling_regression_train_003275,2
cooling_regression_train_003276,4
cooling_regression_train_003277,4
cooling_regression_train_003278,4
cooling_regression_train_003279,0
cooling_regression_train_003280,0
cooling_regression_train_003281,2
cooling_regression_train_003282,2
cooling_regression_train_003283,1
cooling_regression_train_003284,0
cooling_regression_train_003285,0
cooling_regression_train_003286,0
cooling_regression_train_003287,2
cooling_regression_train_003288,0
cooling_regression_train_003289,3
cooling_regression_train_003290,0
cooling_regression_train_003291,3
cooling_regression_train_003292,3
cooling_regression_train_003293,1
cooling_regression_train_003294,4
cooling_regression_train_003295,4
cooling_regression_train_003296,3
cooling_regression_train_003297,2
cooling_regression_train_003298,1
cooling_regression_train_003299,1
cooling_regression_train_003300,2
cooling_regression_train_003301,2
cooling_regression_train_003302,0
cooling_regression_train_003303,3
cooling_regression_train_003304,0
cooling_regression_train_003305,1
cooling_regression_train_003306,0
cooling_regression_train_003307,0
cooling_regression_train_003308,2
cooling_regression_train_003309,4
cooling_regression_train_003310,3
cooling_regression_train_003311,3
cooling_regression_train_003312,2
cooling_regression_train_003313,1
cooling_regression_train_003314,4
cooling_regression_train_003315,4
cooling_regression_train_003316,2
cooling_regression_train_003317,3
cooling_regression_train_003318,2
cooling_regression_train_003319,0
cooling_regression_train_003320,2
cooling_regression_train_003321,2
cooling_regression_train_003322,0
cooling_regression_train_003323,2
cooling_regression_train_003324,3
cooling_regression_train_003325,4
cooling_regression_train_003326,2
cooling_regression_train_003327,4
cooling_regression_train_003328,2
cooling_regression_train_003329,4
cooling_regression_train_003330,3
cooling_regression_train_003331,0
cooling_regression_train_003332,1
cooling_regression_train_003333,4
cooling_regression_train_003334,4
cooling_regression_train_003335,1
cooling_regression_train_003336,3
cooling_regression_train_003337,1
cooling_regression_train_003338,4
cooling_regression_train_003339,0
cooling_regression_train_003340,4
cooling_regression_train_003341,2
cooling_regression_train_003342,4
cooling_regression_train_003343,3
cooling_regression_train_003344,2
cooling_regression_train_003345,2
cooling_regression_train_003346,3
cooling_regression_train_003347,0
cooling_regression_train_003348,3
cooling_regression_train_003349,1
cooling_regression_train_003350,2
cooling_regression_train_003351,1
cooling_regression_train_003352,0
cooling_regression_train_003353,4
cooling_regression_train_003354,3
cooling_regression_train_003355,0
cooling_regression_train_003356,1
cooling_regression_train_003357,3
cooling_regression_train_003358,2
cooling_regression_train_003359,3
cooling_regression_train_003360,4
cooling_regression_train_003361,0
cooling_regression_train_003362,4
cooling_regression_train_003363,3
cooling_regression_train_003364,1
cooling_regression_train_003365,1
cooling_regression_train_003366,4
cooling_regression_train_003367,3
cooling_regression_train_003368,1
cooling_regression_train_003369,4
cooling_regression_train_003370,2
cooling_regression_train_003371,0
cooling_regression_train_003372,4
cooling_regression_train_003373,3
cooling_regression_train_003374,2
cooling_regression_train_003375,4
cooling_regression_train_003376,4
cooling_regression_train_003377,3
cooling_regression_train_003378,4
cooling_regression_train_003379,3
cooling_regression_train_003380,4
cooling_regression_train_003381,1
cooling_regression_train_003382,0
cooling_regression_train_003383,0
cooling_regression_train_003384,2
cooling_regression_train_003385,2
cooling_regression_train_003386,2
cooling_regression_train_003387,3
cooling_regression_train_003388,2
cooling_regression_train_003389,1
cooling_regression_train_003390,1
cooling_regression_train_003391,2
cooling_regression_train_003392,4
cooling_regression_train_003393,3
cooling_regression_train_003394,4
cooling_regression_train_003395,1
cooling_regression_train_003396,2
cooling_regression_train_003397,0
cooling_regression_train_003398,4
cooling_regression_train_003399,0
cooling_regression_train_003400,4
cooling_regression_train_003401,4
cooling_regression_train_003402,2
cooling_regression_train_003403,3
cooling_regression_train_003404,2
cooling_regression_train_003405,2
cooling_regression_train_003406,2
cooling_regression_train_003407,4
cooling_regression_train_003408,3
cooling_regression_train_003409,3
cooling_regression_train_003410,4
cooling_regression_train_003411,4
cooling_regression_train_003412,3
cooling_regression_train_003413,3
cooling_regression_train_003414,4
cooling_regression_train_003415,4
cooling_regression_train_003416,4
cooling_regression_train_003417,0
cooling_regression_train_003418,3
cooling_regression_train_003419,0
cooling_regression_train_003420,0
cooling_regression_train_003421,0
cooling_regression_train_003422,0
cooling_regression_train_003423,0
cooling_regression_train_003424,0
cooling_regression_train_003425,1
cooling_regression_train_003426,1
cooling_regression_train_003427,0
cooling_regression_train_003428,0
cooling_regression_train_003429,4
cooling_regression_train_003430,1
cooling_regression_train_003431,2
cooling_regression_train_003432,4
cooling_regression_train_003433,3
cooling_regression_train_003434,0
cooling_regression_train_003435,4
cooling_regression_train_003436,3
cooling_regression_train_003437,0
cooling_regression_train_003438,4
cooling_regression_train_003439,0
cooling_regression_train_003440,1
cooling_regression_train_003441,4
cooling_regression_train_003442,0
cooling_regression_train_003443,2
cooling_regression_train_003444,2
cooling_regression_train_003445,3
cooling_regression_train_003446,2
cooling_regression_train_003447,4
cooling_regression_train_003448,2
cooling_regression_train_003449,4
cooling_regression_train_003450,2
cooling_regression_train_003451,1
cooling_regression_train_003452,1
cooling_regression_train_003453,1
cooling_regression_train_003454,1
cooling_regression_train_003455,3
cooling_regression_train_003456,2
cooling_regression_train_003457,2
cooling_regression_train_003458,0
cooling_regression_train_003459,2
cooling_regression_train_003460,4
cooling_regression_train_003461,0
cooling_regression_train_003462,2
cooling_regression_train_003463,2
cooling_regression_train_003464,1
cooling_regression_train_003465,3
cooling_regression_train_003466,2
cooling_regression_train_003467,2
cooling_regression_train_003468,0
cooling_regression_train_003469,4
cooling_regression_train_003470,2
cooling_regression_train_003471,4
cooling_regression_train_003472,4
cooling_regression_train_003473,0
cooling_regression_train_003474,0
cooling_regression_train_003475,3
cooling_regression_train_003476,0
cooling_regression_train_003477,1
cooling_regression_train_003478,4
cooling_regression_train_003479,1
cooling_regression_train_003480,3
cooling_regression_train_003481,1
cooling_regression_train_003482,0
cooling_regression_train_003483,3
cooling_regression_train_003484,1
cooling_regression_train_003485,1
cooling_regression_train_003486,0
cooling_regression_train_003487,2
cooling_regression_train_003488,3
cooling_regression_train_003489,2
cooling_regression_train_003490,1
cooling_regression_train_003491,0
cooling_regression_train_003492,3
cooling_regression_train_003493,2
cooling_regression_train_003494,2
cooling_regression_train_003495,2
cooling_regression_train_003496,2
cooling_regression_train_003497,3
cooling_regression_train_003498,0
cooling_regression_train_003499,1
cooling_regression_train_003500,2
cooling_regression_train_003501,1
cooling_regression_train_003502,1
cooling_regression_train_003503,0
cooling_regression_train_003504,3
cooling_regression_train_003505,3
cooling_regression_train_003506,4
cooling_regression_train_003507,1
cooling_regression_train_003508,2
cooling_regression_train_003509,3
cooling_regression_train_003510,1
cooling_regression_train_003511,1
cooling_regression_train_003512,4
cooling_regression_train_003513,3
cooling_regression_train_003514,3
cooling_regression_train_003515,0
cooling_regression_train_003516,0
cooling_regression_train_003517,1
cooling_regression_train_003518,0
cooling_regression_train_003519,1
cooling_regression_train_003520,2
cooling_regression_train_003521,2
cooling_regression_train_003522,4
cooling_regression_train_003523,0
cooling_regression_train_003524,3
cooling_regression_train_003525,4
cooling_regression_train_003526,4
cooling_regression_train_003527,1
cooling_regression_train_003528,1
cooling_regression_train_003529,2
cooling_regression_train_003530,3
cooling_regression_train_003531,2
cooling_regression_train_003532,4
cooling_regression_train_003533,1
cooling_regression_train_003534,3
cooling_regression_train_003535,3
cooling_regression_train_003536,0
cooling_regression_train_003537,4
cooling_regression_train_003538,3
cooling_regression_train_003539,2
cooling_regression_train_003540,2
cooling_regression_train_003541,2
cooling_regression_train_003542,4
cooling_regression_train_003543,4
cooling_regression_train_003544,3
cooling_regression_train_003545,4
cooling_regression_train_003546,0
cooling_regression_train_003547,4
cooling_regression_train_003548,1
cooling_regression_train_003549,0
cooling_regression_train_003550,0
cooling_regression_train_003551,1
cooling_regression_train_003552,0
cooling_regression_train_003553,2
cooling_regression_train_003554,4
cooling_regression_train_003555,0
cooling_regression_train_003556,3
cooling_regression_train_003557,3
cooling_regression_train_003558,2
cooling_regression_train_003559,0
cooling_regression_train_003560,3
cooling_regression_train_003561,3
cooling_regression_train_003562,0
cooling_regression_train_003563,0
cooling_regression_train_003564,1
cooling_regression_train_003565,1
cooling_regression_train_003566,4
cooling_regression_train_003567,4
cooling_regression_train_003568,2
cooling_regression_train_003569,4
cooling_regression_train_003570,1
cooling_regression_train_003571,1
cooling_regression_train_003572,4
cooling_regression_train_003573,3
cooling_regression_train_003574,4
cooling_regression_train_003575,4
cooling_regression_train_003576,0
cooling_regression_train_003577,2
cooling_regression_train_003578,4
cooling_regression_train_003579,2
cooling_regression_train_003580,3
cooling_regression_train_003581,1
cooling_regression_train_003582,0
cooling_regression_train_003583,4
cooling_regression_train_003584,0
cooling_regression_train_003585,1
cooling_regression_train_003586,4
cooling_regression_train_003587,0
cooling_regression_train_003588,1
cooling_regression_train_003589,1
cooling_regression_train_003590,4
cooling_regression_train_003591,1
cooling_regression_train_003592,2
cooling_regression_train_003593,1
cooling_regression_train_003594,4
cooling_regression_train_003595,2
cooling_regression_train_003596,4
cooling_regression_train_003597,3
cooling_regression_train_003598,0
cooling_regression_train_003599,0
cooling_regression_train_003600,1
cooling_regression_train_003601,4
cooling_regression_train_003602,4
cooling_regression_train_003603,4
cooling_regression_train_003604,1
cooling_regression_train_003605,0
cooling_regression_train_003606,2
cooling_regression_train_003607,0
cooling_regression_train_003608,1
cooling_regression_train_003609,2
cooling_regression_train_003610,0
cooling_regression_train_003611,2
cooling_regression_train_003612,3
cooling_regression_train_003613,4
cooling_regression_train_003614,3
cooling_regression_train_003615,1
cooling_regression_train_003616,2
cooling_regression_train_003617,4
cooling_regression_train_003618,4
cooling_regression_train_003619,3
cooling_regression_train_003620,1
cooling_regression_train_003621,3
cooling_regression_train_003622,0
cooling_regression_train_003623,2
cooling_regression_train_003624,2
cooling_regression_train_003625,3
cooling_regression_train_003626,3
cooling_regression_train_003627,3
cooling_regression_train_003628,4
cooling_regression_train_003629,2
cooling_regression_train_003630,1
cooling_regression_train_003631,2
cooling_regression_train_003632,1
cooling_regression_train_003633,0
cooling_regression_train_003634,1
cooling_regression_train_003635,3
cooling_regression_train_003636,2
cooling_regression_train_003637,4
cooling_regression_train_003638,2
cooling_regression_train_003639,0
cooling_regression_train_003640,2
cooling_regression_train_003641,1
cooling_regression_train_003642,0
cooling_regression_train_003643,0
cooling_regression_train_003644,0
cooling_regression_train_003645,1
cooling_regression_train_003646,4
cooling_regression_train_003647,4
cooling_regression_train_003648,1
cooling_regression_train_003649,2
cooling_regression_train_003650,0
cooling_regression_train_003651,3
cooling_regression_train_003652,4
cooling_regression_train_003653,3
cooling_regression_train_003654,1
cooling_regression_train_003655,4
cooling_regression_train_003656,0
cooling_regression_train_003657,2
cooling_regression_train_003658,4
cooling_regression_train_003659,2
cooling_regression_train_003660,4
cooling_regression_train_003661,4
cooling_regression_train_003662,2
cooling_regression_train_003663,3
cooling_regression_train_003664,1
cooling_regression_train_003665,1
cooling_regression_train_003666,4
cooling_regression_train_003667,1
cooling_regression_train_003668,3
cooling_regression_train_003669,1
cooling_regression_train_003670,0
cooling_regression_train_003671,3
cooling_regression_train_003672,4
cooling_regression_train_003673,3
cooling_regression_train_003674,4
cooling_regression_train_003675,1
cooling_regression_train_003676,4
cooling_regression_train_003677,3
cooling_regression_train_003678,0
cooling_regression_train_003679,2
cooling_regression_train_003680,4
cooling_regression_train_003681,1
cooling_regression_train_003682,0
cooling_regression_train_003683,0
cooling_regression_train_003684,2
cooling_regression_train_003685,4
cooling_regression_train_003686,4
cooling_regression_train_003687,4
cooling_regression_train_003688,1
cooling_regression_train_003689,4
cooling_regression_train_003690,2
cooling_regression_train_003691,4
cooling_regression_train_003692,4
cooling_regression_train_003693,0
cooling_regression_train_003694,4
cooling_regression_train_003695,4
cooling_regression_train_003696,4
cooling_regression_train_003697,0
cooling_regression_train_003698,1
cooling_regression_train_003699,2
cooling_regression_train_003700,3
cooling_regression_train_003701,0
cooling_regression_train_003702,0
cooling_regression_train_003703,4
cooling_regression_train_003704,3
cooling_regression_train_003705,3
cooling_regression_train_003706,1
cooling_regression_train_003707,3
cooling_regression_train_003708,2
cooling_regression_train_003709,0
cooling_regression_train_003710,1
cooling_regression_train_003711,4
cooling_regression_train_003712,0
cooling_regression_train_003713,1
cooling_regression_train_003714,3
cooling_regression_train_003715,3
cooling_regression_train_003716,2
cooling_regression_train_003717,0
cooling_regression_train_003718,3
cooling_regression_train_003719,2
cooling_regression_train_003720,4
cooling_regression_train_003721,4
cooling_regression_train_003722,2
cooling_regression_train_003723,3
cooling_regression_train_003724,4
cooling_regression_train_003725,4
cooling_regression_train_003726,1
cooling_regression_train_003727,4
cooling_regression_train_003728,0
cooling_regression_train_003729,2
cooling_regression_train_003730,1
cooling_regression_train_003731,4
cooling_regression_train_003732,2
cooling_regression_train_003733,3
cooling_regression_train_003734,4
cooling_regression_train_003735,3
cooling_regression_train_003736,0
cooling_regression_train_003737,2
cooling_regression_train_003738,0
cooling_regression_train_003739,2
cooling_regression_train_003740,1
cooling_regression_train_003741,0
cooling_regression_train_003742,2
cooling_regression_train_003743,4
cooling_regression_train_003744,0
cooling_regression_train_003745,0
cooling_regression_train_003746,2
cooling_regression_train_003747,1
cooling_regression_train_003748,3
cooling_regression_train_003749,1
cooling_regression_train_003750,0
cooling_regression_train_003751,4
cooling_regression_train_003752,4
cooling_regression_train_003753,1
cooling_regression_train_003754,3
cooling_regression_train_003755,1
cooling_regression_train_003756,3
cooling_regression_train_003757,4
cooling_regression_train_003758,0
cooling_regression_train_003759,4
cooling_regression_train_003760,4
cooling_regression_train_003761,0
cooling_regression_train_003762,3
cooling_regression_train_003763,0
cooling_regression_train_003764,2
cooling_regression_train_003765,1
cooling_regression_train_003766,4
cooling_regression_train_003767,4
cooling_regression_train_003768,3
cooling_regression_train_003769,4
cooling_regression_train_003770,2
cooling_regression_train_003771,1
cooling_regression_train_003772,0
cooling_regression_train_003773,3
cooling_regression_train_003774,4
cooling_regression_train_003775,2
cooling_regression_train_003776,1
cooling_regression_train_003777,3
cooling_regression_train_003778,3
cooling_regression_train_003779,1
cooling_regression_train_003780,1
cooling_regression_train_003781,3
cooling_regression_train_003782,0
cooling_regression_train_003783,3
cooling_regression_train_003784,0
cooling_regression_train_003785,4
cooling_regression_train_003786,1
cooling_regression_train_003787,1
cooling_regression_train_003788,1
cooling_regression_train_003789,2
cooling_regression_train_003790,1
cooling_regression_train_003791,4
cooling_regression_train_003792,1
cooling_regression_train_003793,2
cooling_regression_train_003794,0
cooling_regression_train_003795,3
cooling_regression_train_003796,0
cooling_regression_train_003797,0
cooling_regression_train_003798,2
cooling_regression_train_003799,2
cooling_regression_train_003800,3
cooling_regression_train_003801,4
cooling_regression_train_003802,0
cooling_regression_train_003803,1
cooling_regression_train_003804,4
cooling_regression_train_003805,0
cooling_regression_train_003806,0
cooling_regression_train_003807,2
cooling_regression_train_003808,3
cooling_regression_train_003809,1
cooling_regression_train_003810,1
cooling_regression_train_003811,3
cooling_regression_train_003812,0
cooling_regression_train_003813,1
cooling_regression_train_003814,2
cooling_regression_train_003815,0
cooling_regression_train_003816,0
cooling_regression_train_003817,0
cooling_regression_train_003818,1
cooling_regression_train_003819,0
cooling_regression_train_003820,1
cooling_regression_train_003821,3
cooling_regression_train_003822,1
cooling_regression_train_003823,4
cooling_regression_train_003824,2
cooling_regression_train_003825,0
cooling_regression_train_003826,0
cooling_regression_train_003827,1
cooling_regression_train_003828,3
cooling_regression_train_003829,4
cooling_regression_train_003830,1
cooling_regression_train_003831,3
cooling_regression_train_003832,3
cooling_regression_train_003833,0
cooling_regression_train_003834,4
cooling_regression_train_003835,4
cooling_regression_train_003836,2
cooling_regression_train_003837,1
cooling_regression_train_003838,4
cooling_regression_train_003839,1
cooling_regression_train_003840,2
cooling_regression_train_003841,1
cooling_regression_train_003842,3
cooling_regression_train_003843,2
cooling_regression_train_003844,3
cooling_regression_train_003845,3
cooling_regression_train_003846,1
cooling_regression_train_003847,2
cooling_regression_train_003848,2
cooling_regression_train_003849,4
cooling_regression_train_003850,0
cooling_regression_train_003851,2
cooling_regression_train_003852,0
cooling_regression_train_003853,3
cooling_regression_train_003854,2
cooling_regression_train_003855,2
cooling_regression_train_003856,1
cooling_regression_train_003857,3
cooling_regression_train_003858,0
cooling_regression_train_003859,1
cooling_regression_train_003860,4
cooling_regression_train_003861,3
cooling_regression_train_003862,3
cooling_regression_train_003863,2
cooling_regression_train_003864,1
cooling_regression_train_003865,1
cooling_regression_train_003866,3
cooling_regression_train_003867,3
cooling_regression_train_003868,0
cooling_regression_train_003869,3
cooling_regression_train_003870,3
cooling_regression_train_003871,3
cooling_regression_train_003872,3
cooling_regression_train_003873,1
cooling_regression_train_003874,4
cooling_regression_train_003875,0
cooling_regression_train_003876,4
cooling_regression_train_003877,1
cooling_regression_train_003878,2
cooling_regression_train_003879,0
cooling_regression_train_003880,3
cooling_regression_train_003881,3
cooling_regression_train_003882,0
cooling_regression_train_003883,0
cooling_regression_train_003884,0
cooling_regression_train_003885,1
cooling_regression_train_003886,1
cooling_regression_train_003887,1
cooling_regression_train_003888,4
cooling_regression_train_003889,3
cooling_regression_train_003890,1
cooling_regression_train_003891,3
cooling_regression_train_003892,1
cooling_regression_train_003893,2
cooling_regression_train_003894,2
cooling_regression_train_003895,0
cooling_regression_train_003896,4
cooling_regression_train_003897,3
cooling_regression_train_003898,2
cooling_regression_train_003899,3
cooling_regression_train_003900,2
cooling_regression_train_003901,0
cooling_regression_train_003902,0
cooling_regression_train_003903,4
cooling_regression_train_003904,0
cooling_regression_train_003905,1
cooling_regression_train_003906,3
cooling_regression_train_003907,1
cooling_regression_train_003908,2
cooling_regression_train_003909,2
cooling_regression_train_003910,4
cooling_regression_train_003911,4
cooling_regression_train_003912,2
cooling_regression_train_003913,2
cooling_regression_train_003914,2
cooling_regression_train_003915,2
cooling_regression_train_003916,1
cooling_regression_train_003917,2
cooling_regression_train_003918,2
cooling_regression_train_003919,4
cooling_regression_train_003920,4
cooling_regression_train_003921,4
cooling_regression_train_003922,1
cooling_regression_train_003923,4
cooling_regression_train_003924,1
cooling_regression_train_003925,4
cooling_regression_train_003926,0
cooling_regression_train_003927,4
cooling_regression_train_003928,3
cooling_regression_train_003929,4
cooling_regression_train_003930,3
cooling_regression_train_003931,0
cooling_regression_train_003932,4
cooling_regression_train_003933,0
cooling_regression_train_003934,2
cooling_regression_train_003935,4
cooling_regression_train_003936,2
cooling_regression_train_003937,0
cooling_regression_train_003938,3
cooling_regression_train_003939,1
cooling_regression_train_003940,1
cooling_regression_train_003941,0
cooling_regression_train_003942,1
cooling_regression_train_003943,2
cooling_regression_train_003944,2
cooling_regression_train_003945,4
cooling_regression_train_003946,4
cooling_regression_train_003947,2
cooling_regression_train_003948,4
cooling_regression_train_003949,3
cooling_regression_train_003950,4
cooling_regression_train_003951,3
cooling_regression_train_003952,3
cooling_regression_train_003953,0
cooling_regression_train_003954,3
cooling_regression_train_003955,4
cooling_regression_train_003956,4
cooling_regression_train_003957,1
cooling_regression_train_003958,1
cooling_regression_train_003959,0
cooling_regression_train_003960,4
cooling_regression_train_003961,1
cooling_regression_train_003962,0
cooling_regression_train_003963,0
cooling_regression_train_003964,3
cooling_regression_train_003965,0
cooling_regression_train_003966,1
cooling_regression_train_003967,0
cooling_regression_train_003968,4
cooling_regression_train_003969,4
cooling_regression_train_003970,3
cooling_regression_train_003971,3
cooling_regression_train_003972,4
cooling_regression_train_003973,4
cooling_regression_train_003974,2
cooling_regression_train_003975,4
cooling_regression_train_003976,1
cooling_regression_train_003977,2
cooling_regression_train_003978,4
cooling_regression_train_003979,0
cooling_regression_train_003980,4
cooling_regression_train_003981,4
cooling_regression_train_003982,1
cooling_regression_train_003983,1
cooling_regression_train_003984,4
cooling_regression_train_003985,0
cooling_regression_train_003986,3
cooling_regression_train_003987,1
cooling_regression_train_003988,0
cooling_regression_train_003989,3
cooling_regression_train_003990,0
cooling_regression_train_003991,2
cooling_regression_train_003992,2
cooling_regression_train_003993,0
cooling_regression_train_003994,2
cooling_regression_train_003995,3
cooling_regression_train_003996,0
cooling_regression_train_003997,0
cooling_regression_train_003998,0
cooling_regression_train_003999,4
cooling_regression_train_004000,0
cooling_regression_train_004001,3
cooling_regression_train_004002,3
cooling_regression_train_004003,2
cooling_regression_train_004004,2
cooling_regression_train_004005,2
cooling_regression_train_004006,2
cooling_regression_train_004007,4
cooling_regression_train_004008,0
cooling_regression_train_004009,2
cooling_regression_train_004010,1
cooling_regression_train_004011,1
cooling_regression_train_004012,0
cooling_regression_train_004013,3
cooling_regression_train_004014,3
cooling_regression_train_004015,0
cooling_regression_train_004016,4
cooling_regression_train_004017,2
cooling_regression_train_004018,3
cooling_regression_train_004019,2
cooling_regression_train_004020,2
cooling_regression_train_004021,1
cooling_regression_train_004022,0
cooling_regression_train_004023,3
cooling_regression_train_004024,3
cooling_regression_train_004025,3
cooling_regression_train_004026,3
cooling_regression_train_004027,2
cooling_regression_train_004028,1
cooling_regression_train_004029,4
cooling_regression_train_004030,4
cooling_regression_train_004031,1
cooling_regression_train_004032,3
cooling_regression_train_004033,0
cooling_regression_train_004034,3
cooling_regression_train_004035,1
cooling_regression_train_004036,0
cooling_regression_train_004037,3
cooling_regression_train_004038,2
cooling_regression_train_004039,0
cooling_regression_train_004040,0
cooling_regression_train_004041,2
cooling_regression_train_004042,1
cooling_regression_train_004043,4
cooling_regression_train_004044,3
cooling_regression_train_004045,4
cooling_regression_train_004046,1
cooling_regression_train_004047,0
cooling_regression_train_004048,2
cooling_regression_train_004049,1
cooling_regression_train_004050,2
cooling_regression_train_004051,1
cooling_regression_train_004052,3
cooling_regression_train_004053,0
cooling_regression_train_004054,2
cooling_regression_train_004055,4
cooling_regression_train_004056,4
cooling_regression_train_004057,2
cooling_regression_train_004058,1
cooling_regression_train_004059,1
cooling_regression_train_004060,1
cooling_regression_train_004061,1
cooling_regression_train_004062,1
cooling_regression_train_004063,4
cooling_regression_train_004064,1
cooling_regression_train_004065,1
cooling_regression_train_004066,2
cooling_regression_train_004067,0
cooling_regression_train_004068,4
cooling_regression_train_004069,0
cooling_regression_train_004070,2
cooling_regression_train_004071,0
cooling_regression_train_004072,1
cooling_regression_train_004073,1
cooling_regression_train_004074,1
cooling_regression_train_004075,4
cooling_regression_train_004076,2
cooling_regression_train_004077,1
cooling_regression_train_004078,2
cooling_regression_train_004079,0
cooling_regression_train_004080,2
cooling_regression_train_004081,3
cooling_regression_train_004082,3
cooling_regression_train_004083,3
cooling_regression_train_004084,4
cooling_regression_train_004085,1
cooling_regression_train_004086,2
cooling_regression_train_004087,4
cooling_regression_train_004088,1
cooling_regression_train_004089,1
cooling_regression_train_004090,2
cooling_regression_train_004091,2
cooling_regression_train_004092,2
cooling_regression_train_004093,0
cooling_regression_train_004094,3
cooling_regression_train_004095,0
cooling_regression_train_004096,1
cooling_regression_train_004097,4
cooling_regression_train_004098,4
cooling_regression_train_004099,4
cooling_regression_train_004100,3
cooling_regression_train_004101,1
cooling_regression_train_004102,4
cooling_regression_train_004103,2
cooling_regression_train_004104,0
cooling_regression_train_004105,1
cooling_regression_train_004106,4
cooling_regression_train_004107,2
cooling_regression_train_004108,0
cooling_regression_train_004109,3
cooling_regression_train_004110,3
cooling_regression_train_004111,1
cooling_regression_train_004112,3
cooling_regression_train_004113,1
cooling_regression_train_004114,4
cooling_regression_train_004115,4
cooling_regression_train_004116,4
cooling_regression_train_004117,4
cooling_regression_train_004118,2
cooling_regression_train_004119,3
cooling_regression_train_004120,3
cooling_regression_train_004121,2
cooling_regression_train_004122,2
cooling_regression_train_004123,0
cooling_regression_train_004124,0
cooling_regression_train_004125,2
cooling_regression_train_004126,2
cooling_regression_train_004127,0
cooling_regression_train_004128,4
cooling_regression_train_004129,1
cooling_regression_train_004130,3
cooling_regression_train_004131,3
cooling_regression_train_004132,0
cooling_regression_train_004133,4
cooling_regression_train_004134,0
cooling_regression_train_004135,2
cooling_regression_train_004136,0
cooling_regression_train_004137,0
cooling_regression_train_004138,3
cooling_regression_train_004139,0
cooling_regression_train_004140,1
cooling_regression_train_004141,0
cooling_regression_train_004142,1
cooling_regression_train_004143,2
cooling_regression_train_004144,4
cooling_regression_train_004145,3
cooling_regression_train_004146,1
cooling_regression_train_004147,3
cooling_regression_train_004148,1
cooling_regression_train_004149,2
cooling_regression_train_004150,3
cooling_regression_train_004151,2
cooling_regression_train_004152,3
cooling_regression_train_004153,2
cooling_regression_train_004154,1
cooling_regression_train_004155,0
cooling_regression_train_004156,1
cooling_regression_train_004157,0
cooling_regression_train_004158,0
cooling_regression_train_004159,0
cooling_regression_train_004160,2
cooling_regression_train_004161,4
cooling_regression_train_004162,0
cooling_regression_train_004163,3
cooling_regression_train_004164,0
cooling_regression_train_004165,2
cooling_regression_train_004166,4
cooling_regression_train_004167,0
cooling_regression_train_004168,3
cooling_regression_train_004169,0
cooling_regression_train_004170,1
cooling_regression_train_004171,3
cooling_regression_train_004172,2
cooling_regression_train_004173,1
cooling_regression_train_004174,2
cooling_regression_train_004175,1
cooling_regression_train_004176,0
cooling_regression_train_004177,2
cooling_regression_train_004178,3
cooling_regression_train_004179,3
cooling_regression_train_004180,3
cooling_regression_train_004181,1
cooling_regression_train_004182,1
cooling_regression_train_004183,3
cooling_regression_train_004184,3
cooling_regression_train_004185,0
cooling_regression_train_004186,4
cooling_regression_train_004187,4
cooling_regression_train_004188,2
cooling_regression_train_004189,1
cooling_regression_train_004190,1
cooling_regression_train_004191,2
cooling_regression_train_004192,3
cooling_regression_train_004193,1
cooling_regression_train_004194,3
cooling_regression_train_004195,2
cooling_regression_train_004196,1
cooling_regression_train_004197,0
cooling_regression_train_004198,0
cooling_regression_train_004199,2
cooling_regression_train_004200,4
cooling_regression_train_004201,2
cooling_regression_train_004202,1
cooling_regression_train_004203,4
cooling_regression_train_004204,0
cooling_regression_train_004205,3
cooling_regression_train_004206,3
cooling_regression_train_004207,2
cooling_regression_train_004208,1
cooling_regression_train_004209,4
cooling_regression_train_004210,3
cooling_regression_train_004211,0
cooling_regression_train_004212,2
cooling_regression_train_004213,1
cooling_regression_train_004214,4
cooling_regression_train_004215,2
cooling_regression_train_004216,0
cooling_regression_train_004217,4
cooling_regression_train_004218,1
cooling_regression_train_004219,1
cooling_regression_train_004220,3
cooling_regression_train_004221,2
cooling_regression_train_004222,2
cooling_regression_train_004223,3
cooling_regression_train_004224,2
cooling_regression_train_004225,3
cooling_regression_train_004226,2
cooling_regression_train_004227,4
cooling_regression_train_004228,0
cooling_regression_train_004229,3
cooling_regression_train_004230,0
cooling_regression_train_004231,1
cooling_regression_train_004232,0
cooling_regression_train_004233,2
cooling_regression_train_004234,4
cooling_regression_train_004235,3
cooling_regression_train_004236,2
cooling_regression_train_004237,1
cooling_regression_train_004238,0
cooling_regression_train_004239,4
cooling_regression_train_004240,0
cooling_regression_train_004241,3
cooling_regression_train_004242,1
cooling_regression_train_004243,1
cooling_regression_train_004244,1
cooling_regression_train_004245,2
cooling_regression_train_004246,2
cooling_regression_train_004247,2
cooling_regression_train_004248,1
cooling_regression_train_004249,4
cooling_regression_train_004250,4
cooling_regression_train_004251,3
cooling_regression_train_004252,2
cooling_regression_train_004253,0
cooling_regression_train_004254,2
cooling_regression_train_004255,0
cooling_regression_train_004256,0
cooling_regression_train_004257,3
cooling_regression_train_004258,4
cooling_regression_train_004259,0
cooling_regression_train_004260,0
cooling_regression_train_004261,2
cooling_regression_train_004262,4
cooling_regression_train_004263,0
cooling_regression_train_004264,4
cooling_regression_train_004265,3
cooling_regression_train_004266,4
cooling_regression_train_004267,3
cooling_regression_train_004268,3
cooling_regression_train_004269,4
cooling_regression_train_004270,1
cooling_regression_train_004271,0
cooling_regression_train_004272,2
cooling_regression_train_004273,0
cooling_regression_train_004274,0
cooling_regression_train_004275,4
cooling_regression_train_004276,1
cooling_regression_train_004277,4
cooling_regression_train_004278,0
cooling_regression_train_004279,0
cooling_regression_train_004280,4
cooling_regression_train_004281,3
cooling_regression_train_004282,0
cooling_regression_train_004283,3
cooling_regression_train_004284,3
cooling_regression_train_004285,4
cooling_regression_train_004286,1
cooling_regression_train_004287,3
cooling_regression_train_004288,2
cooling_regression_train_004289,2
cooling_regression_train_004290,3
cooling_regression_train_004291,2
cooling_regression_train_004292,2
cooling_regression_train_004293,0
cooling_regression_train_004294,0
cooling_regression_train_004295,3
cooling_regression_train_004296,0
cooling_regression_train_004297,2
cooling_regression_train_004298,1
cooling_regression_train_004299,0
cooling_regression_train_004300,4
cooling_regression_train_004301,1
cooling_regression_train_004302,1
cooling_regression_train_004303,1
cooling_regression_train_004304,1
cooling_regression_train_004305,3
cooling_regression_train_004306,2
cooling_regression_train_004307,2
cooling_regression_train_004308,2
cooling_regression_train_004309,2
cooling_regression_train_004310,2
cooling_regression_train_004311,1
cooling_regression_train_004312,2
cooling_regression_train_004313,0
cooling_regression_train_004314,4
cooling_regression_train_004315,4
cooling_regression_train_004316,3
cooling_regression_train_004317,3
cooling_regression_train_004318,4
cooling_regression_train_004319,1
cooling_regression_train_004320,1
cooling_regression_train_004321,0
cooling_regression_train_004322,2
cooling_regression_train_004323,1
cooling_regression_train_004324,1
cooling_regression_train_004325,4
cooling_regression_train_004326,1
cooling_regression_train_004327,2
cooling_regression_train_004328,1
cooling_regression_train_004329,4
cooling_regression_train_004330,2
cooling_regression_train_004331,0
cooling_regression_train_004332,3
cooling_regression_train_004333,4
cooling_regression_train_004334,0
cooling_regression_train_004335,0
cooling_regression_train_004336,2
cooling_regression_train_004337,4
cooling_regression_train_004338,4
cooling_regression_train_004339,2
cooling_regression_train_004340,4
cooling_regression_train_004341,1
cooling_regression_train_004342,1
cooling_regression_train_004343,1
cooling_regression_train_004344,2
cooling_regression_train_004345,1
cooling_regression_train_004346,4
cooling_regression_train_004347,1
cooling_regression_train_004348,3
cooling_regression_train_004349,1
cooling_regression_train_004350,4
cooling_regression_train_004351,0
cooling_regression_train_004352,4
cooling_regression_train_004353,1
cooling_regression_train_004354,0
cooling_regression_train_004355,0
cooling_regression_train_004356,4
cooling_regression_train_004357,3
cooling_regression_train_004358,0
cooling_regression_train_004359,4
cooling_regression_train_004360,4
cooling_regression_train_004361,2
cooling_regression_train_004362,1
cooling_regression_train_004363,4
cooling_regression_train_004364,2
cooling_regression_train_004365,4
cooling_regression_train_004366,1
cooling_regression_train_004367,1
cooling_regression_train_004368,3
cooling_regression_train_004369,1
cooling_regression_train_004370,1
cooling_regression_train_004371,4
cooling_regression_train_004372,1
cooling_regression_train_004373,1
cooling_regression_train_004374,4
cooling_regression_train_004375,0
cooling_regression_train_004376,1
cooling_regression_train_004377,0
cooling_regression_train_004378,0
cooling_regression_train_004379,2
cooling_regression_train_004380,0
cooling_regression_train_004381,1
cooling_regression_train_004382,1
cooling_regression_train_004383,1
cooling_regression_train_004384,4
cooling_regression_train_004385,2
cooling_regression_train_004386,0
cooling_regression_train_004387,3
cooling_regression_train_004388,2
cooling_regression_train_004389,0
cooling_regression_train_004390,1
cooling_regression_train_004391,4
cooling_regression_train_004392,4
cooling_regression_train_004393,1
cooling_regression_train_004394,0
cooling_regression_train_004395,4
cooling_regression_train_004396,1
cooling_regression_train_004397,1
cooling_regression_train_004398,1
cooling_regression_train_004399,2
cooling_regression_train_004400,0
cooling_regression_train_004401,2
cooling_regression_train_004402,3
cooling_regression_train_004403,0
cooling_regression_train_004404,2
cooling_regression_train_004405,1
cooling_regression_train_004406,1
cooling_regression_train_004407,3
cooling_regression_train_004408,1
cooling_regression_train_004409,2
cooling_regression_train_004410,3
cooling_regression_train_004411,1
cooling_regression_train_004412,1
cooling_regression_train_004413,4
cooling_regression_train_004414,4
cooling_regression_train_004415,3
cooling_regression_train_004416,2
cooling_regression_train_004417,0
cooling_regression_train_004418,2
cooling_regression_train_004419,0
cooling_regression_train_004420,0
cooling_regression_train_004421,4
cooling_regression_train_004422,1
cooling_regression_train_004423,2
cooling_regression_train_004424,1
cooling_regression_train_004425,0
cooling_regression_train_004426,2
cooling_regression_train_004427,4
cooling_regression_train_004428,1
cooling_regression_train_004429,3
cooling_regression_train_004430,4
cooling_regression_train_004431,1
cooling_regression_train_004432,2
cooling_regression_train_004433,4
cooling_regression_train_004434,4
cooling_regression_train_004435,4
cooling_regression_train_004436,4
cooling_regression_train_004437,4
cooling_regression_train_004438,3
cooling_regression_train_004439,0
cooling_regression_train_004440,4
cooling_regression_train_004441,0
cooling_regression_train_004442,1
cooling_regression_train_004443,0
cooling_regression_train_004444,1
cooling_regression_train_004445,2
cooling_regression_train_004446,3
cooling_regression_train_004447,0
cooling_regression_train_004448,1
cooling_regression_train_004449,3
cooling_regression_train_004450,3
cooling_regression_train_004451,1
cooling_regression_train_004452,2
cooling_regression_train_004453,3
cooling_regression_train_004454,4
cooling_regression_train_004455,3
cooling_regression_train_004456,0
cooling_regression_train_004457,0
cooling_regression_train_004458,0
cooling_regression_train_004459,0
cooling_regression_train_004460,0
cooling_regression_train_004461,0
cooling_regression_train_004462,4
cooling_regression_train_004463,1
cooling_regression_train_004464,4
cooling_regression_train_004465,1
cooling_regression_train_004466,1
cooling_regression_train_004467,0
cooling_regression_train_004468,4
cooling_regression_train_004469,3
cooling_regression_train_004470,3
cooling_regression_train_004471,2
cooling_regression_train_004472,2
cooling_regression_train_004473,4
cooling_regression_train_004474,4
cooling_regression_train_004475,1
cooling_regression_train_004476,4
cooling_regression_train_004477,1
cooling_regression_train_004478,1
cooling_regression_train_004479,2
cooling_regression_train_004480,3
cooling_regression_train_004481,1
cooling_regression_train_004482,0
cooling_regression_train_004483,0
cooling_regression_train_004484,2
cooling_regression_train_004485,3
cooling_regression_train_004486,4
cooling_regression_train_004487,1
cooling_regression_train_004488,4
cooling_regression_train_004489,0
cooling_regression_train_004490,0
cooling_regression_train_004491,3
cooling_regression_train_004492,3
cooling_regression_train_004493,2
cooling_regression_train_004494,0
cooling_regression_train_004495,2
cooling_regression_train_004496,4
cooling_regression_train_004497,4
cooling_regression_train_004498,3
cooling_regression_train_004499,0
cooling_regression_train_004500,3
cooling_regression_train_004501,2
cooling_regression_train_004502,3
cooling_regression_train_004503,3
cooling_regression_train_004504,2
cooling_regression_train_004505,1
cooling_regression_train_004506,1
cooling_regression_train_004507,4
cooling_regression_train_004508,0
cooling_regression_train_004509,3
cooling_regression_train_004510,4
cooling_regression_train_004511,4
cooling_regression_train_004512,2
cooling_regression_train_004513,3
cooling_regression_train_004514,0
cooling_regression_train_004515,3
cooling_regression_train_004516,4
cooling_regression_train_004517,1
cooling_regression_train_004518,4
cooling_regression_train_004519,0
cooling_regression_train_004520,1
cooling_regression_train_004521,4
cooling_regression_train_004522,3
cooling_regression_train_004523,1
cooling_regression_train_004524,0
cooling_regression_train_004525,3
cooling_regression_train_004526,0
cooling_regression_train_004527,4
cooling_regression_train_004528,4
cooling_regression_train_004529,3
cooling_regression_train_004530,0
cooling_regression_train_004531,3
cooling_regression_train_004532,1
cooling_regression_train_004533,2
cooling_regression_train_004534,3
cooling_regression_train_004535,4
cooling_regression_train_004536,4
cooling_regression_train_004537,0
cooling_regression_train_004538,3
cooling_regression_train_004539,2
cooling_regression_train_004540,2
cooling_regression_train_004541,3
cooling_regression_train_004542,3
cooling_regression_train_004543,3
cooling_regression_train_004544,3
cooling_regression_train_004545,3
cooling_regression_train_004546,2
cooling_regression_train_004547,1
cooling_regression_train_004548,2
cooling_regression_train_004549,1
cooling_regression_train_004550,4
cooling_regression_train_004551,1
cooling_regression_train_004552,0
cooling_regression_train_004553,3
cooling_regression_train_004554,1
cooling_regression_train_004555,4
cooling_regression_train_004556,0
cooling_regression_train_004557,4
cooling_regression_train_004558,0
cooling_regression_train_004559,1
cooling_regression_train_004560,0
cooling_regression_train_004561,4
cooling_regression_train_004562,3
cooling_regression_train_004563,0
cooling_regression_train_004564,4
cooling_regression_train_004565,4
cooling_regression_train_004566,2
cooling_regression_train_004567,2
cooling_regression_train_004568,0
cooling_regression_train_004569,4
cooling_regression_train_004570,4
cooling_regression_train_004571,1
cooling_regression_train_004572,4
cooling_regression_train_004573,4
cooling_regression_train_004574,1
cooling_regression_train_004575,4
cooling_regression_train_004576,1
cooling_regression_train_004577,1
cooling_regression_train_004578,3
cooling_regression_train_004579,2
cooling_regression_train_004580,2
cooling_regression_train_004581,0
cooling_regression_train_004582,1
cooling_regression_train_004583,4
cooling_regression_train_004584,0
cooling_regression_train_004585,4
cooling_regression_train_004586,3
cooling_regression_train_004587,1
cooling_regression_train_004588,0
cooling_regression_train_004589,1
cooling_regression_train_004590,4
cooling_regression_train_004591,4
cooling_regression_train_004592,0
cooling_regression_train_004593,2
cooling_regression_train_004594,1
cooling_regression_train_004595,1
cooling_regression_train_004596,1
cooling_regression_train_004597,0
cooling_regression_train_004598,1
cooling_regression_train_004599,3
cooling_regression_train_004600,0
cooling_regression_train_004601,4
cooling_regression_train_004602,0
cooling_regression_train_004603,0
cooling_regression_train_004604,4
cooling_regression_train_004605,4
cooling_regression_train_004606,2
cooling_regression_train_004607,1
cooling_regression_train_004608,4
cooling_regression_train_004609,1
cooling_regression_train_004610,3
cooling_regression_train_004611,0
cooling_regression_train_004612,3
cooling_regression_train_004613,2
cooling_regression_train_004614,1
cooling_regression_train_004615,4
cooling_regression_train_004616,3
cooling_regression_train_004617,4
cooling_regression_train_004618,1
cooling_regression_train_004619,2
cooling_regression_train_004620,0
cooling_regression_train_004621,3
cooling_regression_train_004622,4
cooling_regression_train_004623,3
cooling_regression_train_004624,4
cooling_regression_train_004625,1
cooling_regression_train_004626,2
cooling_regression_train_004627,3
cooling_regression_train_004628,1
cooling_regression_train_004629,0
cooling_regression_train_004630,4
cooling_regression_train_004631,4
cooling_regression_train_004632,2
cooling_regression_train_004633,3
cooling_regression_train_004634,0
cooling_regression_train_004635,4
cooling_regression_train_004636,3
cooling_regression_train_004637,2
cooling_regression_train_004638,4
cooling_regression_train_004639,1
cooling_regression_train_004640,1
cooling_regression_train_004641,1
cooling_regression_train_004642,4
cooling_regression_train_004643,0
cooling_regression_train_004644,3
cooling_regression_train_004645,1
cooling_regression_train_004646,2
cooling_regression_train_004647,4
cooling_regression_train_004648,2
cooling_regression_train_004649,2
cooling_regression_train_004650,2
cooling_regression_train_004651,4
cooling_regression_train_004652,4
cooling_regression_train_004653,1
cooling_regression_train_004654,1
cooling_regression_train_004655,3
cooling_regression_train_004656,4
cooling_regression_train_004657,2
cooling_regression_train_004658,0
cooling_regression_train_004659,3
cooling_regression_train_004660,2
cooling_regression_train_004661,1
cooling_regression_train_004662,2
cooling_regression_train_004663,1
cooling_regression_train_004664,4
cooling_regression_train_004665,1
cooling_regression_train_004666,3
cooling_regression_train_004667,1
cooling_regression_train_004668,0
cooling_regression_train_004669,4
cooling_regression_train_004670,2
cooling_regression_train_004671,0
cooling_regression_train_004672,2
cooling_regression_train_004673,4
cooling_regression_train_004674,0
cooling_regression_train_004675,4
cooling_regression_train_004676,4
cooling_regression_train_004677,4
cooling_regression_train_004678,4
cooling_regression_train_004679,0
cooling_regression_train_004680,1
cooling_regression_train_004681,1
cooling_regression_train_004682,0
cooling_regression_train_004683,4
cooling_regression_train_004684,4
cooling_regression_train_004685,2
cooling_regression_train_004686,3
cooling_regression_train_004687,0
cooling_regression_train_004688,1
cooling_regression_train_004689,1
cooling_regression_train_004690,4
cooling_regression_train_004691,2
cooling_regression_train_004692,3
cooling_regression_train_004693,4
cooling_regression_train_004694,1
cooling_regression_train_004695,3
cooling_regression_train_004696,4
cooling_regression_train_004697,4
cooling_regression_train_004698,0
cooling_regression_train_004699,4
cooling_regression_train_004700,4
cooling_regression_train_004701,4
cooling_regression_train_004702,1
cooling_regression_train_004703,1
cooling_regression_train_004704,3
cooling_regression_train_004705,0
cooling_regression_train_004706,4
cooling_regression_train_004707,4
cooling_regression_train_004708,0
cooling_regression_train_004709,3
cooling_regression_train_004710,0
cooling_regression_train_004711,3
cooling_regression_train_004712,0
cooling_regression_train_004713,3
cooling_regression_train_004714,3
cooling_regression_train_004715,1
cooling_regression_train_004716,1
cooling_regression_train_004717,0
cooling_regression_train_004718,3
cooling_regression_train_004719,3
cooling_regression_train_004720,3
cooling_regression_train_004721,4
cooling_regression_train_004722,4
cooling_regression_train_004723,3
cooling_regression_train_004724,3
cooling_regression_train_004725,3
cooling_regression_train_004726,1
cooling_regression_train_004727,2
cooling_regression_train_004728,4
cooling_regression_train_004729,2
cooling_regression_train_004730,1
cooling_regression_train_004731,4
cooling_regression_train_004732,4
cooling_regression_train_004733,3
cooling_regression_train_004734,2
cooling_regression_train_004735,0
cooling_regression_train_004736,2
cooling_regression_train_004737,2
cooling_regression_train_004738,3
cooling_regression_train_004739,0
cooling_regression_train_004740,2
cooling_regression_train_004741,2
cooling_regression_train_004742,0
cooling_regression_train_004743,1
cooling_regression_train_004744,2
cooling_regression_train_004745,4
cooling_regression_train_004746,3
cooling_regression_train_004747,0
cooling_regression_train_004748,2
cooling_regression_train_004749,3
cooling_regression_train_004750,3
cooling_regression_train_004751,2
cooling_regression_train_004752,4
cooling_regression_train_004753,0
cooling_regression_train_004754,4
cooling_regression_train_004755,1
cooling_regression_train_004756,0
cooling_regression_train_004757,0
cooling_regression_train_004758,2
cooling_regression_train_004759,4
cooling_regression_train_004760,2
cooling_regression_train_004761,4
cooling_regression_train_004762,4
cooling_regression_train_004763,0
cooling_regression_train_004764,2
cooling_regression_train_004765,0
cooling_regression_train_004766,2
cooling_regression_train_004767,3
cooling_regression_train_004768,1
cooling_regression_train_004769,3
cooling_regression_train_004770,4
cooling_regression_train_004771,4
cooling_regression_train_004772,4
cooling_regression_train_004773,0
cooling_regression_train_004774,0
cooling_regression_train_004775,1
cooling_regression_train_004776,4
cooling_regression_train_004777,0
cooling_regression_train_004778,1
cooling_regression_train_004779,3
cooling_regression_train_004780,4
cooling_regression_train_004781,2
cooling_regression_train_004782,4
cooling_regression_train_004783,2
cooling_regression_train_004784,0
cooling_regression_train_004785,4
cooling_regression_train_004786,2
cooling_regression_train_004787,1
cooling_regression_train_004788,2
cooling_regression_train_004789,0
cooling_regression_train_004790,3
cooling_regression_train_004791,4
cooling_regression_train_004792,4
cooling_regression_train_004793,4
cooling_regression_train_004794,3
cooling_regression_train_004795,2
cooling_regression_train_004796,0
cooling_regression_train_004797,0
cooling_regression_train_004798,3
cooling_regression_train_004799,2
cooling_regression_train_004800,3
cooling_regression_train_004801,0
cooling_regression_train_004802,3
cooling_regression_train_004803,3
cooling_regression_train_004804,1
cooling_regression_train_004805,0
cooling_regression_train_004806,2
cooling_regression_train_004807,4
cooling_regression_train_004808,0
cooling_regression_train_004809,0
cooling_regression_train_004810,4
cooling_regression_train_004811,2
cooling_regression_train_004812,2
cooling_regression_train_004813,3
cooling_regression_train_004814,4
cooling_regression_train_004815,1
cooling_regression_train_004816,1
cooling_regression_train_004817,1
cooling_regression_train_004818,3
cooling_regression_train_004819,1
cooling_regression_train_004820,0
cooling_regression_train_004821,2
cooling_regression_train_004822,4
cooling_regression_train_004823,3
cooling_regression_train_004824,1
cooling_regression_train_004825,1
cooling_regression_train_004826,0
cooling_regression_train_004827,2
cooling_regression_train_004828,2
cooling_regression_train_004829,0
cooling_regression_train_004830,2
cooling_regression_train_004831,0
cooling_regression_train_004832,1
cooling_regression_train_004833,3
cooling_regression_train_004834,2
cooling_regression_train_004835,0
cooling_regression_train_004836,1
cooling_regression_train_004837,1
cooling_regression_train_004838,2
cooling_regression_train_004839,1
cooling_regression_train_004840,4
cooling_regression_train_004841,2
cooling_regression_train_004842,0
cooling_regression_train_004843,2
cooling_regression_train_004844,1
cooling_regression_train_004845,2
cooling_regression_train_004846,2
cooling_regression_train_004847,2
cooling_regression_train_004848,4
cooling_regression_train_004849,1
cooling_regression_train_004850,0
cooling_regression_train_004851,2
cooling_regression_train_004852,1
cooling_regression_train_004853,1
cooling_regression_train_004854,1
cooling_regression_train_004855,1
cooling_regression_train_004856,2
cooling_regression_train_004857,0
cooling_regression_train_004858,4
cooling_regression_train_004859,2
cooling_regression_train_004860,0
cooling_regression_train_004861,4
cooling_regression_train_004862,1
cooling_regression_train_004863,3
cooling_regression_train_004864,0
cooling_regression_train_004865,2
cooling_regression_train_004866,3
cooling_regression_train_004867,4
cooling_regression_train_004868,0
cooling_regression_train_004869,0
cooling_regression_train_004870,2
cooling_regression_train_004871,1
cooling_regression_train_004872,3
cooling_regression_train_004873,3
cooling_regression_train_004874,1
cooling_regression_train_004875,3
cooling_regression_train_004876,2
cooling_regression_train_004877,4
cooling_regression_train_004878,2
cooling_regression_train_004879,3
cooling_regression_train_004880,2
cooling_regression_train_004881,0
cooling_regression_train_004882,2
cooling_regression_train_004883,4
cooling_regression_train_004884,3
cooling_regression_train_004885,0
cooling_regression_train_004886,1
cooling_regression_train_004887,0
cooling_regression_train_004888,4
cooling_regression_train_004889,4
cooling_regression_train_004890,1
cooling_regression_train_004891,2
cooling_regression_train_004892,4
cooling_regression_train_004893,2
cooling_regression_train_004894,3
cooling_regression_train_004895,3
cooling_regression_train_004896,4
cooling_regression_train_004897,4
cooling_regression_train_004898,1
cooling_regression_train_004899,3
cooling_regression_train_004900,3
cooling_regression_train_004901,2
cooling_regression_train_004902,1
cooling_regression_train_004903,0
cooling_regression_train_004904,1
cooling_regression_train_004905,4
cooling_regression_train_004906,3
cooling_regression_train_004907,0
cooling_regression_train_004908,2
cooling_regression_train_004909,2
cooling_regression_train_004910,2
cooling_regression_train_004911,0
cooling_regression_train_004912,3
cooling_regression_train_004913,2
cooling_regression_train_004914,0
cooling_regression_train_004915,0
cooling_regression_train_004916,4
cooling_regression_train_004917,4
cooling_regression_train_004918,3
cooling_regression_train_004919,0
cooling_regression_train_004920,3
cooling_regression_train_004921,1
cooling_regression_train_004922,4
cooling_regression_train_004923,3
cooling_regression_train_004924,3
cooling_regression_train_004925,2
cooling_regression_train_004926,3
cooling_regression_train_004927,2
cooling_regression_train_004928,1
cooling_regression_train_004929,4
cooling_regression_train_004930,2
cooling_regression_train_004931,4
cooling_regression_train_004932,4
cooling_regression_train_004933,4
cooling_regression_train_004934,1
cooling_regression_train_004935,4
cooling_regression_train_004936,4
cooling_regression_train_004937,3
cooling_regression_train_004938,1
cooling_regression_train_004939,4
cooling_regression_train_004940,4
cooling_regression_train_004941,1
cooling_regression_train_004942,2
cooling_regression_train_004943,3
cooling_regression_train_004944,2
cooling_regression_train_004945,2
cooling_regression_train_004946,2
cooling_regression_train_004947,2
cooling_regression_train_004948,4
cooling_regression_train_004949,3
cooling_regression_train_004950,0
cooling_regression_train_004951,3
cooling_regression_train_004952,1
cooling_regression_train_004953,2
cooling_regression_train_004954,0
cooling_regression_train_004955,2
cooling_regression_train_004956,0
cooling_regression_train_004957,0
cooling_regression_train_004958,3
cooling_regression_train_004959,3
cooling_regression_train_004960,2
cooling_regression_train_004961,3
cooling_regression_train_004962,4
cooling_regression_train_004963,2
cooling_regression_train_004964,3
cooling_regression_train_004965,2
cooling_regression_train_004966,2
cooling_regression_train_004967,3
cooling_regression_train_004968,4
cooling_regression_train_004969,3
cooling_regression_train_004970,2
cooling_regression_train_004971,0
cooling_regression_train_004972,1
cooling_regression_train_004973,4
cooling_regression_train_004974,4
cooling_regression_train_004975,1
cooling_regression_train_004976,2
cooling_regression_train_004977,3
cooling_regression_train_004978,2
cooling_regression_train_004979,0
cooling_regression_train_004980,2
cooling_regression_train_004981,4
cooling_regression_train_004982,2
cooling_regression_train_004983,1
cooling_regression_train_004984,2
cooling_regression_train_004985,0
cooling_regression_train_004986,3
cooling_regression_train_004987,4
cooling_regression_train_004988,2
cooling_regression_train_004989,4
cooling_regression_train_004990,3
cooling_regression_train_004991,4
cooling_regression_train_004992,0
cooling_regression_train_004993,3
cooling_regression_train_004994,4
cooling_regression_train_004995,4
cooling_regression_train_004996,0
cooling_regression_train_004997,4
cooling_regression_train_004998,2
cooling_regression_train_004999,0
cooling_regression_train_005000,4
