sample_id,fold
execution_classification_train_000001,3
execution_classification_train_000002,0
execution_classification_train_000003,3
execution_classification_train_000004,4
execution_classification_train_000005,1
execution_classification_train_000006,2
execution_classification_train_000007,0
execution_classification_train_000008,0
execution_classification_train_000009,1
execution_classification_train_000010,0
execution_classification_train_000011,0
execution_classification_train_000012,2
execution_classification_train_000013,0
execution_classification_train_000014,0
execution_classification_train_000015,3
execution_classification_train_000016,1
execution_classification_train_000017,4
execution_classification_train_000018,0
execution_classification_train_000019,3
execution_classification_train_000020,0
execution_classification_train_000021,4
execution_classification_train_000022,1
execution_classification_train_000023,4
execution_classification_train_000024,3
execution_classification_train_000025,4
execution_classification_train_000026,0
execution_classification_train_000027,1
execution_classification_train_000028,1
execution_classification_train_000029,3
execution_classification_train_000030,4
execution_classification_train_000031,3
execution_classification_train_000032,4
execution_classification_train_000033,0
execution_classification_train_000034,3
execution_classification_train_000035,4
execution_classification_train_000036,4
execution_classification_train_000037,2
execution_classification_train_000038,3
execution_classification_train_000039,3
execution_classification_train_000040,2
execution_classification_train_000041,4
execution_classification_train_000042,1
execution_classification_train_000043,0
execution_classification_train_000044,4
execution_classification_train_000045,0
execution_classification_train_000046,4
execution_classification_train_000047,2
execution_classification_train_000048,0
execution_classification_train_000049,3
execution_classification_train_000050,4
execution_classification_train_000051,4
execution_classification_train_000052,3
execution_classification_train_000053,3
execution_classification_train_000054,3
execution_classification_train_000055,1
execution_classification_train_000056,2
execution_classification_train_000057,1
execution_classification_train_000058,3
execution_classification_train_000059,1
execution_classification_train_000060,3
execution_classification_train_000061,0
execution_classification_train_000062,0
execution_classification_train_000063,3
execution_classification_train_000064,0
execution_classification_train_000065,3
execution_classification_train_000066,1
execution_classification_train_000067,3
execution_classification_train_000068,2
execution_classification_train_000069,3
execution_classification_train_000070,0
execution_classification_train_000071,3
execution_classification_train_000072,4
execution_classification_train_000073,4
execution_classification_train_000074,2
execution_classification_train_000075,1
execution_classification_train_000076,3
execution_classification_train_000077,3
execution_classification_train_000078,4
execution_classification_train_000079,1
execution_classification_train_000080,1
execution_classification_train_000081,0
execution_classification_train_000082,4
execution_classification_train_000083,0
execution_classification_train_000084,3
execution_classification_train_000085,3
execution_classification_train_000086,3
execution_classification_train_000087,3
execution_classification_train_000088,1
execution_classification_train_000089,3
execution_classification_train_000090,4
execution_classification_train_000091,3
execution_classification_train_000092,3
execution_classification_train_000093,2
execution_classification_train_000094,3
execution_classification_train_000095,2
execution_classification_train_000096,4
execution_classification_train_000097,0
execution_classification_train_000098,1
execution_classification_train_000099,3
execution_classification_train_000100,0
execution_classification_train_000101,4
execution_classification_train_000102,3
execution_classification_train_000103,0
execution_classification_train_000104,1
execution_classification_train_000105,0
execution_classification_train_000106,2
execution_classification_train_000107,0
execution_classification_train_000108,3
execution_classification_train_000109,1
execution_classification_train_000110,3
execution_classification_train_000111,1
execution_classification_train_000112,1
execution_classification_train_000113,0
execution_classification_train_000114,4
execution_classification_train_000115,1
execution_classification_train_000116,1
execution_classification_train_000117,0
execution_classification_train_000118,2
execution_classification_train_000119,2
execution_classification_train_000120,3
execution_classification_train_000121,4
execution_classification_train_000122,0
execution_classification_train_000123,0
execution_classification_train_000124,1
execution_classification_train_000125,2
execution_classification_train_000126,0
execution_classification_train_000127,3
execution_classification_train_000128,3
execution_classification_train_000129,3
execution_classification_train_000130,2
execution_classification_train_000131,2
execution_classification_train_000132,4
execution_classification_train_000133,0
execution_classification_train_000134,2
execution_classification_train_000135,0
execution_classification_train_000136,4
execution_classification_train_000137,1
execution_classification_train_000138,2
execution_classification_train_000139,4
execution_classification_train_000140,1
execution_classification_train_000141,3
execution_classification_train_000142,0
execution_classification_train_000143,0
execution_classification_train_000144,2
execution_classification_train_000145,2
execution_classification_train_000146,0
execution_classification_train_000147,3
execution_classification_train_000148,1
execution_classification_train_000149,4
execution_classification_train_000150,4
execution_classification_train_000151,3
execution_classification_train_000152,0
execution_classification_train_000153,3
execution_classification_train_000154,3
execution_classification_train_000155,3
execution_classification_train_000156,1
execution_classification_train_000157,4
execution_classification_train_000158,0
execution_classification_train_000159,1
execution_classification_train_000160,2
execution_classification_train_000161,4
execution_classification_train_000162,2
execution_classification_train_000163,3
execution_classification_train_000164,0
execution_classification_train_000165,0
execution_classification_train_000166,4
execution_classification_train_000167,2
execution_classification_train_000168,1
execution_classification_train_000169,1
execution_classification_train_000170,3
execution_classification_train_000171,3
execution_classification_train_000172,1
execution_classification_train_000173,4
execution_classification_train_000174,1
execution_classification_train_000175,2
execution_classification_train_000176,0
execution_classification_train_000177,2
execution_classification_train_000178,2
execution_classification_train_000179,1
execution_classification_train_000180,4
execution_classification_train_000181,3
execution_classification_train_000182,0
execution_classification_train_000183,2
execution_classification_train_000184,0
execution_classification_train_000185,4
execution_classification_train_000186,4
execution_classification_train_000187,4
execution_classification_train_000188,1
execution_classification_train_000189,0
execution_classification_train_000190,2
execution_classification_train_000191,0
execution_classification_train_000192,0
execution_classification_train_000193,1
execution_classification_train_000194,0
execution_classification_train_000195,3
execution_classification_train_000196,1
execution_classification_train_000197,0
execution_classification_train_000198,3
execution_classification_train_000199,4
execution_classification_train_000200,3
execution_classification_train_000201,1
execution_classification_train_000202,0
execution_classification_train_000203,1
execution_classification_train_000204,4
execution_classification_train_000205,3
execution_classification_train_000206,2
execution_classification_train_000207,1
execution_classification_train_000208,3
execution_classification_train_000209,4
execution_classification_train_000210,1
execution_classification_train_000211,0
execution_classification_train_000212,3
execution_classification_train_000213,2
execution_classification_train_000214,4
execution_classification_train_000215,4
execution_classification_train_000216,0
execution_classification_train_000217,2
execution_classification_train_000218,2
execution_classification_train_000219,0
execution_classification_train_000220,1
execution_classification_train_000221,4
execution_classification_train_000222,0
execution_classification_train_000223,3
execution_classification_train_000224,0
execution_classification_train_000225,1
execution_classification_train_000226,4
execution_classification_train_000227,0
execution_classification_train_000228,3
execution_classification_train_000229,3
execution_classification_train_000230,0
execution_classification_train_000231,0
execution_classification_train_000232,3
execution_classification_train_000233,2
execution_classification_train_000234,1
execution_classification_train_000235,3
execution_classification_train_000236,4
execution_classification_train_000237,0
execution_classification_train_000238,4
execution_classification_train_000239,1
execution_classification_train_000240,1
execution_classification_train_000241,2
execution_classification_train_000242,4
execution_classification_train_000243,4
execution_classification_train_000244,0
execution_classification_train_000245,0
execution_classification_train_000246,3
execution_classification_train_000247,2
execution_classification_train_000248,2
execution_classification_train_000249,3
execution_classification_train_000250,1
execution_classification_train_000251,0
execution_classification_train_000252,1
execution_classification_train_000253,0
execution_classification_train_000254,4
execution_classification_train_000255,0
execution_classification_train_000256,3
execution_classification_train_000257,2
execution_classification_train_000258,3
execution_classification_train_000259,4
execution_classification_train_000260,2
execution_classification_train_000261,0
execution_classification_train_000262,0
execution_classification_train_000263,0
execution_classification_train_000264,3
execution_classification_train_000265,4
execution_classification_train_000266,2
execution_classification_train_000267,0
execution_classification_train_000268,2
execution_classification_train_000269,2
execution_classification_train_000270,2
execution_classification_train_000271,3
execution_classification_train_000272,3
execution_classification_train_000273,3
execution_classification_train_000274,2
execution_classification_train_000275,2
execution_classification_train_000276,2
execution_classification_train_000277,2
execution_classification_train_000278,0
execution_classification_train_000279,3
execution_classification_train_000280,2
execution_classification_train_000281,1
execution_classification_train_000282,2
execution_classification_train_000283,4
execution_classification_train_000284,3
execution_classification_train_000285,0
execution_classification_train_000286,4
execution_classification_train_000287,2
execution_classification_train_000288,1
execution_classification_train_000289,4
execution_classification_train_000290,0
execution_classification_train_000291,0
execution_classification_train_000292,4
execution_classification_train_000293,4
execution_classification_train_000294,3
execution_classification_train_000295,4
execution_classification_train_000296,4
execution_classification_train_000297,3
execution_classification_train_000298,0
execution_classification_train_000299,2
execution_classification_train_000300,4
execution_classification_train_000301,2
execution_classification_train_000302,0
execution_classification_train_000303,0
execution_classification_train_000304,4
execution_classification_train_000305,1
execution_classification_train_000306,4
execution_classification_train_000307,3
execution_classification_train_000308,4
execution_classification_train_000309,1
execution_classification_train_000310,3
execution_classification_train_000311,1
execution_classification_train_000312,3
execution_classification_train_000313,1
execution_classification_train_000314,4
execution_classification_train_000315,0
execution_classification_train_000316,1
execution_classification_train_000317,4
execution_classification_train_000318,2
execution_classification_train_000319,4
execution_classification_train_000320,1
execution_classification_train_000321,0
execution_classification_train_000322,4
execution_classification_train_000323,3
execution_classification_train_000324,2
execution_classification_train_000325,2
execution_classification_train_000326,4
execution_classification_train_000327,4
execution_classification_train_000328,2
execution_classification_train_000329,4
execution_classification_train_000330,0
execution_classification_train_000331,0
execution_classification_train_000332,2
execution_classification_train_000333,0
execution_classification_train_000334,3
execution_classification_train_000335,1
execution_classification_train_000336,0
execution_classification_train_000337,1
execution_classification_train_000338,3
execution_classification_train_000339,4
execution_classification_train_000340,3
execution_classification_train_000341,3
execution_classification_train_000342,2
execution_classification_train_000343,4
execution_classification_train_000344,4
execution_classification_train_000345,0
execution_classification_train_000346,2
execution_classification_train_000347,4
execution_classification_train_000348,2
execution_classification_train_000349,1
execution_classification_train_000350,3
execution_classification_train_000351,1
execution_classification_train_000352,4
execution_classification_train_000353,3
execution_classification_train_000354,1
execution_classification_train_000355,4
execution_classification_train_000356,4
execution_classification_train_000357,4
execution_classification_train_000358,0
execution_classification_train_000359,0
execution_classification_train_000360,1
execution_classification_train_000361,1
execution_classification_train_000362,3
execution_classification_train_000363,4
execution_classification_train_000364,2
execution_classification_train_000365,4
execution_classification_train_000366,4
execution_classification_train_000367,1
execution_classification_train_000368,3
execution_classification_train_000369,3
execution_classification_train_000370,3
execution_classification_train_000371,2
execution_classification_train_000372,1
execution_classification_train_000373,3
execution_classification_train_000374,3
execution_classification_train_000375,4
execution_classification_train_000376,3
execution_classification_train_000377,2
execution_classification_train_000378,0
execution_classification_train_000379,3
execution_classification_train_000380,1
execution_classification_train_000381,1
execution_classification_train_000382,3
execution_classification_train_000383,2
execution_classification_train_000384,2
execution_classification_train_000385,1
execution_classification_train_000386,2
execution_classification_train_000387,2
execution_classification_train_000388,3
execution_classification_train_000389,2
execution_classification_train_000390,3
execution_classification_train_000391,4
execution_classification_train_000392,3
execution_classification_train_000393,2
execution_classification_train_000394,3
execution_classification_train_000395,3
execution_classification_train_000396,0
execution_classification_train_000397,4
execution_classification_train_000398,3
execution_classification_train_000399,4
execution_classification_train_000400,0
execution_classification_train_000401,1
execution_classification_train_000402,4
execution_classification_train_000403,0
execution_classification_train_000404,1
execution_classification_train_000405,2
execution_classification_train_000406,3
execution_classification_train_000407,1
execution_classification_train_000408,3
execution_classification_train_000409,2
execution_classification_train_000410,2
execution_classification_train_000411,4
execution_classification_train_000412,3
execution_classification_train_000413,4
execution_classification_train_000414,3
execution_classification_train_000415,1
execution_classification_train_000416,0
execution_classification_train_000417,1
execution_classification_train_000418,3
execution_classification_train_000419,1
execution_classification_train_000420,4
execution_classification_train_000421,2
execution_classification_train_000422,1
execution_classification_train_000423,1
execution_classification_train_000424,4
execution_classification_train_000425,4
execution_classification_train_000426,3
execution_classification_train_000427,0
execution_classification_train_000428,4
execution_classification_train_000429,3
execution_classification_train_000430,3
execution_classification_train_000431,3
execution_classification_train_000432,4
execution_classification_train_000433,4
execution_classification_train_000434,2
execution_classification_train_000435,1
execution_classification_train_000436,4
execution_classification_train_000437,1
execution_classification_train_000438,2
execution_classification_train_000439,4
execution_classification_train_000440,2
execution_classification_train_000441,2
execution_classification_train_000442,3
execution_classification_train_000443,3
execution_classification_train_000444,3
execution_classification_train_000445,4
execution_classification_train_000446,1
execution_classification_train_000447,2
execution_classification_train_000448,2
execution_classification_train_000449,0
execution_classification_train_000450,3
execution_classification_train_000451,2
execution_classification_train_000452,4
execution_classification_train_000453,0
execution_classification_train_000454,3
execution_classification_train_000455,3
execution_classification_train_000456,4
execution_classification_train_000457,4
execution_classification_train_000458,2
execution_classification_train_000459,0
execution_classification_train_000460,4
execution_classification_train_000461,0
execution_classification_train_000462,1
execution_classification_train_000463,4
execution_classification_train_000464,1
execution_classification_train_000465,3
execution_classification_train_000466,4
execution_classification_train_000467,2
execution_classification_train_000468,1
execution_classification_train_000469,3
execution_classification_train_000470,2
execution_classification_train_000471,1
execution_classification_train_000472,1
execution_classification_train_000473,0
execution_classification_train_000474,0
execution_classification_train_000475,3
execution_classification_train_000476,0
execution_classification_train_000477,3
execution_classification_train_000478,2
execution_classification_train_000479,3
execution_classification_train_000480,3
execution_classification_train_000481,3
execution_classification_train_000482,2
execution_classification_train_000483,2
execution_classification_train_000484,3
execution_classification_train_000485,3
execution_classification_train_000486,2
execution_classification_train_000487,0
execution_classification_train_000488,1
execution_classification_train_000489,1
execution_classification_train_000490,2
execution_classification_train_000491,4
execution_classification_train_000492,3
execution_classification_train_000493,0
execution_classification_train_000494,0
execution_classification_train_000495,1
execution_classification_train_000496,3
execution_classification_train_000497,3
execution_classification_train_000498,4
execution_classification_train_000499,0
execution_classification_train_000500,1
execution_classification_train_000501,0
execution_classification_train_000502,3
execution_classification_train_000503,0
execution_classification_train_000504,0
execution_classification_train_000505,0
execution_classification_train_000506,3
execution_classification_train_000507,4
execution_classification_train_000508,2
execution_classification_train_000509,2
execution_classification_train_000510,2
execution_classification_train_000511,1
execution_classification_train_000512,4
execution_classification_train_000513,3
execution_classification_train_000514,1
execution_classification_train_000515,4
execution_classification_train_000516,1
execution_classification_train_000517,1
execution_classification_train_000518,4
execution_classification_train_000519,3
execution_classification_train_000520,4
execution_classification_train_000521,3
execution_classification_train_000522,3
execution_classification_train_000523,3
execution_classification_train_000524,2
execution_classification_train_000525,0
execution_classification_train_000526,1
execution_classification_train_000527,3
execution_classification_train_000528,4
execution_classification_train_000529,2
execution_classification_train_000530,4
execution_classification_train_000531,0
execution_classification_train_000532,1
execution_classification_train_000533,0
execution_classification_train_000534,1
execution_classification_train_000535,2
execution_classification_train_000536,3
execution_classification_train_000537,3
execution_classification_train_000538,4
execution_classification_train_000539,1
execution_classification_train_000540,4
execution_classification_train_000541,4
execution_classification_train_000542,3
execution_classification_train_000543,3
execution_classification_train_000544,3
execution_classification_train_000545,4
execution_classification_train_000546,0
execution_classification_train_000547,2
execution_classification_train_000548,2
execution_classification_train_000549,2
execution_classification_train_000550,4
execution_classification_train_000551,3
execution_classification_train_000552,1
execution_classification_train_000553,0
execution_classification_train_000554,0
execution_classification_train_000555,2
execution_classification_train_000556,0
execution_classification_train_000557,3
execution_classification_train_000558,1
execution_classification_train_000559,1
execution_classification_train_000560,4
execution_classification_train_000561,2
execution_classification_train_000562,3
execution_classification_train_000563,1
execution_classification_train_000564,4
execution_classification_train_000565,0
execution_classification_train_000566,2
execution_classification_train_000567,3
execution_classification_train_000568,0
execution_classification_train_000569,2
execution_classification_train_000570,0
execution_classification_train_000571,4
execution_classification_train_000572,3
execution_classification_train_000573,4
execution_classification_train_000574,2
execution_classification_train_000575,3
execution_classification_train_000576,3
execution_classification_train_000577,1
execution_classification_train_000578,1
execution_classification_train_000579,4
execution_classification_train_000580,0
execution_classification_train_000581,2
execution_classification_train_000582,2
execution_classification_train_000583,3
execution_classification_train_000584,4
execution_classification_train_000585,0
execution_classification_train_000586,1
execution_classification_train_000587,0
execution_classification_train_000588,0
execution_classification_train_000589,2
execution_classification_train_000590,3
execution_classification_train_000591,3
execution_classification_train_000592,0
execution_classification_train_000593,3
execution_classification_train_000594,1
execution_classification_train_000595,2
execution_classification_train_000596,3
execution_classification_train_000597,3
execution_classification_train_000598,0
execution_classification_train_000599,4
execution_classification_train_000600,1
execution_classification_train_000601,3
execution_classification_train_000602,1
execution_classification_train_000603,2
execution_classification_train_000604,2
execution_classification_train_000605,0
execution_classification_train_000606,2
execution_classification_train_000607,0
execution_classification_train_000608,0
execution_classification_train_000609,4
execution_classification_train_000610,3
execution_classification_train_000611,4
execution_classification_train_000612,0
execution_classification_train_000613,4
execution_classification_train_000614,2
execution_classification_train_000615,2
execution_classification_train_000616,1
execution_classification_train_000617,1
execution_classification_train_000618,2
execution_classification_train_000619,0
execution_classification_train_000620,3
execution_classification_train_000621,4
execution_classification_train_000622,1
execution_classification_train_000623,1
execution_classification_train_000624,1
execution_classification_train_000625,0
execution_classification_train_000626,4
execution_classification_train_000627,0
execution_classification_train_000628,0
execution_classification_train_000629,3
execution_classification_train_000630,2
execution_classification_train_000631,1
execution_classification_train_000632,0
execution_classification_train_000633,1
execution_classification_train_000634,2
execution_classification_train_000635,4
execution_classification_train_000636,3
execution_classification_train_000637,2
execution_classification_train_000638,2
execution_classification_train_000639,4
execution_classification_train_000640,4
execution_classification_train_000641,1
execution_classification_train_000642,1
execution_classification_train_000643,0
execution_classification_train_000644,0
execution_classification_train_000645,0
execution_classification_train_000646,3
execution_classification_train_000647,2
execution_classification_train_000648,2
execution_classification_train_000649,2
execution_classification_train_000650,4
execution_classification_train_000651,0
execution_classification_train_000652,3
execution_classification_train_000653,1
execution_classification_train_000654,0
execution_classification_train_000655,4
execution_classification_train_000656,2
execution_classification_train_000657,0
execution_classification_train_000658,0
execution_classification_train_000659,0
execution_classification_train_000660,1
execution_classification_train_000661,3
execution_classification_train_000662,2
execution_classification_train_000663,4
execution_classification_train_000664,4
execution_classification_train_000665,0
execution_classification_train_000666,3
execution_classification_train_000667,0
execution_classification_train_000668,3
execution_classification_train_000669,4
execution_classification_train_000670,4
execution_classification_train_000671,1
execution_classification_train_000672,1
execution_classification_train_000673,4
execution_classification_train_000674,4
execution_classification_train_000675,4
execution_classification_train_000676,3
execution_classification_train_000677,3
execution_classification_train_000678,2
execution_classification_train_000679,1
execution_classification_train_000680,4
execution_classification_train_000681,4
execution_classification_train_000682,3
execution_classification_train_000683,2
execution_classification_train_000684,3
execution_classification_train_000685,0
execution_classification_train_000686,4
execution_classification_train_000687,0
execution_classification_train_000688,2
execution_classification_train_000689,0
execution_classification_train_000690,4
execution_classification_train_000691,1
execution_classification_train_000692,0
execution_classification_train_000693,2
execution_classification_train_000694,3
execution_classification_train_000695,3
execution_classification_train_000696,2
execution_classification_train_000697,4
execution_classification_train_000698,4
execution_classification_train_000699,2
execution_classification_train_000700,0
execution_classification_train_000701,2
execution_classification_train_000702,2
execution_classification_train_000703,2
execution_classification_train_000704,3
execution_classification_train_000705,1
execution_classification_train_000706,0
execution_classification_train_000707,3
execution_classification_train_000708,4
execution_classification_train_000709,4
execution_classification_train_000710,3
execution_classification_train_000711,1
execution_classification_train_000712,3
execution_classification_train_000713,4
execution_classification_train_000714,3
execution_classification_train_000715,2
execution_classification_train_000716,3
execution_classification_train_000717,2
execution_classification_train_000718,1
execution_classification_train_000719,2
execution_classification_train_000720,2
execution_classification_train_000721,0
execution_classification_train_000722,1
execution_classification_train_000723,2
execution_classification_train_000724,0
execution_classification_train_000725,0
execution_classification_train_000726,2
execution_classification_train_000727,1
execution_classification_train_000728,3
execution_classification_train_000729,1
execution_classification_train_000730,1
execution_classification_train_000731,3
execution_classification_train_000732,2
execution_classification_train_000733,4
execution_classification_train_000734,4
execution_classification_train_000735,1
execution_classification_train_000736,0
execution_classification_train_000737,0
execution_classification_train_000738,0
execution_classification_train_000739,4
execution_classification_train_000740,4
execution_classification_train_000741,2
execution_classification_train_000742,2
execution_classification_train_000743,1
execution_classification_train_000744,4
execution_classification_train_000745,4
execution_classification_train_000746,1
execution_classification_train_000747,3
execution_classification_train_000748,0
execution_classification_train_000749,0
execution_classification_train_000750,0
execution_classification_train_000751,3
execution_classification_train_000752,3
execution_classification_train_000753,2
execution_classification_train_000754,1
execution_classification_train_000755,0
execution_classification_train_000756,2
execution_classification_train_000757,4
execution_classification_train_000758,2
execution_classification_train_000759,0
execution_classification_train_000760,2
execution_classification_train_000761,3
execution_classification_train_000762,4
execution_classification_train_000763,0
execution_classification_train_000764,1
execution_classification_train_000765,2
execution_classification_train_000766,3
execution_classification_train_000767,2
execution_classification_train_000768,3
execution_classification_train_000769,0
execution_classification_train_000770,1
execution_classification_train_000771,4
execution_classification_train_000772,3
execution_classification_train_000773,2
execution_classification_train_000774,3
execution_classification_train_000775,1
execution_classification_train_000776,1
execution_classification_train_000777,4
execution_classification_train_000778,1
execution_classification_train_000779,0
execution_classification_train_000780,0
execution_classification_train_000781,2
execution_classification_train_000782,1
execution_classification_train_000783,2
execution_classification_train_000784,2
execution_classification_train_000785,3
execution_classification_train_000786,2
execution_classification_train_000787,0
execution_classification_train_000788,1
execution_classification_train_000789,0
execution_classification_train_000790,0
execution_classification_train_000791,4
execution_classification_train_000792,3
execution_classification_train_000793,1
execution_classification_train_000794,4
execution_classification_train_000795,2
execution_classification_train_000796,3
execution_classification_train_000797,1
execution_classification_train_000798,2
execution_classification_train_000799,3
execution_classification_train_000800,1
execution_classification_train_000801,2
execution_classification_train_000802,3
execution_classification_train_000803,1
execution_classification_train_000804,3
execution_classification_train_000805,0
execution_classification_train_000806,0
execution_classification_train_000807,3
execution_classification_train_000808,1
execution_classification_train_000809,3
execution_classification_train_000810,0
execution_classification_train_000811,2
execution_classification_train_000812,2
execution_classification_train_000813,1
execution_classification_train_000814,0
execution_classification_train_000815,4
execution_classification_train_000816,2
execution_classification_train_000817,2
execution_classification_train_000818,1
execution_classification_train_000819,2
execution_classification_train_000820,0
execution_classification_train_000821,2
execution_classification_train_000822,3
execution_classification_train_000823,1
execution_classification_train_000824,1
execution_classification_train_000825,2
execution_classification_train_000826,1
execution_classification_train_000827,4
execution_classification_train_000828,0
execution_classification_train_000829,4
execution_classification_train_000830,4
execution_classification_train_000831,0
execution_classification_train_000832,1
execution_classification_train_000833,4
execution_classification_train_000834,2
execution_classification_train_000835,0
execution_classification_train_000836,0
execution_classification_train_000837,1
execution_classification_train_000838,1
execution_classification_train_000839,3
execution_classification_train_000840,0
execution_classification_train_000841,0
execution_classification_train_000842,1
execution_classification_train_000843,1
execution_classification_train_000844,3
execution_classification_train_000845,0
execution_classification_train_000846,3
execution_classification_train_000847,2
execution_classification_train_000848,2
execution_classification_train_000849,0
execution_classification_train_000850,0
execution_classification_train_000851,0
execution_classification_train_000852,1
execution_classification_train_000853,0
execution_classification_train_000854,3
execution_classification_train_000855,0
execution_classification_train_000856,4
execution_classification_train_000857,4
execution_classification_train_000858,3
execution_classification_train_000859,4
execution_classification_train_000860,3
execution_classification_train_000861,4
execution_classification_train_000862,4
execution_classification_train_000863,0
execution_classification_train_000864,2
execution_classification_train_000865,2
execution_classification_train_000866,0
execution_classification_train_000867,1
execution_classification_train_000868,1
execution_classification_train_000869,3
execution_classification_train_000870,3
execution_classification_train_000871,2
execution_classification_train_000872,3
execution_classification_train_000873,4
execution_classification_train_000874,2
execution_classification_train_000875,0
execution_classification_train_000876,3
execution_classification_train_000877,4
execution_classification_train_000878,1
execution_classification_train_000879,3
execution_classification_train_000880,1
execution_classification_train_000881,2
execution_classification_train_000882,3
execution_classification_train_000883,4
execution_classification_train_000884,3
execution_classification_train_000885,3
execution_classification_train_000886,1
execution_classification_train_000887,4
execution_classification_train_000888,1
execution_classification_train_000889,0
execution_classification_train_000890,3
execution_classification_train_000891,4
execution_classification_train_000892,1
execution_classification_train_000893,4
execution_classification_train_000894,4
execution_classification_train_000895,2
execution_classification_train_000896,0
execution_classification_train_000897,3
execution_classification_train_000898,3
execution_classification_train_000899,2
execution_classification_train_000900,3
execution_classification_train_000901,1
execution_classification_train_000902,2
execution_classification_train_000903,4
execution_classification_train_000904,3
execution_classification_train_000905,2
execution_classification_train_000906,0
execution_classification_train_000907,2
execution_classification_train_000908,1
execution_classification_train_000909,0
execution_classification_train_000910,1
execution_classification_train_000911,4
execution_classification_train_000912,3
execution_classification_train_000913,4
execution_classification_train_000914,3
execution_classification_train_000915,3
execution_classification_train_000916,2
execution_classification_train_000917,0
execution_classification_train_000918,4
execution_classification_train_000919,2
execution_classification_train_000920,0
execution_classification_train_000921,1
execution_classification_train_000922,3
execution_classification_train_000923,1
execution_classification_train_000924,2
execution_classification_train_000925,1
execution_classification_train_000926,4
execution_classification_train_000927,4
execution_classification_train_000928,0
execution_classification_train_000929,0
execution_classification_train_000930,2
execution_classification_train_000931,2
execution_classification_train_000932,1
execution_classification_train_000933,3
execution_classification_train_000934,3
execution_classification_train_000935,0
execution_classification_train_000936,1
execution_classification_train_000937,0
execution_classification_train_000938,4
execution_classification_train_000939,1
execution_classification_train_000940,3
execution_classification_train_000941,3
execution_classification_train_000942,0
execution_classification_train_000943,3
execution_classification_train_000944,3
execution_classification_train_000945,0
execution_classification_train_000946,2
execution_classification_train_000947,4
execution_classification_train_000948,4
execution_classification_train_000949,0
execution_classification_train_000950,2
execution_classification_train_000951,0
execution_classification_train_000952,0
execution_classification_train_000953,1
execution_classification_train_000954,4
execution_classification_train_000955,3
execution_classification_train_000956,4
execution_classification_train_000957,1
execution_classification_train_000958,2
execution_classification_train_000959,2
execution_classification_train_000960,0
execution_classification_train_000961,2
execution_classification_train_000962,2
execution_classification_train_000963,3
execution_classification_train_000964,2
execution_classification_train_000965,4
execution_classification_train_000966,4
execution_classification_train_000967,3
execution_classification_train_000968,1
execution_classification_train_000969,0
execution_classification_train_000970,4
execution_classification_train_000971,4
execution_classification_train_000972,4
execution_classification_train_000973,1
execution_classification_train_000974,2
execution_classification_train_000975,4
execution_classification_train_000976,3
execution_classification_train_000977,1
execution_classification_train_000978,1
execution_classification_train_000979,1
execution_classification_train_000980,2
execution_classification_train_000981,0
execution_classification_train_000982,3
execution_classification_train_000983,3
execution_classification_train_000984,3
execution_classification_train_000985,0
execution_classification_train_000986,4
execution_classification_train_000987,0
execution_classification_train_000988,2
execution_classification_train_000989,2
execution_classification_train_000990,0
execution_classification_train_000991,3
execution_classification_train_000992,4
execution_classification_train_000993,4
execution_classification_train_000994,0
execution_classification_train_000995,1
execution_classification_train_000996,4
execution_classification_train_000997,4
execution_classification_train_000998,0
execution_classification_train_000999,3
execution_classification_train_001000,3
execution_classification_train_001001,2
execution_classification_train_001002,3
execution_classification_train_001003,4
execution_classification_train_001004,1
execution_classification_train_001005,0
execution_classification_train_001006,4
execution_classification_train_001007,0
execution_classification_train_001008,0
execution_classification_train_001009,2
execution_classification_train_001010,1
execution_classification_train_001011,1
execution_classification_train_001012,3
execution_classification_train_001013,3
execution_classification_train_001014,2
execution_classification_train_001015,3
execution_classification_train_001016,4
execution_classification_train_001017,2
execution_classification_train_001018,2
execution_classification_train_001019,4
execution_classification_train_001020,4
execution_classification_train_001021,3
execution_classification_train_001022,0
execution_classification_train_001023,1
execution_classification_train_001024,0
execution_classification_train_001025,0
execution_classification_train_001026,4
execution_classification_train_001027,0
execution_classification_train_001028,3
execution_classification_train_001029,0
execution_classification_train_001030,1
execution_classification_train_001031,3
execution_classification_train_001032,3
execution_classification_train_001033,3
execution_classification_train_001034,3
execution_classification_train_001035,4
execution_classification_train_001036,3
execution_classification_train_001037,2
execution_classification_train_001038,1
execution_classification_train_001039,3
execution_classification_train_001040,2
execution_classification_train_001041,4
execution_classification_train_001042,4
execution_classification_train_001043,4
execution_classification_train_001044,2
execution_classification_train_001045,3
execution_classification_train_001046,1
execution_classification_train_001047,0
execution_classification_train_001048,3
execution_classification_train_001049,1
execution_classification_train_001050,4
execution_classification_train_001051,0
execution_classification_train_001052,3
execution_classification_train_001053,1
execution_classification_train_001054,0
execution_classification_train_001055,3
execution_classification_train_001056,0
execution_classification_train_001057,1
execution_classification_train_001058,3
execution_classification_train_001059,2
execution_classification_train_001060,4
execution_classification_train_001061,0
execution_classification_train_001062,1
execution_classification_train_001063,3
execution_classification_train_001064,3
execution_classification_train_001065,4
execution_classification_train_001066,1
execution_classification_train_001067,4
execution_classification_train_001068,4
execution_classification_train_001069,3
execution_classification_train_001070,2
execution_classification_train_001071,4
execution_classification_train_001072,1
execution_classification_train_001073,4
execution_classification_train_001074,2
execution_classification_train_001075,2
execution_classification_train_001076,3
execution_classification_train_001077,2
execution_classification_train_001078,4
execution_classification_train_001079,4
execution_classification_train_001080,1
execution_classification_train_001081,4
execution_classification_train_001082,4
execution_classification_train_001083,2
execution_classification_train_001084,2
execution_classification_train_001085,4
execution_classification_train_001086,1
execution_classification_train_001087,1
execution_classification_train_001088,3
execution_classification_train_001089,1
execution_classification_train_001090,2
execution_classification_train_001091,1
execution_classification_train_001092,0
execution_classification_train_001093,4
execution_classification_train_001094,4
execution_classification_train_001095,1
execution_classification_train_001096,2
execution_classification_train_001097,3
execution_classification_train_001098,0
execution_classification_train_001099,4
execution_classification_train_001100,3
execution_classification_train_001101,1
execution_classification_train_001102,3
execution_classification_train_001103,3
execution_classification_train_001104,1
execution_classification_train_001105,1
execution_classification_train_001106,0
execution_classification_train_001107,1
execution_classification_train_001108,2
execution_classification_train_001109,3
execution_classification_train_001110,3
execution_classification_train_001111,3
execution_classification_train_001112,3
execution_classification_train_001113,0
execution_classification_train_001114,3
execution_classification_train_001115,1
execution_classification_train_001116,3
execution_classification_train_001117,4
execution_classification_train_001118,1
execution_classification_train_001119,0
execution_classification_train_001120,3
execution_classification_train_001121,4
execution_classification_train_001122,0
execution_classification_train_001123,2
execution_classification_train_001124,4
execution_classification_train_001125,0
execution_classification_train_001126,0
execution_classification_train_001127,3
execution_classification_train_001128,3
execution_classification_train_001129,3
execution_classification_train_001130,3
execution_classification_train_001131,4
execution_classification_train_001132,0
execution_classification_train_001133,1
execution_classification_train_001134,1
execution_classification_train_001135,4
execution_classification_train_001136,2
execution_classification_train_001137,3
execution_classification_train_001138,4
execution_classification_train_001139,2
execution_classification_train_001140,1
execution_classification_train_001141,1
execution_classification_train_001142,3
execution_classification_train_001143,0
execution_classification_train_001144,3
execution_classification_train_001145,1
execution_classification_train_001146,0
execution_classification_train_001147,1
execution_classification_train_001148,1
execution_classification_train_001149,2
execution_classification_train_001150,3
execution_classification_train_001151,2
execution_classification_train_001152,3
execution_classification_train_001153,4
execution_classification_train_001154,4
execution_classification_train_001155,3
execution_classification_train_001156,2
execution_classification_train_001157,0
execution_classification_train_001158,3
execution_classification_train_001159,3
execution_classification_train_001160,1
execution_classification_train_001161,0
execution_classification_train_001162,4
execution_classification_train_001163,0
execution_classification_train_001164,0
execution_classification_train_001165,3
execution_classification_train_001166,4
execution_classification_train_001167,0
execution_classification_train_001168,4
execution_classification_train_001169,4
execution_classification_train_001170,0
execution_classification_train_001171,3
execution_classification_train_001172,0
execution_classification_train_001173,3
execution_classification_train_001174,2
execution_classification_train_001175,3
execution_classification_train_001176,2
execution_classification_train_001177,3
execution_classification_train_001178,0
execution_classification_train_001179,3
execution_classification_train_001180,1
execution_classification_train_001181,4
execution_classification_train_001182,3
execution_classification_train_001183,4
execution_classification_train_001184,1
execution_classification_train_001185,2
execution_classification_train_001186,1
execution_classification_train_001187,4
execution_classification_train_001188,2
execution_classification_train_001189,3
execution_classification_train_001190,4
execution_classification_train_001191,4
execution_classification_train_001192,4
execution_classification_train_001193,2
execution_classification_train_001194,3
execution_classification_train_001195,3
execution_classification_train_001196,4
execution_classification_train_001197,4
execution_classification_train_001198,1
execution_classification_train_001199,3
execution_classification_train_001200,1
execution_classification_train_001201,2
execution_classification_train_001202,4
execution_classification_train_001203,4
execution_classification_train_001204,4
execution_classification_train_001205,3
execution_classification_train_001206,2
execution_classification_train_001207,1
execution_classification_train_001208,3
execution_classification_train_001209,2
execution_classification_train_001210,2
execution_classification_train_001211,2
execution_classification_train_001212,0
execution_classification_train_001213,2
execution_classification_train_001214,2
execution_classification_train_001215,2
execution_classification_train_001216,0
execution_classification_train_001217,0
execution_classification_train_001218,4
execution_classification_train_001219,1
execution_classification_train_001220,3
execution_classification_train_001221,1
execution_classification_train_001222,0
execution_classification_train_001223,0
execution_classification_train_001224,0
execution_classification_train_001225,0
execution_classification_train_001226,2
execution_classification_train_001227,4
execution_classification_train_001228,2
execution_classification_train_001229,0
execution_classification_train_001230,0
execution_classification_train_001231,3
execution_classification_train_001232,1
execution_classification_train_001233,4
execution_classification_train_001234,4
execution_classification_train_001235,4
execution_classification_train_001236,1
execution_classification_train_001237,2
execution_classification_train_001238,0
execution_classification_train_001239,0
execution_classification_train_001240,1
execution_classification_train_001241,2
execution_classification_train_001242,2
execution_classification_train_001243,0
execution_classification_train_001244,1
execution_classification_train_001245,3
execution_classification_train_001246,0
execution_classification_train_001247,3
execution_classification_train_001248,2
execution_classification_train_001249,1
execution_classification_train_001250,3
execution_classification_train_001251,3
execution_classification_train_001252,3
execution_classification_train_001253,1
execution_classification_train_001254,3
execution_classification_train_001255,1
execution_classification_train_001256,4
execution_classification_train_001257,2
execution_classification_train_001258,2
execution_classification_train_001259,1
execution_classification_train_001260,1
execution_classification_train_001261,2
execution_classification_train_001262,3
execution_classification_train_001263,4
execution_classification_train_001264,3
execution_classification_train_001265,1
execution_classification_train_001266,3
execution_classification_train_001267,0
execution_classification_train_001268,4
execution_classification_train_001269,4
execution_classification_train_001270,4
execution_classification_train_001271,0
execution_classification_train_001272,2
execution_classification_train_001273,4
execution_classification_train_001274,0
execution_classification_train_001275,2
execution_classification_train_001276,0
execution_classification_train_001277,3
execution_classification_train_001278,0
execution_classification_train_001279,1
execution_classification_train_001280,1
execution_classification_train_001281,3
execution_classification_train_001282,4
execution_classification_train_001283,4
execution_classification_train_001284,4
execution_classification_train_001285,2
execution_classification_train_001286,4
execution_classification_train_001287,3
execution_classification_train_001288,1
execution_classification_train_001289,0
execution_classification_train_001290,0
execution_classification_train_001291,3
execution_classification_train_001292,1
execution_classification_train_001293,0
execution_classification_train_001294,4
execution_classification_train_001295,3
execution_classification_train_001296,0
execution_classification_train_001297,1
execution_classification_train_001298,1
execution_classification_train_001299,2
execution_classification_train_001300,3
execution_classification_train_001301,3
execution_classification_train_001302,4
execution_classification_train_001303,3
execution_classification_train_001304,3
execution_classification_train_001305,2
execution_classification_train_001306,0
execution_classification_train_001307,0
execution_classification_train_001308,0
execution_classification_train_001309,2
execution_classification_train_001310,2
execution_classification_train_001311,4
execution_classification_train_001312,0
execution_classification_train_001313,2
execution_classification_train_001314,4
execution_classification_train_001315,4
execution_classification_train_001316,1
execution_classification_train_001317,1
execution_classification_train_001318,4
execution_classification_train_001319,3
execution_classification_train_001320,4
execution_classification_train_001321,1
execution_classification_train_001322,2
execution_classification_train_001323,4
execution_classification_train_001324,2
execution_classification_train_001325,0
execution_classification_train_001326,1
execution_classification_train_001327,3
execution_classification_train_001328,4
execution_classification_train_001329,0
execution_classification_train_001330,3
execution_classification_train_001331,2
execution_classification_train_001332,2
execution_classification_train_001333,1
execution_classification_train_001334,1
execution_classification_train_001335,4
execution_classification_train_001336,0
execution_classification_train_001337,2
execution_classification_train_001338,2
execution_classification_train_001339,3
execution_classification_train_001340,2
execution_classification_train_001341,0
execution_classification_train_001342,3
execution_classification_train_001343,0
execution_classification_train_001344,0
execution_classification_train_001345,0
execution_classification_train_001346,3
execution_classification_train_001347,0
execution_classification_train_001348,0
execution_classification_train_001349,4
execution_classification_train_001350,3
execution_classification_train_001351,2
execution_classification_train_001352,4
execution_classification_train_001353,4
execution_classification_train_001354,4
execution_classification_train_001355,1
execution_classification_train_001356,3
execution_classification_train_001357,2
execution_classification_train_001358,2
execution_classification_train_001359,2
execution_classification_train_001360,1
execution_classification_train_001361,2
execution_classification_train_001362,4
execution_classification_train_001363,1
execution_classification_train_001364,4
execution_classification_train_001365,1
execution_classification_train_001366,1
execution_classification_train_001367,2
execution_classification_train_001368,0
execution_classification_train_001369,1
execution_classification_train_001370,0
execution_classification_train_001371,2
execution_classification_train_001372,1
execution_classification_train_001373,4
execution_classification_train_001374,2
execution_classification_train_001375,4
execution_classification_train_001376,2
execution_classification_train_001377,0
execution_classification_train_001378,0
execution_classification_train_001379,4
execution_classification_train_001380,1
execution_classification_train_001381,4
execution_classification_train_001382,2
execution_classification_train_001383,3
execution_classification_train_001384,2
execution_classification_train_001385,1
execution_classification_train_001386,1
execution_classification_train_001387,0
execution_classification_train_001388,4
execution_classification_train_001389,1
execution_classification_train_001390,4
execution_classification_train_001391,4
execution_classification_train_001392,2
execution_classification_train_001393,4
execution_classification_train_001394,3
execution_classification_train_001395,3
execution_classification_train_001396,4
execution_classification_train_001397,4
execution_classification_train_001398,1
execution_classification_train_001399,2
execution_classification_train_001400,4
execution_classification_train_001401,4
execution_classification_train_001402,0
execution_classification_train_001403,2
execution_classification_train_001404,1
execution_classification_train_001405,0
execution_classification_train_001406,4
execution_classification_train_001407,3
execution_classification_train_001408,2
execution_classification_train_001409,2
execution_classification_train_001410,1
execution_classification_train_001411,0
execution_classification_train_001412,0
execution_classification_train_001413,3
execution_classification_train_001414,4
execution_classification_train_001415,0
execution_classification_train_001416,1
execution_classification_train_001417,3
execution_classification_train_001418,4
execution_classification_train_001419,1
execution_classification_train_001420,4
execution_classification_train_001421,1
execution_classification_train_001422,1
execution_classification_train_001423,3
execution_classification_train_001424,3
execution_classification_train_001425,1
execution_classification_train_001426,0
execution_classification_train_001427,1
execution_classification_train_001428,3
execution_classification_train_001429,2
execution_classification_train_001430,2
execution_classification_train_001431,1
execution_classification_train_001432,1
execution_classification_train_001433,0
execution_classification_train_001434,2
execution_classification_train_001435,2
execution_classification_train_001436,3
execution_classification_train_001437,2
execution_classification_train_001438,0
execution_classification_train_001439,1
execution_classification_train_001440,0
execution_classification_train_001441,3
execution_classification_train_001442,0
execution_classification_train_001443,4
execution_classification_train_001444,0
execution_classification_train_001445,1
execution_classification_train_001446,2
execution_classification_train_001447,2
execution_classification_train_001448,4
execution_classification_train_001449,2
execution_classification_train_001450,0
execution_classification_train_001451,1
execution_classification_train_001452,0
execution_classification_train_001453,4
execution_classification_train_001454,1
execution_classification_train_001455,0
execution_classification_train_001456,0
execution_classification_train_001457,2
execution_classification_train_001458,1
execution_classification_train_001459,4
execution_classification_train_001460,3
execution_classification_train_001461,1
execution_classification_train_001462,2
execution_classification_train_001463,4
execution_classification_train_001464,0
execution_classification_train_001465,2
execution_classification_train_001466,1
execution_classification_train_001467,1
execution_classification_train_001468,4
execution_classification_train_001469,0
execution_classification_train_001470,4
execution_classification_train_001471,3
execution_classification_train_001472,1
execution_classification_train_001473,2
execution_classification_train_001474,1
execution_classification_train_001475,4
execution_classification_train_001476,0
execution_classification_train_001477,3
execution_classification_train_001478,1
execution_classification_train_001479,1
execution_classification_train_001480,2
execution_classification_train_001481,4
execution_classification_train_001482,1
execution_classification_train_001483,2
execution_classification_train_001484,2
execution_classification_train_001485,4
execution_classification_train_001486,0
execution_classification_train_001487,2
execution_classification_train_001488,2
execution_classification_train_001489,2
execution_classification_train_001490,3
execution_classification_train_001491,1
execution_classification_train_001492,4
execution_classification_train_001493,3
execution_classification_train_001494,1
execution_classification_train_001495,1
execution_classification_train_001496,0
execution_classification_train_001497,3
execution_classification_train_001498,0
execution_classification_train_001499,2
execution_classification_train_001500,3
execution_classification_train_001501,1
execution_classification_train_001502,2
execution_classification_train_001503,3
execution_classification_train_001504,4
execution_classification_train_001505,3
execution_classification_train_001506,3
execution_classification_train_001507,1
execution_classification_train_001508,4
execution_classification_train_001509,2
execution_classification_train_001510,2
execution_classification_train_001511,1
execution_classification_train_001512,4
execution_classification_train_001513,2
execution_classification_train_001514,2
execution_classification_train_001515,2
execution_classification_train_001516,2
execution_classification_train_001517,3
execution_classification_train_001518,1
execution_classification_train_001519,0
execution_classification_train_001520,3
execution_classification_train_001521,1
execution_classification_train_001522,2
execution_classification_train_001523,0
execution_classification_train_001524,0
execution_classification_train_001525,0
execution_classification_train_001526,2
execution_classification_train_001527,1
execution_classification_train_001528,3
execution_classification_train_001529,2
execution_classification_train_001530,3
execution_classification_train_001531,1
execution_classification_train_001532,1
execution_classification_train_001533,4
execution_classification_train_001534,0
execution_classification_train_001535,2
execution_classification_train_001536,1
execution_classification_train_001537,2
execution_classification_train_001538,3
execution_classification_train_001539,0
execution_classification_train_001540,3
execution_classification_train_001541,0
execution_classification_train_001542,4
execution_classification_train_001543,2
execution_classification_train_001544,0
execution_classification_train_001545,2
execution_classification_train_001546,1
execution_classification_train_001547,4
execution_classification_train_001548,4
execution_classification_train_001549,1
execution_classification_train_001550,4
execution_classification_train_001551,3
execution_classification_train_001552,4
execution_classification_train_001553,0
execution_classification_train_001554,1
execution_classification_train_001555,2
execution_classification_train_001556,2
execution_classification_train_001557,1
execution_classification_train_001558,2
execution_classification_train_001559,2
execution_classification_train_001560,0
execution_classification_train_001561,0
execution_classification_train_001562,2
execution_classification_train_001563,4
execution_classification_train_001564,0
execution_classification_train_001565,1
execution_classification_train_001566,1
execution_classification_train_001567,4
execution_classification_train_001568,4
execution_classification_train_001569,0
execution_classification_train_001570,4
execution_classification_train_001571,2
execution_classification_train_001572,3
execution_classification_train_001573,1
execution_classification_train_001574,2
execution_classification_train_001575,1
execution_classification_train_001576,2
execution_classification_train_001577,4
execution_classification_train_001578,4
execution_classification_train_001579,1
execution_classification_train_001580,4
execution_classification_train_001581,3
execution_classification_train_001582,1
execution_classification_train_001583,1
execution_classification_train_001584,1
execution_classification_train_001585,3
execution_classification_train_001586,3
execution_classification_train_001587,4
execution_classification_train_001588,4
execution_classification_train_001589,2
execution_classification_train_001590,0
execution_classification_train_001591,3
execution_classification_train_001592,0
execution_classification_train_001593,2
execution_classification_train_001594,3
execution_classification_train_001595,2
execution_classification_train_001596,4
execution_classification_train_001597,0
execution_classification_train_001598,1
execution_classification_train_001599,0
execution_classification_train_001600,3
execution_classification_train_001601,0
execution_classification_train_001602,0
execution_classification_train_001603,3
execution_classification_train_001604,2
execution_classification_train_001605,3
execution_classification_train_001606,2
execution_classification_train_001607,1
execution_classification_train_001608,1
execution_classification_train_001609,0
execution_classification_train_001610,4
execution_classification_train_001611,0
execution_classification_train_001612,0
execution_classification_train_001613,2
execution_classification_train_001614,4
execution_classification_train_001615,4
execution_classification_train_001616,2
execution_classification_train_001617,1
execution_classification_train_001618,1
execution_classification_train_001619,2
execution_classification_train_001620,3
execution_classification_train_001621,4
execution_classification_train_001622,0
execution_classification_train_001623,0
execution_classification_train_001624,4
execution_classification_train_001625,2
execution_classification_train_001626,2
execution_classification_train_001627,0
execution_classification_train_001628,4
execution_classification_train_001629,1
execution_classification_train_001630,1
execution_classification_train_001631,0
execution_classification_train_001632,1
execution_classification_train_001633,0
execution_classification_train_001634,1
execution_classification_train_001635,0
execution_classification_train_001636,4
execution_classification_train_001637,2
execution_classification_train_001638,4
execution_classification_train_001639,2
execution_classification_train_001640,3
execution_classification_train_001641,0
execution_classification_train_001642,2
execution_classification_train_001643,4
execution_classification_train_001644,2
execution_classification_train_001645,4
execution_classification_train_001646,2
execution_classification_train_001647,1
execution_classification_train_001648,2
execution_classification_train_001649,0
execution_classification_train_001650,4
execution_classification_train_001651,0
execution_classification_train_001652,1
execution_classification_train_001653,2
execution_classification_train_001654,0
execution_classification_train_001655,0
execution_classification_train_001656,0
execution_classification_train_001657,0
execution_classification_train_001658,2
execution_classification_train_001659,2
execution_classification_train_001660,0
execution_classification_train_001661,4
execution_classification_train_001662,4
execution_classification_train_001663,2
execution_classification_train_001664,0
execution_classification_train_001665,2
execution_classification_train_001666,3
execution_classification_train_001667,1
execution_classification_train_001668,0
execution_classification_train_001669,1
execution_classification_train_001670,3
execution_classification_train_001671,1
execution_classification_train_001672,3
execution_classification_train_001673,1
execution_classification_train_001674,0
execution_classification_train_001675,1
execution_classification_train_001676,3
execution_classification_train_001677,2
execution_classification_train_001678,3
execution_classification_train_001679,2
execution_classification_train_001680,0
execution_classification_train_001681,2
execution_classification_train_001682,3
execution_classification_train_001683,3
execution_classification_train_001684,2
execution_classification_train_001685,3
execution_classification_train_001686,0
execution_classification_train_001687,3
execution_classification_train_001688,3
execution_classification_train_001689,0
execution_classification_train_001690,0
execution_classification_train_001691,3
execution_classification_train_001692,4
execution_classification_train_001693,2
execution_classification_train_001694,4
execution_classification_train_001695,0
execution_classification_train_001696,1
execution_classification_train_001697,4
execution_classification_train_001698,1
execution_classification_train_001699,3
execution_classification_train_001700,2
execution_classification_train_001701,3
execution_classification_train_001702,1
execution_classification_train_001703,4
execution_classification_train_001704,0
execution_classification_train_001705,4
execution_classification_train_001706,3
execution_classification_train_001707,1
execution_classification_train_001708,1
execution_classification_train_001709,0
execution_classification_train_001710,1
execution_classification_train_001711,2
execution_classification_train_001712,1
execution_classification_train_001713,3
execution_classification_train_001714,1
execution_classification_train_001715,2
execution_classification_train_001716,2
execution_classification_train_001717,4
execution_classification_train_001718,2
execution_classification_train_001719,2
execution_classification_train_001720,0
execution_classification_train_001721,1
execution_classification_train_001722,1
execution_classification_train_001723,2
execution_classification_train_001724,4
execution_classification_train_001725,4
execution_classification_train_001726,3
execution_classification_train_001727,0
execution_classification_train_001728,0
execution_classification_train_001729,4
execution_classification_train_001730,2
execution_classification_train_001731,3
execution_classification_train_001732,4
execution_classification_train_001733,0
execution_classification_train_001734,4
execution_classification_train_001735,4
execution_classification_train_001736,1
execution_classification_train_001737,3
execution_classification_train_001738,1
execution_classification_train_001739,4
execution_classification_train_001740,0
execution_classification_train_001741,3
execution_classification_train_001742,4
execution_classification_train_001743,0
execution_classification_train_001744,4
execution_classification_train_001745,2
execution_classification_train_001746,4
execution_classification_train_001747,0
execution_classification_train_001748,2
execution_classification_train_001749,2
execution_classification_train_001750,3
execution_classification_train_001751,2
execution_classification_train_001752,2
execution_classification_train_001753,2
execution_classification_train_001754,4
execution_classification_train_001755,0
execution_classification_train_001756,4
execution_classification_train_001757,4
execution_classification_train_001758,2
execution_classification_train_001759,1
execution_classification_train_001760,2
execution_classification_train_001761,2
execution_classification_train_001762,0
execution_classification_train_001763,1
execution_classification_train_001764,2
execution_classification_train_001765,4
execution_classification_train_001766,2
execution_classification_train_001767,4
execution_classification_train_001768,1
execution_classification_train_001769,1
execution_classification_train_001770,4
execution_classification_train_001771,4
execution_classification_train_001772,0
execution_classification_train_001773,0
execution_classification_train_001774,0
execution_classification_train_001775,1
execution_classification_train_001776,0
execution_classification_train_001777,1
execution_classification_train_001778,1
execution_classification_train_001779,2
execution_classification_train_001780,2
execution_classification_train_001781,0
execution_classification_train_001782,2
execution_classification_train_001783,1
execution_classification_train_001784,1
execution_classification_train_001785,4
execution_classification_train_001786,4
execution_classification_train_001787,0
execution_classification_train_001788,3
execution_classification_train_001789,0
execution_classification_train_001790,2
execution_classification_train_001791,2
execution_classification_train_001792,3
execution_classification_train_001793,2
execution_classification_train_001794,3
execution_classification_train_001795,1
execution_classification_train_001796,4
execution_classification_train_001797,1
execution_classification_train_001798,0
execution_classification_train_001799,3
execution_classification_train_001800,1
execution_classification_train_001801,0
execution_classification_train_001802,2
execution_classification_train_001803,2
execution_classification_train_001804,0
execution_classification_train_001805,0
execution_classification_train_001806,3
execution_classification_train_001807,1
execution_classification_train_001808,0
execution_classification_train_001809,3
execution_classification_train_001810,2
execution_classification_train_001811,3
execution_classification_train_001812,2
execution_classification_train_001813,2
execution_classification_train_001814,0
execution_classification_train_001815,2
execution_classification_train_001816,2
execution_classification_train_001817,3
execution_classification_train_001818,0
execution_classification_train_001819,4
execution_classification_train_001820,0
execution_classification_train_001821,2
execution_classification_train_001822,4
execution_classification_train_001823,4
execution_classification_train_001824,0
execution_classification_train_001825,4
execution_classification_train_001826,0
execution_classification_train_001827,4
execution_classification_train_001828,2
execution_classification_train_001829,1
execution_classification_train_001830,0
execution_classification_train_001831,0
execution_classification_train_001832,1
execution_classification_train_001833,0
execution_classification_train_001834,1
execution_classification_train_001835,3
execution_classification_train_001836,3
execution_classification_train_001837,4
execution_classification_train_001838,4
execution_classification_train_001839,3
execution_classification_train_001840,1
execution_classification_train_001841,4
execution_classification_train_001842,3
execution_classification_train_001843,1
execution_classification_train_001844,0
execution_classification_train_001845,1
execution_classification_train_001846,1
execution_classification_train_001847,1
execution_classification_train_001848,2
execution_classification_train_001849,4
execution_classification_train_001850,4
execution_classification_train_001851,2
execution_classification_train_001852,1
execution_classification_train_001853,1
execution_classification_train_001854,4
execution_classification_train_001855,4
execution_classification_train_001856,1
execution_classification_train_001857,1
execution_classification_train_001858,2
execution_classification_train_001859,4
execution_classification_train_001860,3
execution_classification_train_001861,1
execution_classification_train_001862,2
execution_classification_train_001863,4
execution_classification_train_001864,2
execution_classification_train_001865,2
execution_classification_train_001866,1
execution_classification_train_001867,4
execution_classification_train_001868,2
execution_classification_train_001869,1
execution_classification_train_001870,1
execution_classification_train_001871,3
execution_classification_train_001872,1
execution_classification_train_001873,3
execution_classification_train_001874,0
execution_classification_train_001875,1
execution_classification_train_001876,1
execution_classification_train_001877,2
execution_classification_train_001878,2
execution_classification_train_001879,4
execution_classification_train_001880,3
execution_classification_train_001881,4
execution_classification_train_001882,1
execution_classification_train_001883,0
execution_classification_train_001884,0
execution_classification_train_001885,4
execution_classification_train_001886,1
execution_classification_train_001887,3
execution_classification_train_001888,4
execution_classification_train_001889,1
execution_classification_train_001890,4
execution_classification_train_001891,4
execution_classification_train_001892,1
execution_classification_train_001893,2
execution_classification_train_001894,0
execution_classification_train_001895,4
execution_classification_train_001896,3
execution_classification_train_001897,1
execution_classification_train_001898,1
execution_classification_train_001899,4
execution_classification_train_001900,3
execution_classification_train_001901,2
execution_classification_train_001902,3
execution_classification_train_001903,1
execution_classification_train_001904,0
execution_classification_train_001905,0
execution_classification_train_001906,0
execution_classification_train_001907,3
execution_classification_train_001908,2
execution_classification_train_001909,4
execution_classification_train_001910,2
execution_classification_train_001911,2
execution_classification_train_001912,3
execution_classification_train_001913,1
execution_classification_train_001914,3
execution_classification_train_001915,0
execution_classification_train_001916,2
execution_classification_train_001917,4
execution_classification_train_001918,0
execution_classification_train_001919,2
execution_classification_train_001920,2
execution_classification_train_001921,3
execution_classification_train_001922,4
execution_classification_train_001923,0
execution_classification_train_001924,3
execution_classification_train_001925,1
execution_classification_train_001926,0
execution_classification_train_001927,3
execution_classification_train_001928,3
execution_classification_train_001929,1
execution_classification_train_001930,4
execution_classification_train_001931,0
execution_classification_train_001932,1
execution_classification_train_001933,1
execution_classification_train_001934,0
execution_classification_train_001935,4
execution_classification_train_001936,3
execution_classification_train_001937,1
execution_classification_train_001938,3
execution_classification_train_001939,1
execution_classification_train_001940,2
execution_classification_train_001941,1
execution_classification_train_001942,1
execution_classification_train_001943,2
execution_classification_train_001944,4
execution_classification_train_001945,3
execution_classification_train_001946,2
execution_classification_train_001947,3
execution_classification_train_001948,3
execution_classification_train_001949,1
execution_classification_train_001950,2
execution_classification_train_001951,3
execution_classification_train_001952,0
execution_classification_train_001953,3
execution_classification_train_001954,0
execution_classification_train_001955,4
execution_classification_train_001956,4
execution_classification_train_001957,0
execution_classification_train_001958,3
execution_classification_train_001959,4
execution_classification_train_001960,0
execution_classification_train_001961,4
execution_classification_train_001962,3
execution_classification_train_001963,4
execution_classification_train_001964,4
execution_classification_train_001965,1
execution_classification_train_001966,2
execution_classification_train_001967,1
execution_classification_train_001968,4
execution_classification_train_001969,0
execution_classification_train_001970,1
execution_classification_train_001971,0
execution_classification_train_001972,0
execution_classification_train_001973,2
execution_classification_train_001974,1
execution_classification_train_001975,4
execution_classification_train_001976,4
execution_classification_train_001977,0
execution_classification_train_001978,4
execution_classification_train_001979,3
execution_classification_train_001980,3
execution_classification_train_001981,2
execution_classification_train_001982,1
execution_classification_train_001983,0
execution_classification_train_001984,1
execution_classification_train_001985,2
execution_classification_train_001986,4
execution_classification_train_001987,4
execution_classification_train_001988,4
execution_classification_train_001989,3
execution_classification_train_001990,4
execution_classification_train_001991,3
execution_classification_train_001992,3
execution_classification_train_001993,3
execution_classification_train_001994,2
execution_classification_train_001995,2
execution_classification_train_001996,3
execution_classification_train_001997,0
execution_classification_train_001998,2
execution_classification_train_001999,3
execution_classification_train_002000,4
execution_classification_train_002001,4
execution_classification_train_002002,0
execution_classification_train_002003,2
execution_classification_train_002004,1
execution_classification_train_002005,1
execution_classification_train_002006,4
execution_classification_train_002007,0
execution_classification_train_002008,0
execution_classification_train_002009,1
execution_classification_train_002010,1
execution_classification_train_002011,2
execution_classification_train_002012,1
execution_classification_train_002013,0
execution_classification_train_002014,0
execution_classification_train_002015,1
execution_classification_train_002016,1
execution_classification_train_002017,1
execution_classification_train_002018,2
execution_classification_train_002019,0
execution_classification_train_002020,0
execution_classification_train_002021,4
execution_classification_train_002022,2
execution_classification_train_002023,0
execution_classification_train_002024,4
execution_classification_train_002025,1
execution_classification_train_002026,4
execution_classification_train_002027,2
execution_classification_train_002028,0
execution_classification_train_002029,3
execution_classification_train_002030,1
execution_classification_train_002031,3
execution_classification_train_002032,2
execution_classification_train_002033,3
execution_classification_train_002034,4
execution_classification_train_002035,0
execution_classification_train_002036,4
execution_classification_train_002037,4
execution_classification_train_002038,0
execution_classification_train_002039,3
execution_classification_train_002040,2
execution_classification_train_002041,2
execution_classification_train_002042,1
execution_classification_train_002043,1
execution_classification_train_002044,2
execution_classification_train_002045,3
execution_classification_train_002046,1
execution_classification_train_002047,1
execution_classification_train_002048,2
execution_classification_train_002049,3
execution_classification_train_002050,3
execution_classification_train_002051,3
execution_classification_train_002052,4
execution_classification_train_002053,4
execution_classification_train_002054,2
execution_classification_train_002055,0
execution_classification_train_002056,3
execution_classification_train_002057,4
execution_classification_train_002058,3
execution_classification_train_002059,0
execution_classification_train_002060,0
execution_classification_train_002061,4
execution_classification_train_002062,1
execution_classification_train_002063,3
execution_classification_train_002064,4
execution_classification_train_002065,1
execution_classification_train_002066,4
execution_classification_train_002067,1
execution_classification_train_002068,3
execution_classification_train_002069,1
execution_classification_train_002070,0
execution_classification_train_002071,1
execution_classification_train_002072,3
execution_classification_train_002073,4
execution_classification_train_002074,0
execution_classification_train_002075,4
execution_classification_train_002076,3
execution_classification_train_002077,2
execution_classification_train_002078,4
execution_classification_train_002079,2
execution_classification_train_002080,2
execution_classification_train_002081,4
execution_classification_train_002082,2
execution_classification_train_002083,4
execution_classification_train_002084,4
execution_classification_train_002085,1
execution_classification_train_002086,4
execution_classification_train_002087,1
execution_classification_train_002088,4
execution_classification_train_002089,2
execution_classification_train_002090,4
execution_classification_train_002091,3
execution_classification_train_002092,2
execution_classification_train_002093,2
execution_classification_train_002094,4
execution_classification_train_002095,0
execution_classification_train_002096,3
execution_classification_train_002097,0
execution_classification_train_002098,4
execution_classification_train_002099,2
execution_classification_train_002100,3
execution_classification_train_002101,4
execution_classification_train_002102,1
execution_classification_train_002103,1
execution_classification_train_002104,1
execution_classification_train_002105,2
execution_classification_train_002106,1
execution_classification_train_002107,3
execution_classification_train_002108,4
execution_classification_train_002109,3
execution_classification_train_002110,2
execution_classification_train_002111,1
execution_classification_train_002112,1
execution_classification_train_002113,2
execution_classification_train_002114,0
execution_classification_train_002115,1
execution_classification_train_002116,0
execution_classification_train_002117,2
execution_classification_train_002118,2
execution_classification_train_002119,2
execution_classification_train_002120,0
execution_classification_train_002121,3
execution_classification_train_002122,1
execution_classification_train_002123,0
execution_classification_train_002124,1
execution_classification_train_002125,2
execution_classification_train_002126,0
execution_classification_train_002127,1
execution_classification_train_002128,1
execution_classification_train_002129,3
execution_classification_train_002130,0
execution_classification_train_002131,2
execution_classification_train_002132,3
execution_classification_train_002133,1
execution_classification_train_002134,1
execution_classification_train_002135,0
execution_classification_train_002136,4
execution_classification_train_002137,4
execution_classification_train_002138,3
execution_classification_train_002139,0
execution_classification_train_002140,0
execution_classification_train_002141,2
execution_classification_train_002142,0
execution_classification_train_002143,4
execution_classification_train_002144,0
execution_classification_train_002145,3
execution_classification_train_002146,0
execution_classification_train_002147,2
execution_classification_train_002148,3
execution_classification_train_002149,3
execution_classification_train_002150,0
execution_classification_train_002151,1
execution_classification_train_002152,0
execution_classification_train_002153,1
execution_classification_train_002154,1
execution_classification_train_002155,2
execution_classification_train_002156,0
execution_classification_train_002157,4
execution_classification_train_002158,2
execution_classification_train_002159,1
execution_classification_train_002160,1
execution_classification_train_002161,0
execution_classification_train_002162,1
execution_classification_train_002163,1
execution_classification_train_002164,1
execution_classification_train_002165,0
execution_classification_train_002166,0
execution_classification_train_002167,2
execution_classification_train_002168,2
execution_classification_train_002169,0
execution_classification_train_002170,4
execution_classification_train_002171,4
execution_classification_train_002172,1
execution_classification_train_002173,3
execution_classification_train_002174,2
execution_classification_train_002175,0
execution_classification_train_002176,3
execution_classification_train_002177,2
execution_classification_train_002178,0
execution_classification_train_002179,0
execution_classification_train_002180,4
execution_classification_train_002181,0
execution_classification_train_002182,3
execution_classification_train_002183,2
execution_classification_train_002184,1
execution_classification_train_002185,0
execution_classification_train_002186,1
execution_classification_train_002187,3
execution_classification_train_002188,1
execution_classification_train_002189,0
execution_classification_train_002190,4
execution_classification_train_002191,4
execution_classification_train_002192,3
execution_classification_train_002193,1
execution_classification_train_002194,2
execution_classification_train_002195,3
execution_classification_train_002196,2
execution_classification_train_002197,3
execution_classification_train_002198,1
execution_classification_train_002199,1
execution_classification_train_002200,0
execution_classification_train_002201,4
execution_classification_train_002202,3
execution_classification_train_002203,3
execution_classification_train_002204,1
execution_classification_train_002205,4
execution_classification_train_002206,4
execution_classification_train_002207,0
execution_classification_train_002208,4
execution_classification_train_002209,2
execution_classification_train_002210,0
execution_classification_train_002211,3
execution_classification_train_002212,4
execution_classification_train_002213,4
execution_classification_train_002214,2
execution_classification_train_002215,1
execution_classification_train_002216,2
execution_classification_train_002217,2
execution_classification_train_002218,3
execution_classification_train_002219,4
execution_classification_train_002220,1
execution_classification_train_002221,3
execution_classification_train_002222,1
execution_classification_train_002223,2
execution_classification_train_002224,2
execution_classification_train_002225,1
execution_classification_train_002226,2
execution_classification_train_002227,1
execution_classification_train_002228,1
execution_classification_train_002229,3
execution_classification_train_002230,2
execution_classification_train_002231,4
execution_classification_train_002232,0
execution_classification_train_002233,2
execution_classification_train_002234,0
execution_classification_train_002235,3
execution_classification_train_002236,4
execution_classification_train_002237,4
execution_classification_train_002238,4
execution_classification_train_002239,4
execution_classification_train_002240,4
execution_classification_train_002241,0
execution_classification_train_002242,2
execution_classification_train_002243,1
execution_classification_train_002244,4
execution_classification_train_002245,4
execution_classification_train_002246,1
execution_classification_train_002247,3
execution_classification_train_002248,3
execution_classification_train_002249,0
execution_classification_train_002250,1
execution_classification_train_002251,3
execution_classification_train_002252,4
execution_classification_train_002253,2
execution_classification_train_002254,0
execution_classification_train_002255,0
execution_classification_train_002256,4
execution_classification_train_002257,3
execution_classification_train_002258,2
execution_classification_train_002259,3
execution_classification_train_002260,2
execution_classification_train_002261,0
execution_classification_train_002262,3
execution_classification_train_002263,1
execution_classification_train_002264,1
execution_classification_train_002265,3
execution_classification_train_002266,3
execution_classification_train_002267,2
execution_classification_train_002268,1
execution_classification_train_002269,1
execution_classification_train_002270,1
execution_classification_train_002271,2
execution_classification_train_002272,2
execution_classification_train_002273,0
execution_classification_train_002274,1
execution_classification_train_002275,3
execution_classification_train_002276,3
execution_classification_train_002277,1
execution_classification_train_002278,2
execution_classification_train_002279,2
execution_classification_train_002280,1
execution_classification_train_002281,2
execution_classification_train_002282,1
execution_classification_train_002283,2
execution_classification_train_002284,1
execution_classification_train_002285,0
execution_classification_train_002286,4
execution_classification_train_002287,1
execution_classification_train_002288,0
execution_classification_train_002289,0
execution_classification_train_002290,3
execution_classification_train_002291,1
execution_classification_train_002292,0
execution_classification_train_002293,0
execution_classification_train_002294,4
execution_classification_train_002295,1
execution_classification_train_002296,1
execution_classification_train_002297,2
execution_classification_train_002298,2
execution_classification_train_002299,3
execution_classification_train_002300,2
execution_classification_train_002301,4
execution_classification_train_002302,2
execution_classification_train_002303,2
execution_classification_train_002304,0
execution_classification_train_002305,4
execution_classification_train_002306,0
execution_classification_train_002307,1
execution_classification_train_002308,2
execution_classification_train_002309,4
execution_classification_train_002310,2
execution_classification_train_002311,2
execution_classification_train_002312,4
execution_classification_train_002313,2
execution_classification_train_002314,0
execution_classification_train_002315,2
execution_classification_train_002316,0
execution_classification_train_002317,4
execution_classification_train_002318,1
execution_classification_train_002319,4
execution_classification_train_002320,3
execution_classification_train_002321,0
execution_classification_train_002322,3
execution_classification_train_002323,1
execution_classification_train_002324,4
execution_classification_train_002325,1
execution_classification_train_002326,3
execution_classification_train_002327,1
execution_classification_train_002328,2
execution_classification_train_002329,1
execution_classification_train_002330,4
execution_classification_train_002331,3
execution_classification_train_002332,3
execution_classification_train_002333,4
execution_classification_train_002334,0
execution_classification_train_002335,3
execution_classification_train_002336,4
execution_classification_train_002337,3
execution_classification_train_002338,1
execution_classification_train_002339,2
execution_classification_train_002340,2
execution_classification_train_002341,3
execution_classification_train_002342,3
execution_classification_train_002343,4
execution_classification_train_002344,2
execution_classification_train_002345,3
execution_classification_train_002346,3
execution_classification_train_002347,3
execution_classification_train_002348,1
execution_classification_train_002349,0
execution_classification_train_002350,3
execution_classification_train_002351,2
execution_classification_train_002352,2
execution_classification_train_002353,3
execution_classification_train_002354,2
execution_classification_train_002355,3
execution_classification_train_002356,0
execution_classification_train_002357,1
execution_classification_train_002358,4
execution_classification_train_002359,4
execution_classification_train_002360,0
execution_classification_train_002361,3
execution_classification_train_002362,4
execution_classification_train_002363,1
execution_classification_train_002364,2
execution_classification_train_002365,1
execution_classification_train_002366,0
execution_classification_train_002367,0
execution_classification_train_002368,2
execution_classification_train_002369,0
execution_classification_train_002370,1
execution_classification_train_002371,0
execution_classification_train_002372,2
execution_classification_train_002373,3
execution_classification_train_002374,3
execution_classification_train_002375,2
execution_classification_train_002376,4
execution_classification_train_002377,1
execution_classification_train_002378,4
execution_classification_train_002379,1
execution_classification_train_002380,2
execution_classification_train_002381,0
execution_classification_train_002382,4
execution_classification_train_002383,2
execution_classification_train_002384,3
execution_classification_train_002385,2
execution_classification_train_002386,0
execution_classification_train_002387,4
execution_classification_train_002388,1
execution_classification_train_002389,3
execution_classification_train_002390,0
execution_classification_train_002391,1
execution_classification_train_002392,3
execution_classification_train_002393,4
execution_classification_train_002394,2
execution_classification_train_002395,2
execution_classification_train_002396,1
execution_classification_train_002397,4
execution_classification_train_002398,3
execution_classification_train_002399,1
execution_classification_train_002400,3
execution_classification_train_002401,4
execution_classification_train_002402,0
execution_classification_train_002403,1
execution_classification_train_002404,0
execution_classification_train_002405,3
execution_classification_train_002406,3
execution_classification_train_002407,3
execution_classification_train_002408,3
execution_classification_train_002409,3
execution_classification_train_002410,4
execution_classification_train_002411,2
execution_classification_train_002412,4
execution_classification_train_002413,1
execution_classification_train_002414,3
execution_classification_train_002415,2
execution_classification_train_002416,1
execution_classification_train_002417,4
execution_classification_train_002418,2
execution_classification_train_002419,3
execution_classification_train_002420,0
execution_classification_train_002421,2
execution_classification_train_002422,3
execution_classification_train_002423,4
execution_classification_train_002424,2
execution_classification_train_002425,4
execution_classification_train_002426,1
execution_classification_train_002427,4
execution_classification_train_002428,4
execution_classification_train_002429,4
execution_classification_train_002430,1
execution_classification_train_002431,1
execution_classification_train_002432,2
execution_classification_train_002433,0
execution_classification_train_002434,0
execution_classification_train_002435,2
execution_classification_train_002436,3
execution_classification_train_002437,2
execution_classification_train_002438,3
execution_classification_train_002439,4
execution_classification_train_002440,2
execution_classification_train_002441,4
execution_classification_train_002442,2
execution_classification_train_002443,3
execution_classification_train_002444,1
execution_classification_train_002445,3
execution_classification_train_002446,4
execution_classification_train_002447,3
execution_classification_train_002448,4
execution_classification_train_002449,3
execution_classification_train_002450,0
execution_classification_train_002451,1
execution_classification_train_002452,3
execution_classification_train_002453,1
execution_classification_train_002454,2
execution_classification_train_002455,4
execution_classification_train_002456,3
execution_classification_train_002457,1
execution_classification_train_002458,0
execution_classification_train_002459,0
execution_classification_train_002460,1
execution_classification_train_002461,4
execution_classification_train_002462,3
execution_classification_train_002463,3
execution_classification_train_002464,3
execution_classification_train_002465,1
execution_classification_train_002466,0
execution_classification_train_002467,4
execution_classification_train_002468,4
execution_classification_train_002469,3
execution_classification_train_002470,1
execution_classification_train_002471,2
execution_classification_train_002472,3
execution_classification_train_002473,3
execution_classification_train_002474,0
execution_classification_train_002475,4
execution_classification_train_002476,0
execution_classification_train_002477,0
execution_classification_train_002478,0
execution_classification_train_002479,4
execution_classification_train_002480,3
execution_classification_train_002481,4
execution_classification_train_002482,2
execution_classification_train_002483,4
execution_classification_train_002484,4
execution_classification_train_002485,1
execution_classification_train_002486,2
execution_classification_train_002487,2
execution_classification_train_002488,1
execution_classification_train_002489,4
execution_classification_train_002490,4
execution_classification_train_002491,3
execution_classification_train_002492,3
execution_classification_train_002493,0
execution_classification_train_002494,1
execution_classification_train_002495,3
execution_classification_train_002496,3
execution_classification_train_002497,4
execution_classification_train_002498,1
execution_classification_train_002499,0
execution_classification_train_002500,1
execution_classification_train_002501,2
execution_classification_train_002502,2
execution_classification_train_002503,1
execution_classification_train_002504,3
execution_classification_train_002505,4
execution_classification_train_002506,4
execution_classification_train_002507,1
execution_classification_train_002508,1
execution_classification_train_002509,4
execution_classification_train_002510,0
execution_classification_train_002511,2
execution_classification_train_002512,2
execution_classification_train_002513,4
execution_classification_train_002514,0
execution_classification_train_002515,0
execution_classification_train_002516,4
execution_classification_train_002517,1
execution_classification_train_002518,3
execution_classification_train_002519,1
execution_classification_train_002520,2
execution_classification_train_002521,0
execution_classification_train_002522,1
execution_classification_train_002523,0
execution_classification_train_002524,1
execution_classification_train_002525,1
execution_classification_train_002526,1
execution_classification_train_002527,3
execution_classification_train_002528,4
execution_classification_train_002529,4
execution_classification_train_002530,0
execution_classification_train_002531,2
execution_classification_train_002532,3
execution_classification_train_002533,3
execution_classification_train_002534,4
execution_classification_train_002535,3
execution_classification_train_002536,0
execution_classification_train_002537,3
execution_classification_train_002538,3
execution_classification_train_002539,2
execution_classification_train_002540,0
execution_classification_train_002541,3
execution_classification_train_002542,1
execution_classification_train_002543,2
execution_classification_train_002544,4
execution_classification_train_002545,2
execution_classification_train_002546,4
execution_classification_train_002547,0
execution_classification_train_002548,1
execution_classification_train_002549,2
execution_classification_train_002550,3
execution_classification_train_002551,2
execution_classification_train_002552,2
execution_classification_train_002553,2
execution_classification_train_002554,1
execution_classification_train_002555,4
execution_classification_train_002556,4
execution_classification_train_002557,1
execution_classification_train_002558,2
execution_classification_train_002559,4
execution_classification_train_002560,4
execution_classification_train_002561,3
execution_classification_train_002562,4
execution_classification_train_002563,0
execution_classification_train_002564,1
execution_classification_train_002565,4
execution_classification_train_002566,3
execution_classification_train_002567,1
execution_classification_train_002568,2
execution_classification_train_002569,1
execution_classification_train_002570,4
execution_classification_train_002571,3
execution_classification_train_002572,4
execution_classification_train_002573,3
execution_classification_train_002574,0
execution_classification_train_002575,1
execution_classification_train_002576,0
execution_classification_train_002577,3
execution_classification_train_002578,0
execution_classification_train_002579,1
execution_classification_train_002580,3
execution_classification_train_002581,3
execution_classification_train_002582,2
execution_classification_train_002583,3
execution_classification_train_002584,3
execution_classification_train_002585,0
execution_classification_train_002586,2
execution_classification_train_002587,2
execution_classification_train_002588,0
execution_classification_train_002589,3
execution_classification_train_002590,4
execution_classification_train_002591,1
execution_classification_train_002592,1
execution_classification_train_002593,1
execution_classification_train_002594,0
execution_classification_train_002595,2
execution_classification_train_002596,1
execution_classification_train_002597,3
execution_classification_train_002598,2
execution_classification_train_002599,0
execution_classification_train_002600,1
execution_classification_train_002601,3
execution_classification_train_002602,4
execution_classification_train_002603,3
execution_classification_train_002604,4
execution_classification_train_002605,2
execution_classification_train_002606,1
execution_classification_train_002607,4
execution_classification_train_002608,2
execution_classification_train_002609,1
execution_classification_train_002610,3
execution_classification_train_002611,0
execution_classification_train_002612,0
execution_classification_train_002613,2
execution_classification_train_002614,3
execution_classification_train_002615,4
execution_classification_train_002616,4
execution_classification_train_002617,2
execution_classification_train_002618,3
execution_classification_train_002619,3
execution_classification_train_002620,2
execution_classification_train_002621,4
execution_classification_train_002622,2
execution_classification_train_002623,2
execution_classification_train_002624,0
execution_classification_train_002625,2
execution_classification_train_002626,4
execution_classification_train_002627,1
execution_classification_train_002628,1
execution_classification_train_002629,4
execution_classification_train_002630,1
execution_classification_train_002631,0
execution_classification_train_002632,1
execution_classification_train_002633,3
execution_classification_train_002634,0
execution_classification_train_002635,4
execution_classification_train_002636,1
execution_classification_train_002637,2
execution_classification_train_002638,4
execution_classification_train_002639,4
execution_classification_train_002640,4
execution_classification_train_002641,4
execution_classification_train_002642,0
execution_classification_train_002643,4
execution_classification_train_002644,0
execution_classification_train_002645,2
execution_classification_train_002646,0
execution_classification_train_002647,3
execution_classification_train_002648,1
execution_classification_train_002649,4
execution_classification_train_002650,1
execution_classification_train_002651,2
execution_classification_train_002652,4
execution_classification_train_002653,1
execution_classification_train_002654,4
execution_classification_train_002655,1
execution_classification_train_002656,0
execution_classification_train_002657,2
execution_classification_train_002658,3
execution_classification_train_002659,2
execution_classification_train_002660,3
execution_classification_train_002661,3
execution_classification_train_002662,0
execution_classification_train_002663,0
execution_classification_train_002664,2
execution_classification_train_002665,0
execution_classification_train_002666,0
execution_classification_train_002667,4
execution_classification_train_002668,1
execution_classification_train_002669,4
execution_classification_train_002670,2
execution_classification_train_002671,0
execution_classification_train_002672,4
execution_classification_train_002673,2
execution_classification_train_002674,1
execution_classification_train_002675,2
execution_classification_train_002676,3
execution_classification_train_002677,2
execution_classification_train_002678,2
execution_classification_train_002679,4
execution_classification_train_002680,4
execution_classification_train_002681,4
execution_classification_train_002682,4
execution_classification_train_002683,3
execution_classification_train_002684,4
execution_classification_train_002685,2
execution_classification_train_002686,3
execution_classification_train_002687,4
execution_classification_train_002688,2
execution_classification_train_002689,4
execution_classification_train_002690,4
execution_classification_train_002691,2
execution_classification_train_002692,1
execution_classification_train_002693,0
execution_classification_train_002694,1
execution_classification_train_002695,2
execution_classification_train_002696,1
execution_classification_train_002697,0
execution_classification_train_002698,3
execution_classification_train_002699,1
execution_classification_train_002700,2
execution_classification_train_002701,2
execution_classification_train_002702,4
execution_classification_train_002703,3
execution_classification_train_002704,0
execution_classification_train_002705,0
execution_classification_train_002706,0
execution_classification_train_002707,1
execution_classification_train_002708,3
execution_classification_train_002709,4
execution_classification_train_002710,2
execution_classification_train_002711,3
execution_classification_train_002712,4
execution_classification_train_002713,4
execution_classification_train_002714,2
execution_classification_train_002715,4
execution_classification_train_002716,3
execution_classification_train_002717,2
execution_classification_train_002718,0
execution_classification_train_002719,2
execution_classification_train_002720,1
execution_classification_train_002721,1
execution_classification_train_002722,0
execution_classification_train_002723,1
execution_classification_train_002724,1
execution_classification_train_002725,2
execution_classification_train_002726,3
execution_classification_train_002727,2
execution_classification_train_002728,2
execution_classification_train_002729,3
execution_classification_train_002730,3
execution_classification_train_002731,2
execution_classification_train_002732,3
execution_classification_train_002733,2
execution_classification_train_002734,3
execution_classification_train_002735,0
execution_classification_train_002736,4
execution_classification_train_002737,0
execution_classification_train_002738,0
execution_classification_train_002739,3
execution_classification_train_002740,2
execution_classification_train_002741,3
execution_classification_train_002742,3
execution_classification_train_002743,4
execution_classification_train_002744,3
execution_classification_train_002745,4
execution_classification_train_002746,3
execution_classification_train_002747,1
execution_classification_train_002748,0
execution_classification_train_002749,3
execution_classification_train_002750,3
execution_classification_train_002751,2
execution_classification_train_002752,4
execution_classification_train_002753,4
execution_classification_train_002754,1
execution_classification_train_002755,2
execution_classification_train_002756,1
execution_classification_train_002757,0
execution_classification_train_002758,1
execution_classification_train_002759,0
execution_classification_train_002760,1
execution_classification_train_002761,0
execution_classification_train_002762,1
execution_classification_train_002763,1
execution_classification_train_002764,3
execution_classification_train_002765,4
execution_classification_train_002766,3
execution_classification_train_002767,0
execution_classification_train_002768,4
execution_classification_train_002769,4
execution_classification_train_002770,1
execution_classification_train_002771,2
execution_classification_train_002772,3
execution_classification_train_002773,4
execution_classification_train_002774,0
execution_classification_train_002775,1
execution_classification_train_002776,4
execution_classification_train_002777,4
execution_classification_train_002778,0
execution_classification_train_002779,2
execution_classification_train_002780,2
execution_classification_train_002781,4
execution_classification_train_002782,3
execution_classification_train_002783,1
execution_classification_train_002784,3
execution_classification_train_002785,1
execution_classification_train_002786,2
execution_classification_train_002787,3
execution_classification_train_002788,3
execution_classification_train_002789,3
execution_classification_train_002790,1
execution_classification_train_002791,3
execution_classification_train_002792,0
execution_classification_train_002793,4
execution_classification_train_002794,0
execution_classification_train_002795,1
execution_classification_train_002796,1
execution_classification_train_002797,1
execution_classification_train_002798,4
execution_classification_train_002799,0
execution_classification_train_002800,2
execution_classification_train_002801,4
execution_classification_train_002802,4
execution_classification_train_002803,3
execution_classification_train_002804,0
execution_classification_train_002805,0
execution_classification_train_002806,0
execution_classification_train_002807,2
execution_classification_train_002808,3
execution_classification_train_002809,0
execution_classification_train_002810,4
execution_classification_train_002811,0
execution_classification_train_002812,3
execution_classification_train_002813,4
execution_classification_train_002814,2
execution_classification_train_002815,1
execution_classification_train_002816,4
execution_classification_train_002817,0
execution_classification_train_002818,3
execution_classification_train_002819,2
execution_classification_train_002820,0
execution_classification_train_002821,2
execution_classification_train_002822,1
execution_classification_train_002823,0
execution_classification_train_002824,4
execution_classification_train_002825,4
execution_classification_train_002826,1
execution_classification_train_002827,4
execution_classification_train_002828,0
execution_classification_train_002829,0
execution_classification_train_002830,1
execution_classification_train_002831,1
execution_classification_train_002832,4
execution_classification_train_002833,4
execution_classification_train_002834,1
execution_classification_train_002835,4
execution_classification_train_002836,1
execution_classification_train_002837,3
execution_classification_train_002838,3
execution_classification_train_002839,1
execution_classification_train_002840,0
execution_classification_train_002841,4
execution_classification_train_002842,3
execution_classification_train_002843,1
execution_classification_train_002844,0
execution_classification_train_002845,3
execution_classification_train_002846,0
execution_classification_train_002847,3
execution_classification_train_002848,4
execution_classification_train_002849,4
execution_classification_train_002850,1
execution_classification_train_002851,3
execution_classification_train_002852,1
execution_classification_train_002853,4
execution_classification_train_002854,2
execution_classification_train_002855,2
execution_classification_train_002856,2
execution_classification_train_002857,4
execution_classification_train_002858,0
execution_classification_train_002859,2
execution_classification_train_002860,3
execution_classification_train_002861,1
execution_classification_train_002862,4
execution_classification_train_002863,4
execution_classification_train_002864,2
execution_classification_train_002865,0
execution_classification_train_002866,3
execution_classification_train_002867,1
execution_classification_train_002868,0
execution_classification_train_002869,2
execution_classification_train_002870,0
execution_classification_train_002871,3
execution_classification_train_002872,1
execution_classification_train_002873,1
execution_classification_train_002874,4
execution_classification_train_002875,4
execution_classification_train_002876,1
execution_classification_train_002877,1
execution_classification_train_002878,3
execution_classification_train_002879,4
execution_classification_train_002880,3
execution_classification_train_002881,1
execution_classification_train_002882,3
execution_classification_train_002883,0
execution_classification_train_002884,4
execution_classification_train_002885,2
execution_classification_train_002886,2
execution_classification_train_002887,1
execution_classification_train_002888,4
execution_classification_train_002889,2
execution_classification_train_002890,0
execution_classification_train_002891,3
execution_classification_train_002892,2
execution_classification_train_002893,1
execution_classification_train_002894,0
execution_classification_train_002895,1
execution_classification_train_002896,2
execution_classification_train_002897,2
execution_classification_train_002898,3
execution_classification_train_002899,3
execution_classification_train_002900,0
execution_classification_train_002901,0
execution_classification_train_002902,4
execution_classification_train_002903,2
execution_classification_train_002904,3
execution_classification_train_002905,4
execution_classification_train_002906,3
execution_classification_train_002907,3
execution_classification_train_002908,4
execution_classification_train_002909,4
execution_classification_train_002910,4
execution_classification_train_002911,2
execution_classification_train_002912,3
execution_classification_train_002913,4
execution_classification_train_002914,4
execution_classification_train_002915,2
execution_classification_train_002916,3
execution_classification_train_002917,4
execution_classification_train_002918,3
execution_classification_train_002919,2
execution_classification_train_002920,4
execution_classification_train_002921,2
execution_classification_train_002922,1
execution_classification_train_002923,4
execution_classification_train_002924,4
execution_classification_train_002925,4
execution_classification_train_002926,3
execution_classification_train_002927,4
execution_classification_train_002928,0
execution_classification_train_002929,2
execution_classification_train_002930,3
execution_classification_train_002931,0
execution_classification_train_002932,0
execution_classification_train_002933,4
execution_classification_train_002934,3
execution_classification_train_002935,3
execution_classification_train_002936,4
execution_classification_train_002937,0
execution_classification_train_002938,3
execution_classification_train_002939,3
execution_classification_train_002940,2
execution_classification_train_002941,2
execution_classification_train_002942,2
execution_classification_train_002943,3
execution_classification_train_002944,0
execution_classification_train_002945,3
execution_classification_train_002946,1
execution_classification_train_002947,1
execution_classification_train_002948,2
execution_classification_train_002949,1
execution_classification_train_002950,1
execution_classification_train_002951,0
execution_classification_train_002952,3
execution_classification_train_002953,2
execution_classification_train_002954,0
execution_classification_train_002955,0
execution_classification_train_002956,4
execution_classification_train_002957,2
execution_classification_train_002958,2
execution_classification_train_002959,0
execution_classification_train_002960,0
execution_classification_train_002961,3
execution_classification_train_002962,1
execution_classification_train_002963,4
execution_classification_train_002964,4
execution_classification_train_002965,2
execution_classification_train_002966,1
execution_classification_train_002967,3
execution_classification_train_002968,4
execution_classification_train_002969,4
execution_classification_train_002970,2
execution_classification_train_002971,0
execution_classification_train_002972,0
execution_classification_train_002973,3
execution_classification_train_002974,0
execution_classification_train_002975,1
execution_classification_train_002976,1
execution_classification_train_002977,2
execution_classification_train_002978,0
execution_classification_train_002979,0
execution_classification_train_002980,4
execution_classification_train_002981,3
execution_classification_train_002982,4
execution_classification_train_002983,3
execution_classification_train_002984,3
execution_classification_train_002985,0
execution_classification_train_002986,4
execution_classification_train_002987,1
execution_classification_train_002988,0
execution_classification_train_002989,2
execution_classification_train_002990,1
execution_classification_train_002991,2
execution_classification_train_002992,1
execution_classification_train_002993,0
execution_classification_train_002994,2
execution_classification_train_002995,3
execution_classification_train_002996,1
execution_classification_train_002997,0
execution_classification_train_002998,3
execution_classification_train_002999,1
execution_classification_train_003000,1
execution_classification_train_003001,4
execution_classification_train_003002,3
execution_classification_train_003003,1
execution_classification_train_003004,3
execution_classification_train_003005,0
execution_classification_train_003006,3
execution_classification_train_003007,0
execution_classification_train_003008,3
execution_classification_train_003009,0
execution_classification_train_003010,0
execution_classification_train_003011,3
execution_classification_train_003012,4
execution_classification_train_003013,0
execution_classification_train_003014,1
execution_classification_train_003015,4
execution_classification_train_003016,4
execution_classification_train_003017,2
execution_classification_train_003018,1
execution_classification_train_003019,2
execution_classification_train_003020,3
execution_classification_train_003021,0
execution_classification_train_003022,2
execution_classification_train_003023,0
execution_classification_train_003024,2
execution_classification_train_003025,1
execution_classification_train_003026,2
execution_classification_train_003027,3
execution_classification_train_003028,1
execution_classification_train_003029,4
execution_classification_train_003030,4
execution_classification_train_003031,3
execution_classification_train_003032,0
execution_classification_train_003033,2
execution_classification_train_003034,3
execution_classification_train_003035,0
execution_classification_train_003036,1
execution_classification_train_003037,0
execution_classification_train_003038,3
execution_classification_train_003039,1
execution_classification_train_003040,0
execution_classification_train_003041,4
execution_classification_train_003042,4
execution_classification_train_003043,3
execution_classification_train_003044,0
execution_classification_train_003045,4
execution_classification_train_003046,3
execution_classification_train_003047,0
execution_classification_train_003048,4
execution_classification_train_003049,2
execution_classification_train_003050,0
execution_classification_train_003051,3
execution_classification_train_003052,4
execution_classification_train_003053,3
execution_classification_train_003054,2
execution_classification_train_003055,0
execution_classification_train_003056,2
execution_classification_train_003057,1
execution_classification_train_003058,4
execution_classification_train_003059,0
execution_classification_train_003060,3
execution_classification_train_003061,3
execution_classification_train_003062,4
execution_classification_train_003063,1
execution_classification_train_003064,3
execution_classification_train_003065,2
execution_classification_train_003066,2
execution_classification_train_003067,2
execution_classification_train_003068,0
execution_classification_train_003069,1
execution_classification_train_003070,0
execution_classification_train_003071,0
execution_classification_train_003072,4
execution_classification_train_003073,0
execution_classification_train_003074,1
execution_classification_train_003075,2
execution_classification_train_003076,1
execution_classification_train_003077,1
execution_classification_train_003078,2
execution_classification_train_003079,1
execution_classification_train_003080,4
execution_classification_train_003081,3
execution_classification_train_003082,1
execution_classification_train_003083,3
execution_classification_train_003084,4
execution_classification_train_003085,3
execution_classification_train_003086,3
execution_classification_train_003087,2
execution_classification_train_003088,1
execution_classification_train_003089,4
execution_classification_train_003090,1
execution_classification_train_003091,1
execution_classification_train_003092,2
execution_classification_train_003093,1
execution_classification_train_003094,4
execution_classification_train_003095,0
execution_classification_train_003096,3
execution_classification_train_003097,2
execution_classification_train_003098,3
execution_classification_train_003099,4
execution_classification_train_003100,4
execution_classification_train_003101,0
execution_classification_train_003102,0
execution_classification_train_003103,1
execution_classification_train_003104,4
execution_classification_train_003105,2
execution_classification_train_003106,3
execution_classification_train_003107,3
execution_classification_train_003108,1
execution_classification_train_003109,0
execution_classification_train_003110,3
execution_classification_train_003111,4
execution_classification_train_003112,4
execution_classification_train_003113,0
execution_classification_train_003114,4
execution_classification_train_003115,1
execution_classification_train_003116,3
execution_classification_train_003117,2
execution_classification_train_003118,2
execution_classification_train_003119,2
execution_classification_train_003120,1
execution_classification_train_003121,0
execution_classification_train_003122,1
execution_classification_train_003123,4
execution_classification_train_003124,0
execution_classification_train_003125,2
execution_classification_train_003126,1
execution_classification_train_003127,2
execution_classification_train_003128,1
execution_classification_train_003129,0
execution_classification_train_003130,2
execution_classification_train_003131,2
execution_classification_train_003132,2
execution_classification_train_003133,1
execution_classification_train_003134,4
execution_classification_train_003135,1
execution_classification_train_003136,1
execution_classification_train_003137,2
execution_classification_train_003138,0
execution_classification_train_003139,2
execution_classification_train_003140,1
execution_classification_train_003141,1
execution_classification_train_003142,2
execution_classification_train_003143,4
execution_classification_train_003144,4
execution_classification_train_003145,4
execution_classification_train_003146,2
execution_classification_train_003147,2
execution_classification_train_003148,3
execution_classification_train_003149,3
execution_classification_train_003150,3
execution_classification_train_003151,2
execution_classification_train_003152,4
execution_classification_train_003153,2
execution_classification_train_003154,1
execution_classification_train_003155,2
execution_classification_train_003156,4
execution_classification_train_003157,4
execution_classification_train_003158,4
execution_classification_train_003159,2
execution_classification_train_003160,4
execution_classification_train_003161,3
execution_classification_train_003162,2
execution_classification_train_003163,3
execution_classification_train_003164,1
execution_classification_train_003165,1
execution_classification_train_003166,3
execution_classification_train_003167,1
execution_classification_train_003168,4
execution_classification_train_003169,1
execution_classification_train_003170,3
execution_classification_train_003171,4
execution_classification_train_003172,2
execution_classification_train_003173,1
execution_classification_train_003174,4
execution_classification_train_003175,4
execution_classification_train_003176,1
execution_classification_train_003177,2
execution_classification_train_003178,0
execution_classification_train_003179,2
execution_classification_train_003180,0
execution_classification_train_003181,3
execution_classification_train_003182,3
execution_classification_train_003183,4
execution_classification_train_003184,3
execution_classification_train_003185,1
execution_classification_train_003186,0
execution_classification_train_003187,3
execution_classification_train_003188,2
execution_classification_train_003189,0
execution_classification_train_003190,4
execution_classification_train_003191,2
execution_classification_train_003192,3
execution_classification_train_003193,0
execution_classification_train_003194,3
execution_classification_train_003195,4
execution_classification_train_003196,2
execution_classification_train_003197,3
execution_classification_train_003198,1
execution_classification_train_003199,0
execution_classification_train_003200,4
execution_classification_train_003201,3
execution_classification_train_003202,3
execution_classification_train_003203,2
execution_classification_train_003204,0
execution_classification_train_003205,3
execution_classification_train_003206,3
execution_classification_train_003207,0
execution_classification_train_003208,2
execution_classification_train_003209,3
execution_classification_train_003210,2
execution_classification_train_003211,1
execution_classification_train_003212,4
execution_classification_train_003213,0
execution_classification_train_003214,4
execution_classification_train_003215,2
execution_classification_train_003216,4
execution_classification_train_003217,3
execution_classification_train_003218,3
execution_classification_train_003219,0
execution_classification_train_003220,0
execution_classification_train_003221,3
execution_classification_train_003222,4
execution_classification_train_003223,1
execution_classification_train_003224,3
execution_classification_train_003225,1
execution_classification_train_003226,2
execution_classification_train_003227,0
execution_classification_train_003228,4
execution_classification_train_003229,0
execution_classification_train_003230,3
execution_classification_train_003231,0
execution_classification_train_003232,0
execution_classification_train_003233,3
execution_classification_train_003234,4
execution_classification_train_003235,3
execution_classification_train_003236,0
execution_classification_train_003237,2
execution_classification_train_003238,4
execution_classification_train_003239,1
execution_classification_train_003240,1
execution_classification_train_003241,0
execution_classification_train_003242,1
execution_classification_train_003243,0
execution_classification_train_003244,4
execution_classification_train_003245,3
execution_classification_train_003246,4
execution_classification_train_003247,3
execution_classification_train_003248,2
execution_classification_train_003249,0
execution_classification_train_003250,0
execution_classification_train_003251,0
execution_classification_train_003252,2
execution_classification_train_003253,0
execution_classification_train_003254,1
execution_classification_train_003255,0
execution_classification_train_003256,4
execution_classification_train_003257,2
execution_classification_train_003258,0
execution_classification_train_003259,0
execution_classification_train_003260,1
execution_classification_train_003261,4
execution_classification_train_003262,2
execution_classification_train_003263,0
execution_classification_train_003264,4
execution_classification_train_003265,4
execution_classification_train_003266,3
execution_classification_train_003267,3
execution_classification_train_003268,3
execution_classification_train_003269,0
execution_classification_train_003270,0
execution_classification_train_003271,0
execution_classification_train_003272,4
execution_classification_train_003273,2
execution_classification_train_003274,0
execution_classification_train_003275,3
execution_classification_train_003276,2
execution_classification_train_003277,2
execution_classification_train_003278,4
execution_classification_train_003279,0
execution_classification_train_003280,1
execution_classification_train_003281,0
execution_classification_train_003282,0
execution_classification_train_003283,0
execution_classification_train_003284,2
execution_classification_train_003285,1
execution_classification_train_003286,1
execution_classification_train_003287,4
execution_classification_train_003288,2
execution_classification_train_003289,0
execution_classification_train_003290,2
execution_classification_train_003291,0
execution_classification_train_003292,2
execution_classification_train_003293,4
execution_classification_train_003294,4
execution_classification_train_003295,4
execution_classification_train_003296,3
execution_classification_train_003297,2
execution_classification_train_003298,0
execution_classification_train_003299,2
execution_classification_train_003300,3
execution_classification_train_003301,4
execution_classification_train_003302,3
execution_classification_train_003303,4
execution_classification_train_003304,1
execution_classification_train_003305,2
execution_classification_train_003306,3
execution_classification_train_003307,0
execution_classification_train_003308,4
execution_classification_train_003309,3
execution_classification_train_003310,4
execution_classification_train_003311,0
execution_classification_train_003312,0
execution_classification_train_003313,3
execution_classification_train_003314,3
execution_classification_train_003315,3
execution_classification_train_003316,0
execution_classification_train_003317,4
execution_classification_train_003318,2
execution_classification_train_003319,3
execution_classification_train_003320,4
execution_classification_train_003321,0
execution_classification_train_003322,2
execution_classification_train_003323,1
execution_classification_train_003324,4
execution_classification_train_003325,0
execution_classification_train_003326,2
execution_classification_train_003327,1
execution_classification_train_003328,3
execution_classification_train_003329,1
execution_classification_train_003330,4
execution_classification_train_003331,4
execution_classification_train_003332,4
execution_classification_train_003333,1
execution_classification_train_003334,0
execution_classification_train_003335,0
execution_classification_train_003336,3
execution_classification_train_003337,0
execution_classification_train_003338,1
execution_classification_train_003339,4
execution_classification_train_003340,4
execution_classification_train_003341,2
execution_classification_train_003342,4
execution_classification_train_003343,0
execution_classification_train_003344,1
execution_classification_train_003345,2
execution_classification_train_003346,2
execution_classification_train_003347,3
execution_classification_train_003348,4
execution_classification_train_003349,3
execution_classification_train_003350,0
execution_classification_train_003351,1
execution_classification_train_003352,4
execution_classification_train_003353,2
execution_classification_train_003354,3
execution_classification_train_003355,0
execution_classification_train_003356,2
execution_classification_train_003357,2
execution_classification_train_003358,3
execution_classification_train_003359,1
execution_classification_train_003360,1
execution_classification_train_003361,1
execution_classification_train_003362,2
execution_classification_train_003363,3
execution_classification_train_003364,2
execution_classification_train_003365,1
execution_classification_train_003366,1
execution_classification_train_003367,0
execution_classification_train_003368,4
execution_classification_train_003369,2
execution_classification_train_003370,2
execution_classification_train_003371,1
execution_classification_train_003372,2
execution_classification_train_003373,4
execution_classification_train_003374,1
execution_classification_train_003375,0
execution_classification_train_003376,3
execution_classification_train_003377,3
execution_classification_train_003378,4
execution_classification_train_003379,3
execution_classification_train_003380,0
execution_classification_train_003381,2
execution_classification_train_003382,3
execution_classification_train_003383,1
execution_classification_train_003384,1
execution_classification_train_003385,0
execution_classification_train_003386,4
execution_classification_train_003387,3
execution_classification_train_003388,0
execution_classification_train_003389,3
execution_classification_train_003390,3
execution_classification_train_003391,3
execution_classification_train_003392,1
execution_classification_train_003393,2
execution_classification_train_003394,4
execution_classification_train_003395,2
execution_classification_train_003396,0
execution_classification_train_003397,2
execution_classification_train_003398,4
execution_classification_train_003399,2
execution_classification_train_003400,0
execution_classification_train_003401,4
execution_classification_train_003402,3
execution_classification_train_003403,0
execution_classification_train_003404,1
execution_classification_train_003405,2
execution_classification_train_003406,3
execution_classification_train_003407,1
execution_classification_train_003408,0
execution_classification_train_003409,4
execution_classification_train_003410,0
execution_classification_train_003411,0
execution_classification_train_003412,3
execution_classification_train_003413,0
execution_classification_train_003414,2
execution_classification_train_003415,1
execution_classification_train_003416,4
execution_classification_train_003417,3
execution_classification_train_003418,0
execution_classification_train_003419,1
execution_classification_train_003420,2
execution_classification_train_003421,1
execution_classification_train_003422,0
execution_classification_train_003423,1
execution_classification_train_003424,1
execution_classification_train_003425,0
execution_classification_train_003426,4
execution_classification_train_003427,3
execution_classification_train_003428,3
execution_classification_train_003429,4
execution_classification_train_003430,1
execution_classification_train_003431,3
execution_classification_train_003432,4
execution_classification_train_003433,1
execution_classification_train_003434,3
execution_classification_train_003435,1
execution_classification_train_003436,3
execution_classification_train_003437,4
execution_classification_train_003438,1
execution_classification_train_003439,1
execution_classification_train_003440,0
execution_classification_train_003441,2
execution_classification_train_003442,0
execution_classification_train_003443,1
execution_classification_train_003444,3
execution_classification_train_003445,2
execution_classification_train_003446,0
execution_classification_train_003447,0
execution_classification_train_003448,2
execution_classification_train_003449,3
execution_classification_train_003450,1
execution_classification_train_003451,3
execution_classification_train_003452,4
execution_classification_train_003453,3
execution_classification_train_003454,2
execution_classification_train_003455,2
execution_classification_train_003456,3
execution_classification_train_003457,0
execution_classification_train_003458,3
execution_classification_train_003459,3
execution_classification_train_003460,0
execution_classification_train_003461,2
execution_classification_train_003462,3
execution_classification_train_003463,3
execution_classification_train_003464,3
execution_classification_train_003465,4
execution_classification_train_003466,1
execution_classification_train_003467,1
execution_classification_train_003468,3
execution_classification_train_003469,0
execution_classification_train_003470,2
execution_classification_train_003471,2
execution_classification_train_003472,1
execution_classification_train_003473,3
execution_classification_train_003474,2
execution_classification_train_003475,4
execution_classification_train_003476,0
execution_classification_train_003477,2
execution_classification_train_003478,1
execution_classification_train_003479,4
execution_classification_train_003480,3
execution_classification_train_003481,0
execution_classification_train_003482,3
execution_classification_train_003483,1
execution_classification_train_003484,2
execution_classification_train_003485,3
execution_classification_train_003486,1
execution_classification_train_003487,1
execution_classification_train_003488,4
execution_classification_train_003489,2
execution_classification_train_003490,0
execution_classification_train_003491,2
execution_classification_train_003492,3
execution_classification_train_003493,2
execution_classification_train_003494,4
execution_classification_train_003495,3
execution_classification_train_003496,1
execution_classification_train_003497,2
execution_classification_train_003498,2
execution_classification_train_003499,4
execution_classification_train_003500,0
execution_classification_train_003501,4
execution_classification_train_003502,2
execution_classification_train_003503,0
execution_classification_train_003504,2
execution_classification_train_003505,0
execution_classification_train_003506,3
execution_classification_train_003507,3
execution_classification_train_003508,3
execution_classification_train_003509,3
execution_classification_train_003510,2
execution_classification_train_003511,3
execution_classification_train_003512,1
execution_classification_train_003513,2
execution_classification_train_003514,0
execution_classification_train_003515,3
execution_classification_train_003516,2
execution_classification_train_003517,2
execution_classification_train_003518,2
execution_classification_train_003519,2
execution_classification_train_003520,4
execution_classification_train_003521,4
execution_classification_train_003522,0
execution_classification_train_003523,1
execution_classification_train_003524,3
execution_classification_train_003525,1
execution_classification_train_003526,0
execution_classification_train_003527,3
execution_classification_train_003528,0
execution_classification_train_003529,3
execution_classification_train_003530,2
execution_classification_train_003531,4
execution_classification_train_003532,4
execution_classification_train_003533,2
execution_classification_train_003534,4
execution_classification_train_003535,2
execution_classification_train_003536,1
execution_classification_train_003537,1
execution_classification_train_003538,1
execution_classification_train_003539,1
execution_classification_train_003540,2
execution_classification_train_003541,0
execution_classification_train_003542,3
execution_classification_train_003543,4
execution_classification_train_003544,3
execution_classification_train_003545,0
execution_classification_train_003546,1
execution_classification_train_003547,4
execution_classification_train_003548,0
execution_classification_train_003549,1
execution_classification_train_003550,2
execution_classification_train_003551,3
execution_classification_train_003552,1
execution_classification_train_003553,1
execution_classification_train_003554,3
execution_classification_train_003555,1
execution_classification_train_003556,1
execution_classification_train_003557,3
execution_classification_train_003558,0
execution_classification_train_003559,2
execution_classification_train_003560,3
execution_classification_train_003561,2
execution_classification_train_003562,0
execution_classification_train_003563,3
execution_classification_train_003564,1
execution_classification_train_003565,0
execution_classification_train_003566,4
execution_classification_train_003567,0
execution_classification_train_003568,4
execution_classification_train_003569,4
execution_classification_train_003570,0
execution_classification_train_003571,3
execution_classification_train_003572,3
execution_classification_train_003573,2
execution_classification_train_003574,4
execution_classification_train_003575,2
execution_classification_train_003576,1
execution_classification_train_003577,3
execution_classification_train_003578,3
execution_classification_train_003579,3
execution_classification_train_003580,2
execution_classification_train_003581,0
execution_classification_train_003582,4
execution_classification_train_003583,2
execution_classification_train_003584,2
execution_classification_train_003585,0
execution_classification_train_003586,4
execution_classification_train_003587,1
execution_classification_train_003588,1
execution_classification_train_003589,2
execution_classification_train_003590,0
execution_classification_train_003591,1
execution_classification_train_003592,3
execution_classification_train_003593,0
execution_classification_train_003594,0
execution_classification_train_003595,0
execution_classification_train_003596,0
execution_classification_train_003597,4
execution_classification_train_003598,1
execution_classification_train_003599,0
execution_classification_train_003600,0
execution_classification_train_003601,2
execution_classification_train_003602,4
execution_classification_train_003603,0
execution_classification_train_003604,1
execution_classification_train_003605,1
execution_classification_train_003606,4
execution_classification_train_003607,1
execution_classification_train_003608,0
execution_classification_train_003609,2
execution_classification_train_003610,4
execution_classification_train_003611,2
execution_classification_train_003612,3
execution_classification_train_003613,1
execution_classification_train_003614,2
execution_classification_train_003615,3
execution_classification_train_003616,3
execution_classification_train_003617,1
execution_classification_train_003618,2
execution_classification_train_003619,0
execution_classification_train_003620,3
execution_classification_train_003621,2
execution_classification_train_003622,2
execution_classification_train_003623,1
execution_classification_train_003624,4
execution_classification_train_003625,2
execution_classification_train_003626,4
execution_classification_train_003627,3
execution_classification_train_003628,0
execution_classification_train_003629,2
execution_classification_train_003630,0
execution_classification_train_003631,1
execution_classification_train_003632,1
execution_classification_train_003633,0
execution_classification_train_003634,2
execution_classification_train_003635,4
execution_classification_train_003636,4
execution_classification_train_003637,0
execution_classification_train_003638,2
execution_classification_train_003639,0
execution_classification_train_003640,3
execution_classification_train_003641,3
execution_classification_train_003642,0
execution_classification_train_003643,2
execution_classification_train_003644,4
execution_classification_train_003645,3
execution_classification_train_003646,0
execution_classification_train_003647,2
execution_classification_train_003648,2
execution_classification_train_003649,1
execution_classification_train_003650,1
execution_classification_train_003651,0
execution_classification_train_003652,0
execution_classification_train_003653,3
execution_classification_train_003654,2
execution_classification_train_003655,4
execution_classification_train_003656,0
execution_classification_train_003657,1
execution_classification_train_003658,2
execution_classification_train_003659,2
execution_classification_train_003660,4
execution_classification_train_003661,0
execution_classification_train_003662,2
execution_classification_train_003663,1
execution_classification_train_003664,0
execution_classification_train_003665,3
execution_classification_train_003666,0
execution_classification_train_003667,1
execution_classification_train_003668,2
execution_classification_train_003669,0
execution_classification_train_003670,4
execution_classification_train_003671,0
execution_classification_train_003672,4
execution_classification_train_003673,0
execution_classification_train_003674,4
execution_classification_train_003675,3
execution_classification_train_003676,1
execution_classification_train_003677,1
execution_classification_train_003678,4
execution_classification_train_003679,3
execution_classification_train_003680,4
execution_classification_train_003681,4
execution_classification_train_003682,2
execution_classification_train_003683,4
execution_classification_train_003684,2
execution_classification_train_003685,0
execution_classification_train_003686,1
execution_classification_train_003687,1
execution_classification_train_003688,0
execution_classification_train_003689,1
execution_classification_train_003690,3
execution_classification_train_003691,0
execution_classification_train_003692,2
execution_classification_train_003693,1
execution_classification_train_003694,2
execution_classification_train_003695,0
execution_classification_train_003696,1
execution_classification_train_003697,4
execution_classification_train_003698,0
execution_classification_train_003699,3
execution_classification_train_003700,1
execution_classification_train_003701,1
execution_classification_train_003702,2
execution_classification_train_003703,3
execution_classification_train_003704,0
execution_classification_train_003705,4
execution_classification_train_003706,4
execution_classification_train_003707,1
execution_classification_train_003708,1
execution_classification_train_003709,3
execution_classification_train_003710,3
execution_classification_train_003711,3
execution_classification_train_003712,2
execution_classification_train_003713,4
execution_classification_train_003714,0
execution_classification_train_003715,2
execution_classification_train_003716,2
execution_classification_train_003717,4
execution_classification_train_003718,1
execution_classification_train_003719,3
execution_classification_train_003720,0
execution_classification_train_003721,0
execution_classification_train_003722,2
execution_classification_train_003723,2
execution_classification_train_003724,3
execution_classification_train_003725,0
execution_classification_train_003726,4
execution_classification_train_003727,1
execution_classification_train_003728,0
execution_classification_train_003729,0
execution_classification_train_003730,2
execution_classification_train_003731,2
execution_classification_train_003732,3
execution_classification_train_003733,4
execution_classification_train_003734,3
execution_classification_train_003735,1
execution_classification_train_003736,4
execution_classification_train_003737,4
execution_classification_train_003738,1
execution_classification_train_003739,1
execution_classification_train_003740,1
execution_classification_train_003741,3
execution_classification_train_003742,2
execution_classification_train_003743,1
execution_classification_train_003744,3
execution_classification_train_003745,4
execution_classification_train_003746,1
execution_classification_train_003747,0
execution_classification_train_003748,2
execution_classification_train_003749,2
execution_classification_train_003750,1
execution_classification_train_003751,4
execution_classification_train_003752,0
execution_classification_train_003753,3
execution_classification_train_003754,1
execution_classification_train_003755,3
execution_classification_train_003756,4
execution_classification_train_003757,2
execution_classification_train_003758,2
execution_classification_train_003759,2
execution_classification_train_003760,1
execution_classification_train_003761,0
execution_classification_train_003762,3
execution_classification_train_003763,3
execution_classification_train_003764,2
execution_classification_train_003765,3
execution_classification_train_003766,1
execution_classification_train_003767,0
execution_classification_train_003768,1
execution_classification_train_003769,4
execution_classification_train_003770,2
execution_classification_train_003771,4
execution_classification_train_003772,4
execution_classification_train_003773,0
execution_classification_train_003774,0
execution_classification_train_003775,1
execution_classification_train_003776,2
execution_classification_train_003777,0
execution_classification_train_003778,1
execution_classification_train_003779,3
execution_classification_train_003780,0
execution_classification_train_003781,0
execution_classification_train_003782,1
execution_classification_train_003783,4
execution_classification_train_003784,0
execution_classification_train_003785,0
execution_classification_train_003786,3
execution_classification_train_003787,4
execution_classification_train_003788,4
execution_classification_train_003789,4
execution_classification_train_003790,0
execution_classification_train_003791,4
execution_classification_train_003792,4
execution_classification_train_003793,0
execution_classification_train_003794,1
execution_classification_train_003795,0
execution_classification_train_003796,1
execution_classification_train_003797,1
execution_classification_train_003798,2
execution_classification_train_003799,2
execution_classification_train_003800,4
execution_classification_train_003801,2
execution_classification_train_003802,1
execution_classification_train_003803,4
execution_classification_train_003804,0
execution_classification_train_003805,1
execution_classification_train_003806,4
execution_classification_train_003807,1
execution_classification_train_003808,3
execution_classification_train_003809,0
execution_classification_train_003810,2
execution_classification_train_003811,2
execution_classification_train_003812,2
execution_classification_train_003813,1
execution_classification_train_003814,0
execution_classification_train_003815,3
execution_classification_train_003816,4
execution_classification_train_003817,4
execution_classification_train_003818,4
execution_classification_train_003819,2
execution_classification_train_003820,1
execution_classification_train_003821,2
execution_classification_train_003822,2
execution_classification_train_003823,1
execution_classification_train_003824,2
execution_classification_train_003825,0
execution_classification_train_003826,1
execution_classification_train_003827,4
execution_classification_train_003828,1
execution_classification_train_003829,0
execution_classification_train_003830,1
execution_classification_train_003831,4
execution_classification_train_003832,3
execution_classification_train_003833,4
execution_classification_train_003834,2
execution_classification_train_003835,0
execution_classification_train_003836,4
execution_classification_train_003837,0
execution_classification_train_003838,4
execution_classification_train_003839,3
execution_classification_train_003840,0
execution_classification_train_003841,0
execution_classification_train_003842,1
execution_classification_train_003843,3
execution_classification_train_003844,0
execution_classification_train_003845,1
execution_classification_train_003846,4
execution_classification_train_003847,2
execution_classification_train_003848,0
execution_classification_train_003849,2
execution_classification_train_003850,3
execution_classification_train_003851,1
execution_classification_train_003852,3
execution_classification_train_003853,1
execution_classification_train_003854,3
execution_classification_train_003855,0
execution_classification_train_003856,2
execution_classification_train_003857,2
execution_classification_train_003858,0
execution_classification_train_003859,1
execution_classification_train_003860,1
execution_classification_train_003861,1
execution_classification_train_003862,1
execution_classification_train_003863,2
execution_classification_train_003864,3
execution_classification_train_003865,4
execution_classification_train_003866,3
execution_classification_train_003867,0
execution_classification_train_003868,3
execution_classification_train_003869,1
execution_classification_train_003870,4
execution_classification_train_003871,4
execution_classification_train_003872,2
execution_classification_train_003873,1
execution_classification_train_003874,4
execution_classification_train_003875,1
execution_classification_train_003876,1
execution_classification_train_003877,2
execution_classification_train_003878,0
execution_classification_train_003879,1
execution_classification_train_003880,0
execution_classification_train_003881,4
execution_classification_train_003882,4
execution_classification_train_003883,1
execution_classification_train_003884,2
execution_classification_train_003885,0
execution_classification_train_003886,1
execution_classification_train_003887,2
execution_classification_train_003888,0
execution_classification_train_003889,1
execution_classification_train_003890,2
execution_classification_train_003891,3
execution_classification_train_003892,1
execution_classification_train_003893,3
execution_classification_train_003894,1
execution_classification_train_003895,4
execution_classification_train_003896,3
execution_classification_train_003897,3
execution_classification_train_003898,1
execution_classification_train_003899,1
execution_classification_train_003900,2
execution_classification_train_003901,1
execution_classification_train_003902,1
execution_classification_train_003903,4
execution_classification_train_003904,0
execution_classification_train_003905,1
execution_classification_train_003906,4
execution_classification_train_003907,3
execution_classification_train_003908,1
execution_classification_train_003909,1
execution_classification_train_003910,0
execution_classification_train_003911,2
execution_classification_train_003912,2
execution_classification_train_003913,0
execution_classification_train_003914,3
execution_classification_train_003915,2
execution_classification_train_003916,3
execution_classification_train_003917,2
execution_classification_train_003918,0
execution_classification_train_003919,3
execution_classification_train_003920,3
execution_classification_train_003921,4
execution_classification_train_003922,2
execution_classification_train_003923,4
execution_classification_train_003924,4
execution_classification_train_003925,1
execution_classification_train_003926,0
execution_classification_train_003927,3
execution_classification_train_003928,1
execution_classification_train_003929,3
execution_classification_train_003930,3
execution_classification_train_003931,1
execution_classification_train_003932,0
execution_classification_train_003933,2
execution_classification_train_003934,1
execution_classification_train_003935,3
execution_classification_train_003936,0
execution_classification_train_003937,4
execution_classification_train_003938,3
execution_classification_train_003939,1
execution_classification_train_003940,1
execution_classification_train_003941,3
execution_classification_train_003942,3
execution_classification_train_003943,1
execution_classification_train_003944,1
execution_classification_train_003945,1
execution_classification_train_003946,4
execution_classification_train_003947,0
execution_classification_train_003948,4
execution_classification_train_003949,2
execution_classification_train_003950,0
execution_classification_train_003951,0
execution_classification_train_003952,4
execution_classification_train_003953,2
execution_classification_train_003954,1
execution_classification_train_003955,0
execution_classification_train_003956,1
execution_classification_train_003957,4
execution_classification_train_003958,1
execution_classification_train_003959,0
execution_classification_train_003960,4
execution_classification_train_003961,2
execution_classification_train_003962,2
execution_classification_train_003963,0
execution_classification_train_003964,1
execution_classification_train_003965,0
execution_classification_train_003966,1
execution_classification_train_003967,3
execution_classification_train_003968,4
execution_classification_train_003969,2
execution_classification_train_003970,0
execution_classification_train_003971,1
execution_classification_train_003972,1
execution_classification_train_003973,4
execution_classification_train_003974,0
execution_classification_train_003975,1
execution_classification_train_003976,4
execution_classification_train_003977,4
execution_classification_train_003978,4
execution_classification_train_003979,2
execution_classification_train_003980,0
execution_classification_train_003981,2
execution_classification_train_003982,4
execution_classification_train_003983,1
execution_classification_train_003984,2
execution_classification_train_003985,1
execution_classification_train_003986,2
execution_classification_train_003987,4
execution_classification_train_003988,1
execution_classification_train_003989,4
execution_classification_train_003990,2
execution_classification_train_003991,1
execution_classification_train_003992,3
execution_classification_train_003993,3
execution_classification_train_003994,4
execution_classification_train_003995,3
execution_classification_train_003996,1
execution_classification_train_003997,1
execution_classification_train_003998,0
execution_classification_train_003999,2
execution_classification_train_004000,1
execution_classification_train_004001,2
execution_classification_train_004002,2
execution_classification_train_004003,3
execution_classification_train_004004,2
execution_classification_train_004005,4
execution_classification_train_004006,4
execution_classification_train_004007,2
execution_classification_train_004008,2
execution_classification_train_004009,4
execution_classification_train_004010,0
execution_classification_train_004011,2
execution_classification_train_004012,4
execution_classification_train_004013,2
execution_classification_train_004014,4
execution_classification_train_004015,2
execution_classification_train_004016,3
execution_classification_train_004017,0
execution_classification_train_004018,0
execution_classification_train_004019,2
execution_classification_train_004020,1
execution_classification_train_004021,3
execution_classification_train_004022,1
execution_classification_train_004023,0
execution_classification_train_004024,1
execution_classification_train_004025,0
execution_classification_train_004026,0
execution_classification_train_004027,4
execution_classification_train_004028,4
execution_classification_train_004029,2
execution_classification_train_004030,2
execution_classification_train_004031,1
execution_classification_train_004032,2
execution_classification_train_004033,3
execution_classification_train_004034,1
execution_classification_train_004035,1
execution_classification_train_004036,2
execution_classification_train_004037,3
execution_classification_train_004038,2
execution_classification_train_004039,3
execution_classification_train_004040,3
execution_classification_train_004041,1
execution_classification_train_004042,3
execution_classification_train_004043,1
execution_classification_train_004044,3
execution_classification_train_004045,0
execution_classification_train_004046,1
execution_classification_train_004047,4
execution_classification_train_004048,2
execution_classification_train_004049,2
execution_classification_train_004050,3
execution_classification_train_004051,3
execution_classification_train_004052,1
execution_classification_train_004053,2
execution_classification_train_004054,2
execution_classification_train_004055,0
execution_classification_train_004056,2
execution_classification_train_004057,2
execution_classification_train_004058,2
execution_classification_train_004059,0
execution_classification_train_004060,2
execution_classification_train_004061,4
execution_classification_train_004062,0
execution_classification_train_004063,3
execution_classification_train_004064,2
execution_classification_train_004065,0
execution_classification_train_004066,3
execution_classification_train_004067,3
execution_classification_train_004068,3
execution_classification_train_004069,2
execution_classification_train_004070,2
execution_classification_train_004071,1
execution_classification_train_004072,1
execution_classification_train_004073,4
execution_classification_train_004074,1
execution_classification_train_004075,1
execution_classification_train_004076,3
execution_classification_train_004077,4
execution_classification_train_004078,0
execution_classification_train_004079,0
execution_classification_train_004080,4
execution_classification_train_004081,1
execution_classification_train_004082,4
execution_classification_train_004083,4
execution_classification_train_004084,2
execution_classification_train_004085,4
execution_classification_train_004086,2
execution_classification_train_004087,0
execution_classification_train_004088,1
execution_classification_train_004089,1
execution_classification_train_004090,4
execution_classification_train_004091,1
execution_classification_train_004092,0
execution_classification_train_004093,4
execution_classification_train_004094,3
execution_classification_train_004095,2
execution_classification_train_004096,4
execution_classification_train_004097,0
execution_classification_train_004098,2
execution_classification_train_004099,1
execution_classification_train_004100,1
execution_classification_train_004101,0
execution_classification_train_004102,1
execution_classification_train_004103,4
execution_classification_train_004104,4
execution_classification_train_004105,1
execution_classification_train_004106,1
execution_classification_train_004107,1
execution_classification_train_004108,4
execution_classification_train_004109,0
execution_classification_train_004110,2
execution_classification_train_004111,1
execution_classification_train_004112,3
execution_classification_train_004113,3
execution_classification_train_004114,1
execution_classification_train_004115,2
execution_classification_train_004116,0
execution_classification_train_004117,1
execution_classification_train_004118,2
execution_classification_train_004119,0
execution_classification_train_004120,0
execution_classification_train_004121,2
execution_classification_train_004122,3
execution_classification_train_004123,3
execution_classification_train_004124,1
execution_classification_train_004125,4
execution_classification_train_004126,4
execution_classification_train_004127,4
execution_classification_train_004128,2
execution_classification_train_004129,1
execution_classification_train_004130,0
execution_classification_train_004131,3
execution_classification_train_004132,1
execution_classification_train_004133,2
execution_classification_train_004134,1
execution_classification_train_004135,1
execution_classification_train_004136,2
execution_classification_train_004137,1
execution_classification_train_004138,2
execution_classification_train_004139,4
execution_classification_train_004140,4
execution_classification_train_004141,4
execution_classification_train_004142,2
execution_classification_train_004143,2
execution_classification_train_004144,2
execution_classification_train_004145,1
execution_classification_train_004146,4
execution_classification_train_004147,2
execution_classification_train_004148,4
execution_classification_train_004149,0
execution_classification_train_004150,3
execution_classification_train_004151,3
execution_classification_train_004152,1
execution_classification_train_004153,0
execution_classification_train_004154,4
execution_classification_train_004155,2
execution_classification_train_004156,1
execution_classification_train_004157,0
execution_classification_train_004158,1
execution_classification_train_004159,2
execution_classification_train_004160,2
execution_classification_train_004161,1
execution_classification_train_004162,1
execution_classification_train_004163,0
execution_classification_train_004164,2
execution_classification_train_004165,0
execution_classification_train_004166,2
execution_classification_train_004167,2
execution_classification_train_004168,1
execution_classification_train_004169,2
execution_classification_train_004170,3
execution_classification_train_004171,0
execution_classification_train_004172,1
execution_classification_train_004173,0
execution_classification_train_004174,1
execution_classification_train_004175,3
execution_classification_train_004176,1
execution_classification_train_004177,3
execution_classification_train_004178,0
execution_classification_train_004179,1
execution_classification_train_004180,0
execution_classification_train_004181,4
execution_classification_train_004182,2
execution_classification_train_004183,0
execution_classification_train_004184,0
execution_classification_train_004185,4
execution_classification_train_004186,2
execution_classification_train_004187,2
execution_classification_train_004188,0
execution_classification_train_004189,1
execution_classification_train_004190,0
execution_classification_train_004191,1
execution_classification_train_004192,3
execution_classification_train_004193,4
execution_classification_train_004194,0
execution_classification_train_004195,2
execution_classification_train_004196,4
execution_classification_train_004197,4
execution_classification_train_004198,2
execution_classification_train_004199,0
execution_classification_train_004200,1
execution_classification_train_004201,0
execution_classification_train_004202,3
execution_classification_train_004203,3
execution_classification_train_004204,2
execution_classification_train_004205,2
execution_classification_train_004206,2
execution_classification_train_004207,1
execution_classification_train_004208,3
execution_classification_train_004209,2
execution_classification_train_004210,3
execution_classification_train_004211,0
execution_classification_train_004212,1
execution_classification_train_004213,1
execution_classification_train_004214,3
execution_classification_train_004215,3
execution_classification_train_004216,1
execution_classification_train_004217,0
execution_classification_train_004218,2
execution_classification_train_004219,0
execution_classification_train_004220,4
execution_classification_train_004221,4
execution_classification_train_004222,0
execution_classification_train_004223,2
execution_classification_train_004224,0
execution_classification_train_004225,3
execution_classification_train_004226,2
execution_classification_train_004227,0
execution_classification_train_004228,4
execution_classification_train_004229,3
execution_classification_train_004230,3
execution_classification_train_004231,4
execution_classification_train_004232,3
execution_classification_train_004233,2
execution_classification_train_004234,4
execution_classification_train_004235,1
execution_classification_train_004236,4
execution_classification_train_004237,3
execution_classification_train_004238,0
execution_classification_train_004239,4
execution_classification_train_004240,1
execution_classification_train_004241,2
execution_classification_train_004242,1
execution_classification_train_004243,0
execution_classification_train_004244,1
execution_classification_train_004245,3
execution_classification_train_004246,2
execution_classification_train_004247,2
execution_classification_train_004248,4
execution_classification_train_004249,3
execution_classification_train_004250,2
execution_classification_train_004251,4
execution_classification_train_004252,4
execution_classification_train_004253,1
execution_classification_train_004254,0
execution_classification_train_004255,2
execution_classification_train_004256,0
execution_classification_train_004257,1
execution_classification_train_004258,4
execution_classification_train_004259,0
execution_classification_train_004260,0
execution_classification_train_004261,1
execution_classification_train_004262,2
execution_classification_train_004263,0
execution_classification_train_004264,1
execution_classification_train_004265,4
execution_classification_train_004266,3
execution_classification_train_004267,1
execution_classification_train_004268,3
execution_classification_train_004269,3
execution_classification_train_004270,0
execution_classification_train_004271,3
execution_classification_train_004272,1
execution_classification_train_004273,3
execution_classification_train_004274,0
execution_classification_train_004275,3
execution_classification_train_004276,4
execution_classification_train_004277,1
execution_classification_train_004278,2
execution_classification_train_004279,4
execution_classification_train_004280,1
execution_classification_train_004281,3
execution_classification_train_004282,4
execution_classification_train_004283,0
execution_classification_train_004284,2
execution_classification_train_004285,1
execution_classification_train_004286,4
execution_classification_train_004287,0
execution_classification_train_004288,4
execution_classification_train_004289,3
execution_classification_train_004290,0
execution_classification_train_004291,0
execution_classification_train_004292,4
execution_classification_train_004293,4
execution_classification_train_004294,0
execution_classification_train_004295,1
execution_classification_train_004296,0
execution_classification_train_004297,0
execution_classification_train_004298,1
execution_classification_train_004299,4
execution_classification_train_004300,3
execution_classification_train_004301,4
execution_classification_train_004302,0
execution_classification_train_004303,2
execution_classification_train_004304,2
execution_classification_train_004305,2
execution_classification_train_004306,2
execution_classification_train_004307,4
execution_classification_train_004308,0
execution_classification_train_004309,0
execution_classification_train_004310,2
execution_classification_train_004311,0
execution_classification_train_004312,4
execution_classification_train_004313,0
execution_classification_train_004314,1
execution_classification_train_004315,2
execution_classification_train_004316,0
execution_classification_train_004317,4
execution_classification_train_004318,2
execution_classification_train_004319,1
execution_classification_train_004320,0
execution_classification_train_004321,2
execution_classification_train_004322,4
execution_classification_train_004323,4
execution_classification_train_004324,3
execution_classification_train_004325,2
execution_classification_train_004326,3
execution_classification_train_004327,3
execution_classification_train_004328,0
execution_classification_train_004329,0
execution_classification_train_004330,0
execution_classification_train_004331,4
execution_classification_train_004332,4
execution_classification_train_004333,0
execution_classification_train_004334,4
execution_classification_train_004335,0
execution_classification_train_004336,0
execution_classification_train_004337,3
execution_classification_train_004338,2
execution_classification_train_004339,4
execution_classification_train_004340,0
execution_classification_train_004341,1
execution_classification_train_004342,1
execution_classification_train_004343,4
execution_classification_train_004344,2
execution_classification_train_004345,2
execution_classification_train_004346,1
execution_classification_train_004347,4
execution_classification_train_004348,1
execution_classification_train_004349,0
execution_classification_train_004350,1
execution_classification_train_004351,3
execution_classification_train_004352,3
execution_classification_train_004353,0
execution_classification_train_004354,4
execution_classification_train_004355,1
execution_classification_train_004356,4
execution_classification_train_004357,2
execution_classification_train_004358,1
execution_classification_train_004359,0
execution_classification_train_004360,0
execution_classification_train_004361,2
execution_classification_train_004362,1
execution_classification_train_004363,2
execution_classification_train_004364,0
execution_classification_train_004365,3
execution_classification_train_004366,1
execution_classification_train_004367,2
execution_classification_train_004368,3
execution_classification_train_004369,3
execution_classification_train_004370,2
execution_classification_train_004371,1
execution_classification_train_004372,1
execution_classification_train_004373,0
execution_classification_train_004374,3
execution_classification_train_004375,0
execution_classification_train_004376,2
execution_classification_train_004377,3
execution_classification_train_004378,4
execution_classification_train_004379,1
execution_classification_train_004380,0
execution_classification_train_004381,4
execution_classification_train_004382,1
execution_classification_train_004383,4
execution_classification_train_004384,2
execution_classification_train_004385,1
execution_classification_train_004386,0
execution_classification_train_004387,3
execution_classification_train_004388,2
execution_classification_train_004389,2
execution_classification_train_004390,0
execution_classification_train_004391,0
execution_classification_train_004392,4
execution_classification_train_004393,4
execution_classification_train_004394,1
execution_classification_train_004395,4
execution_classification_train_004396,3
execution_classification_train_004397,0
execution_classification_train_004398,4
execution_classification_train_004399,0
execution_classification_train_004400,1
execution_classification_train_004401,4
execution_classification_train_004402,0
execution_classification_train_004403,3
execution_classification_train_004404,4
execution_classification_train_004405,0
execution_classification_train_004406,3
execution_classification_train_004407,2
execution_classification_train_004408,1
execution_classification_train_004409,3
execution_classification_train_004410,0
execution_classification_train_004411,3
execution_classification_train_004412,2
execution_classification_train_004413,4
execution_classification_train_004414,4
execution_classification_train_004415,2
execution_classification_train_004416,4
execution_classification_train_004417,2
execution_classification_train_004418,0
execution_classification_train_004419,0
execution_classification_train_004420,3
execution_classification_train_004421,4
execution_classification_train_004422,2
execution_classification_train_004423,3
execution_classification_train_004424,1
execution_classification_train_004425,1
execution_classification_train_004426,0
execution_classification_train_004427,0
execution_classification_train_004428,4
execution_classification_train_004429,3
execution_classification_train_004430,0
execution_classification_train_004431,3
execution_classification_train_004432,0
execution_classification_train_004433,2
execution_classification_train_004434,4
execution_classification_train_004435,3
execution_classification_train_004436,2
execution_classification_train_004437,4
execution_classification_train_004438,1
execution_classification_train_004439,3
execution_classification_train_004440,4
execution_classification_train_004441,1
execution_classification_train_004442,2
execution_classification_train_004443,2
execution_classification_train_004444,4
execution_classification_train_004445,0
execution_classification_train_004446,4
execution_classification_train_004447,1
execution_classification_train_004448,1
execution_classification_train_004449,4
execution_classification_train_004450,0
execution_classification_train_004451,3
execution_classification_train_004452,3
execution_classification_train_004453,1
execution_classification_train_004454,1
execution_classification_train_004455,1
execution_classification_train_004456,0
execution_classification_train_004457,4
execution_classification_train_004458,2
execution_classification_train_004459,1
execution_classification_train_004460,1
execution_classification_train_004461,0
execution_classification_train_004462,2
execution_classification_train_004463,4
execution_classification_train_004464,1
execution_classification_train_004465,0
execution_classification_train_004466,0
execution_classification_train_004467,3
execution_classification_train_004468,0
execution_classification_train_004469,4
execution_classification_train_004470,4
execution_classification_train_004471,3
execution_classification_train_004472,1
execution_classification_train_004473,3
execution_classification_train_004474,4
execution_classification_train_004475,4
execution_classification_train_004476,0
execution_classification_train_004477,4
execution_classification_train_004478,4
execution_classification_train_004479,2
execution_classification_train_004480,0
execution_classification_train_004481,2
execution_classification_train_004482,3
execution_classification_train_004483,3
execution_classification_train_004484,4
execution_classification_train_004485,2
execution_classification_train_004486,0
execution_classification_train_004487,4
execution_classification_train_004488,0
execution_classification_train_004489,3
execution_classification_train_004490,0
execution_classification_train_004491,3
execution_classification_train_004492,2
execution_classification_train_004493,0
execution_classification_train_004494,2
execution_classification_train_004495,3
execution_classification_train_004496,3
execution_classification_train_004497,3
execution_classification_train_004498,3
execution_classification_train_004499,1
execution_classification_train_004500,1
execution_classification_train_004501,3
execution_classification_train_004502,0
execution_classification_train_004503,4
execution_classification_train_004504,2
execution_classification_train_004505,1
execution_classification_train_004506,0
execution_classification_train_004507,2
execution_classification_train_004508,0
execution_classification_train_004509,4
execution_classification_train_004510,3
execution_classification_train_004511,3
execution_classification_train_004512,4
execution_classification_train_004513,1
execution_classification_train_004514,2
execution_classification_train_004515,2
execution_classification_train_004516,2
execution_classification_train_004517,4
execution_classification_train_004518,0
execution_classification_train_004519,3
execution_classification_train_004520,3
execution_classification_train_004521,2
execution_classification_train_004522,2
execution_classification_train_004523,3
execution_classification_train_004524,3
execution_classification_train_004525,1
execution_classification_train_004526,1
execution_classification_train_004527,3
execution_classification_train_004528,1
execution_classification_train_004529,0
execution_classification_train_004530,0
execution_classification_train_004531,3
execution_classification_train_004532,4
execution_classification_train_004533,2
execution_classification_train_004534,3
execution_classification_train_004535,2
execution_classification_train_004536,3
execution_classification_train_004537,4
execution_classification_train_004538,2
execution_classification_train_004539,2
execution_classification_train_004540,4
execution_classification_train_004541,2
execution_classification_train_004542,2
execution_classification_train_004543,3
execution_classification_train_004544,1
execution_classification_train_004545,2
execution_classification_train_004546,4
execution_classification_train_004547,2
execution_classification_train_004548,0
execution_classification_train_004549,1
execution_classification_train_004550,1
execution_classification_train_004551,3
execution_classification_train_004552,4
execution_classification_train_004553,0
execution_classification_train_004554,0
execution_classification_train_004555,1
execution_classification_train_004556,4
execution_classification_train_004557,1
execution_classification_train_004558,1
execution_classification_train_004559,3
execution_classification_train_004560,2
execution_classification_train_004561,1
execution_classification_train_004562,0
execution_classification_train_004563,0
execution_classification_train_004564,1
execution_classification_train_004565,0
execution_classification_train_004566,4
execution_classification_train_004567,1
execution_classification_train_004568,1
execution_classification_train_004569,1
execution_classification_train_004570,0
execution_classification_train_004571,1
execution_classification_train_004572,3
execution_classification_train_004573,1
execution_classification_train_004574,0
execution_classification_train_004575,0
execution_classification_train_004576,4
execution_classification_train_004577,0
execution_classification_train_004578,2
execution_classification_train_004579,2
execution_classification_train_004580,1
execution_classification_train_004581,3
execution_classification_train_004582,3
execution_classification_train_004583,3
execution_classification_train_004584,1
execution_classification_train_004585,2
execution_classification_train_004586,2
execution_classification_train_004587,3
execution_classification_train_004588,1
execution_classification_train_004589,2
execution_classification_train_004590,1
execution_classification_train_004591,2
execution_classification_train_004592,2
execution_classification_train_004593,4
execution_classification_train_004594,2
execution_classification_train_004595,2
execution_classification_train_004596,0
execution_classification_train_004597,0
execution_classification_train_004598,4
execution_classification_train_004599,2
execution_classification_train_004600,1
execution_classification_train_004601,1
execution_classification_train_004602,1
execution_classification_train_004603,3
execution_classification_train_004604,3
execution_classification_train_004605,3
execution_classification_train_004606,1
execution_classification_train_004607,1
execution_classification_train_004608,2
execution_classification_train_004609,1
execution_classification_train_004610,0
execution_classification_train_004611,3
execution_classification_train_004612,4
execution_classification_train_004613,2
execution_classification_train_004614,0
execution_classification_train_004615,3
execution_classification_train_004616,1
execution_classification_train_004617,4
execution_classification_train_004618,1
execution_classification_train_004619,0
execution_classification_train_004620,3
execution_classification_train_004621,2
execution_classification_train_004622,0
execution_classification_train_004623,2
execution_classification_train_004624,0
execution_classification_train_004625,1
execution_classification_train_004626,3
execution_classification_train_004627,0
execution_classification_train_004628,1
execution_classification_train_004629,3
execution_classification_train_004630,4
execution_classification_train_004631,0
execution_classification_train_004632,3
execution_classification_train_004633,0
execution_classification_train_004634,3
execution_classification_train_004635,0
execution_classification_train_004636,2
execution_classification_train_004637,4
execution_classification_train_004638,1
execution_classification_train_004639,3
execution_classification_train_004640,3
execution_classification_train_004641,0
execution_classification_train_004642,3
execution_classification_train_004643,0
execution_classification_train_004644,1
execution_classification_train_004645,0
execution_classification_train_004646,3
execution_classification_train_004647,4
execution_classification_train_004648,4
execution_classification_train_004649,4
execution_classification_train_004650,4
execution_classification_train_004651,1
execution_classification_train_004652,4
execution_classification_train_004653,1
execution_classification_train_004654,1
execution_classification_train_004655,1
execution_classification_train_004656,0
execution_classification_train_004657,1
execution_classification_train_004658,1
execution_classification_train_004659,3
execution_classification_train_004660,0
execution_classification_train_004661,3
execution_classification_train_004662,0
execution_classification_train_004663,3
execution_classification_train_004664,2
execution_classification_train_004665,2
execution_classification_train_004666,3
execution_classification_train_004667,0
execution_classification_train_004668,2
execution_classification_train_004669,0
execution_classification_train_004670,1
execution_classification_train_004671,2
execution_classification_train_004672,2
execution_classification_train_004673,0
execution_classification_train_004674,3
execution_classification_train_004675,0
execution_classification_train_004676,0
execution_classification_train_004677,4
execution_classification_train_004678,3
execution_classification_train_004679,3
execution_classification_train_004680,3
execution_classification_train_004681,0
execution_classification_train_004682,0
execution_classification_train_004683,1
execution_classification_train_004684,3
execution_classification_train_004685,4
execution_classification_train_004686,1
execution_classification_train_004687,2
execution_classification_train_004688,0
execution_classification_train_004689,4
execution_classification_train_004690,4
execution_classification_train_004691,0
execution_classification_train_004692,1
execution_classification_train_004693,0
execution_classification_train_004694,1
execution_classification_train_004695,1
execution_classification_train_004696,2
execution_classification_train_004697,4
execution_classification_train_004698,3
execution_classification_train_004699,3
execution_classification_train_004700,3
execution_classification_train_004701,2
execution_classification_train_004702,0
execution_classification_train_004703,0
execution_classification_train_004704,1
execution_classification_train_004705,4
execution_classification_train_004706,0
execution_classification_train_004707,0
execution_classification_train_004708,4
execution_classification_train_004709,3
execution_classification_train_004710,1
execution_classification_train_004711,0
execution_classification_train_004712,0
execution_classification_train_004713,2
execution_classification_train_004714,2
execution_classification_train_004715,2
execution_classification_train_004716,3
execution_classification_train_004717,0
execution_classification_train_004718,2
execution_classification_train_004719,4
execution_classification_train_004720,3
execution_classification_train_004721,0
execution_classification_train_004722,4
execution_classification_train_004723,1
execution_classification_train_004724,2
execution_classification_train_004725,4
execution_classification_train_004726,4
execution_classification_train_004727,0
execution_classification_train_004728,3
execution_classification_train_004729,2
execution_classification_train_004730,4
execution_classification_train_004731,0
execution_classification_train_004732,3
execution_classification_train_004733,3
execution_classification_train_004734,1
execution_classification_train_004735,0
execution_classification_train_004736,0
execution_classification_train_004737,4
execution_classification_train_004738,4
execution_classification_train_004739,1
execution_classification_train_004740,1
execution_classification_train_004741,4
execution_classification_train_004742,2
execution_classification_train_004743,0
execution_classification_train_004744,0
execution_classification_train_004745,4
execution_classification_train_004746,3
execution_classification_train_004747,3
execution_classification_train_004748,4
execution_classification_train_004749,2
execution_classification_train_004750,0
execution_classification_train_004751,1
execution_classification_train_004752,4
execution_classification_train_004753,2
execution_classification_train_004754,2
execution_classification_train_004755,3
execution_classification_train_004756,4
execution_classification_train_004757,0
execution_classification_train_004758,0
execution_classification_train_004759,0
execution_classification_train_004760,3
execution_classification_train_004761,3
execution_classification_train_004762,4
execution_classification_train_004763,1
execution_classification_train_004764,3
execution_classification_train_004765,0
execution_classification_train_004766,1
execution_classification_train_004767,2
execution_classification_train_004768,3
execution_classification_train_004769,4
execution_classification_train_004770,2
execution_classification_train_004771,4
execution_classification_train_004772,2
execution_classification_train_004773,4
execution_classification_train_004774,3
execution_classification_train_004775,2
execution_classification_train_004776,3
execution_classification_train_004777,1
execution_classification_train_004778,1
execution_classification_train_004779,4
execution_classification_train_004780,3
execution_classification_train_004781,0
execution_classification_train_004782,4
execution_classification_train_004783,1
execution_classification_train_004784,0
execution_classification_train_004785,4
execution_classification_train_004786,0
execution_classification_train_004787,4
execution_classification_train_004788,4
execution_classification_train_004789,1
execution_classification_train_004790,1
execution_classification_train_004791,1
execution_classification_train_004792,4
execution_classification_train_004793,0
execution_classification_train_004794,4
execution_classification_train_004795,3
execution_classification_train_004796,2
execution_classification_train_004797,4
execution_classification_train_004798,4
execution_classification_train_004799,0
execution_classification_train_004800,1
execution_classification_train_004801,0
execution_classification_train_004802,4
execution_classification_train_004803,1
execution_classification_train_004804,4
execution_classification_train_004805,2
execution_classification_train_004806,1
execution_classification_train_004807,2
execution_classification_train_004808,2
execution_classification_train_004809,0
execution_classification_train_004810,2
execution_classification_train_004811,3
execution_classification_train_004812,1
execution_classification_train_004813,2
execution_classification_train_004814,4
execution_classification_train_004815,3
execution_classification_train_004816,1
execution_classification_train_004817,0
execution_classification_train_004818,1
execution_classification_train_004819,3
execution_classification_train_004820,0
execution_classification_train_004821,3
execution_classification_train_004822,2
execution_classification_train_004823,0
execution_classification_train_004824,2
execution_classification_train_004825,1
execution_classification_train_004826,3
execution_classification_train_004827,1
execution_classification_train_004828,0
execution_classification_train_004829,0
execution_classification_train_004830,3
execution_classification_train_004831,2
execution_classification_train_004832,1
execution_classification_train_004833,1
execution_classification_train_004834,1
execution_classification_train_004835,2
execution_classification_train_004836,3
execution_classification_train_004837,3
execution_classification_train_004838,2
execution_classification_train_004839,2
execution_classification_train_004840,1
execution_classification_train_004841,3
execution_classification_train_004842,1
execution_classification_train_004843,3
execution_classification_train_004844,1
execution_classification_train_004845,1
execution_classification_train_004846,3
execution_classification_train_004847,2
execution_classification_train_004848,1
execution_classification_train_004849,3
execution_classification_train_004850,2
execution_classification_train_004851,0
execution_classification_train_004852,4
execution_classification_train_004853,3
execution_classification_train_004854,0
execution_classification_train_004855,0
execution_classification_train_004856,1
execution_classification_train_004857,3
execution_classification_train_004858,4
execution_classification_train_004859,4
execution_classification_train_004860,0
execution_classification_train_004861,4
execution_classification_train_004862,0
execution_classification_train_004863,0
execution_classification_train_004864,4
execution_classification_train_004865,2
execution_classification_train_004866,1
execution_classification_train_004867,1
execution_classification_train_004868,2
execution_classification_train_004869,2
execution_classification_train_004870,1
execution_classification_train_004871,1
execution_classification_train_004872,2
execution_classification_train_004873,3
execution_classification_train_004874,2
execution_classification_train_004875,1
execution_classification_train_004876,3
execution_classification_train_004877,4
execution_classification_train_004878,0
execution_classification_train_004879,2
execution_classification_train_004880,3
execution_classification_train_004881,4
execution_classification_train_004882,2
execution_classification_train_004883,2
execution_classification_train_004884,2
execution_classification_train_004885,4
execution_classification_train_004886,4
execution_classification_train_004887,4
execution_classification_train_004888,0
execution_classification_train_004889,2
execution_classification_train_004890,1
execution_classification_train_004891,1
execution_classification_train_004892,1
execution_classification_train_004893,0
execution_classification_train_004894,2
execution_classification_train_004895,2
execution_classification_train_004896,3
execution_classification_train_004897,0
execution_classification_train_004898,4
execution_classification_train_004899,4
execution_classification_train_004900,3
execution_classification_train_004901,2
execution_classification_train_004902,0
execution_classification_train_004903,4
execution_classification_train_004904,3
execution_classification_train_004905,4
execution_classification_train_004906,0
execution_classification_train_004907,3
execution_classification_train_004908,4
execution_classification_train_004909,0
execution_classification_train_004910,1
execution_classification_train_004911,4
execution_classification_train_004912,0
execution_classification_train_004913,1
execution_classification_train_004914,4
execution_classification_train_004915,4
execution_classification_train_004916,0
execution_classification_train_004917,4
execution_classification_train_004918,1
execution_classification_train_004919,0
execution_classification_train_004920,2
execution_classification_train_004921,0
execution_classification_train_004922,1
execution_classification_train_004923,3
execution_classification_train_004924,3
execution_classification_train_004925,4
execution_classification_train_004926,2
execution_classification_train_004927,2
execution_classification_train_004928,0
execution_classification_train_004929,4
execution_classification_train_004930,3
execution_classification_train_004931,4
execution_classification_train_004932,4
execution_classification_train_004933,2
execution_classification_train_004934,0
execution_classification_train_004935,1
execution_classification_train_004936,1
execution_classification_train_004937,4
execution_classification_train_004938,1
execution_classification_train_004939,1
execution_classification_train_004940,0
execution_classification_train_004941,0
execution_classification_train_004942,1
execution_classification_train_004943,3
execution_classification_train_004944,4
execution_classification_train_004945,4
execution_classification_train_004946,4
execution_classification_train_004947,3
execution_classification_train_004948,1
execution_classification_train_004949,2
execution_classification_train_004950,0
execution_classification_train_004951,2
execution_classification_train_004952,2
execution_classification_train_004953,2
execution_classification_train_004954,2
execution_classification_train_004955,0
execution_classification_train_004956,2
execution_classification_train_004957,4
execution_classification_train_004958,2
execution_classification_train_004959,2
execution_classification_train_004960,2
execution_classification_train_004961,4
execution_classification_train_004962,2
execution_classification_train_004963,4
execution_classification_train_004964,2
execution_classification_train_004965,4
execution_classification_train_004966,2
execution_classification_train_004967,0
execution_classification_train_004968,3
execution_classification_train_004969,1
execution_classification_train_004970,3
execution_classification_train_004971,4
execution_classification_train_004972,1
execution_classification_train_004973,3
execution_classification_train_004974,3
execution_classification_train_004975,4
execution_classification_train_004976,0
execution_classification_train_004977,2
execution_classification_train_004978,0
execution_classification_train_004979,0
execution_classification_train_004980,2
execution_classification_train_004981,0
execution_classification_train_004982,3
execution_classification_train_004983,2
execution_classification_train_004984,3
execution_classification_train_004985,0
execution_classification_train_004986,4
execution_classification_train_004987,1
execution_classification_train_004988,4
execution_classification_train_004989,1
execution_classification_train_004990,1
execution_classification_train_004991,2
execution_classification_train_004992,4
execution_classification_train_004993,3
execution_classification_train_004994,2
execution_classification_train_004995,2
execution_classification_train_004996,2
execution_classification_train_004997,0
execution_classification_train_004998,3
execution_classification_train_004999,3
execution_classification_train_005000,2
