sample_id,fold
credit_classification_train_000001,2
credit_classification_train_000002,0
credit_classification_train_000003,3
credit_classification_train_000004,0
credit_classification_train_000005,4
credit_classification_train_000006,3
credit_classification_train_000007,4
credit_classification_train_000008,0
credit_classification_train_000009,0
credit_classification_train_000010,2
credit_classification_train_000011,4
credit_classification_train_000012,3
credit_classification_train_000013,4
credit_classification_train_000014,4
credit_classification_train_000015,3
credit_classification_train_000016,1
credit_classification_train_000017,2
credit_classification_train_000018,1
credit_classification_train_000019,3
credit_classification_train_000020,1
credit_classification_train_000021,4
credit_classification_train_000022,3
credit_classification_train_000023,2
credit_classification_train_000024,1
credit_classification_train_000025,4
credit_classification_train_000026,1
credit_classification_train_000027,2
credit_classification_train_000028,3
credit_classification_train_000029,3
credit_classification_train_000030,0
credit_classification_train_000031,0
credit_classification_train_000032,3
credit_classification_train_000033,3
credit_classification_train_000034,0
credit_classification_train_000035,2
credit_classification_train_000036,3
credit_classification_train_000037,2
credit_classification_train_000038,3
credit_classification_train_000039,1
credit_classification_train_000040,0
credit_classification_train_000041,2
credit_classification_train_000042,1
credit_classification_train_000043,1
credit_classification_train_000044,1
credit_classification_train_000045,3
credit_classification_train_000046,3
credit_classification_train_000047,1
credit_classification_train_000048,2
credit_classification_train_000049,0
credit_classification_train_000050,1
credit_classification_train_000051,3
credit_classification_train_000052,1
credit_classification_train_000053,4
credit_classification_train_000054,2
credit_classification_train_000055,2
credit_classification_train_000056,1
credit_classification_train_000057,3
credit_classification_train_000058,4
credit_classification_train_000059,1
credit_classification_train_000060,0
credit_classification_train_000061,1
credit_classification_train_000062,2
credit_classification_train_000063,1
credit_classification_train_000064,4
credit_classification_train_000065,1
credit_classification_train_000066,4
credit_classification_train_000067,4
credit_classification_train_000068,2
credit_classification_train_000069,3
credit_classification_train_000070,0
credit_classification_train_000071,0
credit_classification_train_000072,1
credit_classification_train_000073,2
credit_classification_train_000074,1
credit_classification_train_000075,4
credit_classification_train_000076,2
credit_classification_train_000077,0
credit_classification_train_000078,4
credit_classification_train_000079,1
credit_classification_train_000080,0
credit_classification_train_000081,0
credit_classification_train_000082,0
credit_classification_train_000083,4
credit_classification_train_000084,3
credit_classification_train_000085,2
credit_classification_train_000086,2
credit_classification_train_000087,2
credit_classification_train_000088,3
credit_classification_train_000089,2
credit_classification_train_000090,4
credit_classification_train_000091,3
credit_classification_train_000092,4
credit_classification_train_000093,1
credit_classification_train_000094,1
credit_classification_train_000095,3
credit_classification_train_000096,0
credit_classification_train_000097,3
credit_classification_train_000098,3
credit_classification_train_000099,2
credit_classification_train_000100,0
credit_classification_train_000101,2
credit_classification_train_000102,4
credit_classification_train_000103,1
credit_classification_train_000104,2
credit_classification_train_000105,4
credit_classification_train_000106,1
credit_classification_train_000107,0
credit_classification_train_000108,3
credit_classification_train_000109,0
credit_classification_train_000110,3
credit_classification_train_000111,1
credit_classification_train_000112,3
credit_classification_train_000113,2
credit_classification_train_000114,2
credit_classification_train_000115,3
credit_classification_train_000116,4
credit_classification_train_000117,2
credit_classification_train_000118,0
credit_classification_train_000119,2
credit_classification_train_000120,2
credit_classification_train_000121,4
credit_classification_train_000122,0
credit_classification_train_000123,0
credit_classification_train_000124,4
credit_classification_train_000125,1
credit_classification_train_000126,2
credit_classification_train_000127,2
credit_classification_train_000128,3
credit_classification_train_000129,1
credit_classification_train_000130,0
credit_classification_train_000131,0
credit_classification_train_000132,3
credit_classification_train_000133,1
credit_classification_train_000134,0
credit_classification_train_000135,1
credit_classification_train_000136,3
credit_classification_train_000137,4
credit_classification_train_000138,1
credit_classification_train_000139,1
credit_classification_train_000140,3
credit_classification_train_000141,2
credit_classification_train_000142,4
credit_classification_train_000143,4
credit_classification_train_000144,1
credit_classification_train_000145,2
credit_classification_train_000146,2
credit_classification_train_000147,2
credit_classification_train_000148,3
credit_classification_train_000149,1
credit_classification_train_000150,3
credit_classification_train_000151,4
credit_classification_train_000152,0
credit_classification_train_000153,4
credit_classification_train_000154,1
credit_classification_train_000155,0
credit_classification_train_000156,2
credit_classification_train_000157,0
credit_classification_train_000158,4
credit_classification_train_000159,0
credit_classification_train_000160,4
credit_classification_train_000161,4
credit_classification_train_000162,4
credit_classification_train_000163,2
credit_classification_train_000164,3
credit_classification_train_000165,4
credit_classification_train_000166,2
credit_classification_train_000167,3
credit_classification_train_000168,3
credit_classification_train_000169,1
credit_classification_train_000170,1
credit_classification_train_000171,4
credit_classification_train_000172,1
credit_classification_train_000173,4
credit_classification_train_000174,3
credit_classification_train_000175,1
credit_classification_train_000176,0
credit_classification_train_000177,3
credit_classification_train_000178,0
credit_classification_train_000179,2
credit_classification_train_000180,1
credit_classification_train_000181,2
credit_classification_train_000182,3
credit_classification_train_000183,1
credit_classification_train_000184,4
credit_classification_train_000185,4
credit_classification_train_000186,3
credit_classification_train_000187,2
credit_classification_train_000188,0
credit_classification_train_000189,1
credit_classification_train_000190,3
credit_classification_train_000191,1
credit_classification_train_000192,3
credit_classification_train_000193,1
credit_classification_train_000194,0
credit_classification_train_000195,4
credit_classification_train_000196,2
credit_classification_train_000197,3
credit_classification_train_000198,4
credit_classification_train_000199,0
credit_classification_train_000200,0
credit_classification_train_000201,3
credit_classification_train_000202,3
credit_classification_train_000203,1
credit_classification_train_000204,3
credit_classification_train_000205,0
credit_classification_train_000206,2
credit_classification_train_000207,0
credit_classification_train_000208,4
credit_classification_train_000209,0
credit_classification_train_000210,3
credit_classification_train_000211,4
credit_classification_train_000212,0
credit_classification_train_000213,0
credit_classification_train_000214,4
credit_classification_train_000215,1
credit_classification_train_000216,1
credit_classification_train_000217,3
credit_classification_train_000218,4
credit_classification_train_000219,0
credit_classification_train_000220,3
credit_classification_train_000221,2
credit_classification_train_000222,1
credit_classification_train_000223,1
credit_classification_train_000224,4
credit_classification_train_000225,2
credit_classification_train_000226,4
credit_classification_train_000227,3
credit_classification_train_000228,2
credit_classification_train_000229,0
credit_classification_train_000230,0
credit_classification_train_000231,2
credit_classification_train_000232,1
credit_classification_train_000233,2
credit_classification_train_000234,2
credit_classification_train_000235,3
credit_classification_train_000236,4
credit_classification_train_000237,0
credit_classification_train_000238,2
credit_classification_train_000239,3
credit_classification_train_000240,4
credit_classification_train_000241,1
credit_classification_train_000242,2
credit_classification_train_000243,3
credit_classification_train_000244,4
credit_classification_train_000245,4
credit_classification_train_000246,2
credit_classification_train_000247,4
credit_classification_train_000248,2
credit_classification_train_000249,1
credit_classification_train_000250,1
credit_classification_train_000251,4
credit_classification_train_000252,2
credit_classification_train_000253,0
credit_classification_train_000254,3
credit_classification_train_000255,4
credit_classification_train_000256,1
credit_classification_train_000257,4
credit_classification_train_000258,1
credit_classification_train_000259,2
credit_classification_train_000260,4
credit_classification_train_000261,3
credit_classification_train_000262,3
credit_classification_train_000263,2
credit_classification_train_000264,3
credit_classification_train_000265,4
credit_classification_train_000266,0
credit_classification_train_000267,2
credit_classification_train_000268,4
credit_classification_train_000269,1
credit_classification_train_000270,2
credit_classification_train_000271,0
credit_classification_train_000272,0
credit_classification_train_000273,1
credit_classification_train_000274,1
credit_classification_train_000275,2
credit_classification_train_000276,2
credit_classification_train_000277,4
credit_classification_train_000278,4
credit_classification_train_000279,4
credit_classification_train_000280,3
credit_classification_train_000281,1
credit_classification_train_000282,3
credit_classification_train_000283,4
credit_classification_train_000284,3
credit_classification_train_000285,2
credit_classification_train_000286,4
credit_classification_train_000287,1
credit_classification_train_000288,1
credit_classification_train_000289,3
credit_classification_train_000290,1
credit_classification_train_000291,0
credit_classification_train_000292,3
credit_classification_train_000293,0
credit_classification_train_000294,0
credit_classification_train_000295,4
credit_classification_train_000296,0
credit_classification_train_000297,2
credit_classification_train_000298,4
credit_classification_train_000299,1
credit_classification_train_000300,0
credit_classification_train_000301,1
credit_classification_train_000302,0
credit_classification_train_000303,4
credit_classification_train_000304,3
credit_classification_train_000305,4
credit_classification_train_000306,4
credit_classification_train_000307,3
credit_classification_train_000308,3
credit_classification_train_000309,4
credit_classification_train_000310,1
credit_classification_train_000311,2
credit_classification_train_000312,0
credit_classification_train_000313,0
credit_classification_train_000314,0
credit_classification_train_000315,3
credit_classification_train_000316,2
credit_classification_train_000317,1
credit_classification_train_000318,2
credit_classification_train_000319,1
credit_classification_train_000320,2
credit_classification_train_000321,1
credit_classification_train_000322,0
credit_classification_train_000323,2
credit_classification_train_000324,1
credit_classification_train_000325,1
credit_classification_train_000326,2
credit_classification_train_000327,2
credit_classification_train_000328,2
credit_classification_train_000329,4
credit_classification_train_000330,1
credit_classification_train_000331,1
credit_classification_train_000332,1
credit_classification_train_000333,0
credit_classification_train_000334,2
credit_classification_train_000335,4
credit_classification_train_000336,4
credit_classification_train_000337,4
credit_classification_train_000338,1
credit_classification_train_000339,0
credit_classification_train_000340,3
credit_classification_train_000341,2
credit_classification_train_000342,2
credit_classification_train_000343,0
credit_classification_train_000344,4
credit_classification_train_000345,2
credit_classification_train_000346,1
credit_classification_train_000347,4
credit_classification_train_000348,4
credit_classification_train_000349,1
credit_classification_train_000350,2
credit_classification_train_000351,2
credit_classification_train_000352,0
credit_classification_train_000353,3
credit_classification_train_000354,4
credit_classification_train_000355,3
credit_classification_train_000356,2
credit_classification_train_000357,0
credit_classification_train_000358,4
credit_classification_train_000359,1
credit_classification_train_000360,3
credit_classification_train_000361,4
credit_classification_train_000362,4
credit_classification_train_000363,4
credit_classification_train_000364,3
credit_classification_train_000365,4
credit_classification_train_000366,0
credit_classification_train_000367,1
credit_classification_train_000368,2
credit_classification_train_000369,0
credit_classification_train_000370,4
credit_classification_train_000371,0
credit_classification_train_000372,1
credit_classification_train_000373,0
credit_classification_train_000374,2
credit_classification_train_000375,4
credit_classification_train_000376,4
credit_classification_train_000377,4
credit_classification_train_000378,1
credit_classification_train_000379,0
credit_classification_train_000380,0
credit_classification_train_000381,0
credit_classification_train_000382,0
credit_classification_train_000383,4
credit_classification_train_000384,4
credit_classification_train_000385,4
credit_classification_train_000386,3
credit_classification_train_000387,2
credit_classification_train_000388,1
credit_classification_train_000389,2
credit_classification_train_000390,2
credit_classification_train_000391,3
credit_classification_train_000392,3
credit_classification_train_000393,3
credit_classification_train_000394,1
credit_classification_train_000395,0
credit_classification_train_000396,2
credit_classification_train_000397,0
credit_classification_train_000398,4
credit_classification_train_000399,2
credit_classification_train_000400,0
credit_classification_train_000401,1
credit_classification_train_000402,0
credit_classification_train_000403,3
credit_classification_train_000404,0
credit_classification_train_000405,1
credit_classification_train_000406,4
credit_classification_train_000407,4
credit_classification_train_000408,2
credit_classification_train_000409,4
credit_classification_train_000410,0
credit_classification_train_000411,0
credit_classification_train_000412,1
credit_classification_train_000413,3
credit_classification_train_000414,1
credit_classification_train_000415,0
credit_classification_train_000416,1
credit_classification_train_000417,1
credit_classification_train_000418,2
credit_classification_train_000419,4
credit_classification_train_000420,1
credit_classification_train_000421,1
credit_classification_train_000422,2
credit_classification_train_000423,0
credit_classification_train_000424,3
credit_classification_train_000425,2
credit_classification_train_000426,4
credit_classification_train_000427,1
credit_classification_train_000428,2
credit_classification_train_000429,1
credit_classification_train_000430,0
credit_classification_train_000431,1
credit_classification_train_000432,0
credit_classification_train_000433,1
credit_classification_train_000434,4
credit_classification_train_000435,0
credit_classification_train_000436,4
credit_classification_train_000437,2
credit_classification_train_000438,2
credit_classification_train_000439,3
credit_classification_train_000440,0
credit_classification_train_000441,0
credit_classification_train_000442,3
credit_classification_train_000443,4
credit_classification_train_000444,3
credit_classification_train_000445,4
credit_classification_train_000446,0
credit_classification_train_000447,0
credit_classification_train_000448,0
credit_classification_train_000449,0
credit_classification_train_000450,3
credit_classification_train_000451,4
credit_classification_train_000452,0
credit_classification_train_000453,1
credit_classification_train_000454,2
credit_classification_train_000455,0
credit_classification_train_000456,3
credit_classification_train_000457,3
credit_classification_train_000458,4
credit_classification_train_000459,3
credit_classification_train_000460,3
credit_classification_train_000461,0
credit_classification_train_000462,4
credit_classification_train_000463,1
credit_classification_train_000464,0
credit_classification_train_000465,1
credit_classification_train_000466,0
credit_classification_train_000467,4
credit_classification_train_000468,1
credit_classification_train_000469,0
credit_classification_train_000470,0
credit_classification_train_000471,0
credit_classification_train_000472,2
credit_classification_train_000473,4
credit_classification_train_000474,1
credit_classification_train_000475,4
credit_classification_train_000476,4
credit_classification_train_000477,4
credit_classification_train_000478,2
credit_classification_train_000479,0
credit_classification_train_000480,1
credit_classification_train_000481,3
credit_classification_train_000482,1
credit_classification_train_000483,0
credit_classification_train_000484,2
credit_classification_train_000485,1
credit_classification_train_000486,1
credit_classification_train_000487,1
credit_classification_train_000488,2
credit_classification_train_000489,0
credit_classification_train_000490,4
credit_classification_train_000491,4
credit_classification_train_000492,2
credit_classification_train_000493,1
credit_classification_train_000494,4
credit_classification_train_000495,0
credit_classification_train_000496,1
credit_classification_train_000497,4
credit_classification_train_000498,0
credit_classification_train_000499,0
credit_classification_train_000500,4
credit_classification_train_000501,4
credit_classification_train_000502,1
credit_classification_train_000503,2
credit_classification_train_000504,0
credit_classification_train_000505,4
credit_classification_train_000506,1
credit_classification_train_000507,4
credit_classification_train_000508,0
credit_classification_train_000509,4
credit_classification_train_000510,4
credit_classification_train_000511,2
credit_classification_train_000512,0
credit_classification_train_000513,1
credit_classification_train_000514,2
credit_classification_train_000515,4
credit_classification_train_000516,0
credit_classification_train_000517,1
credit_classification_train_000518,0
credit_classification_train_000519,0
credit_classification_train_000520,3
credit_classification_train_000521,2
credit_classification_train_000522,1
credit_classification_train_000523,3
credit_classification_train_000524,0
credit_classification_train_000525,2
credit_classification_train_000526,1
credit_classification_train_000527,0
credit_classification_train_000528,3
credit_classification_train_000529,0
credit_classification_train_000530,3
credit_classification_train_000531,2
credit_classification_train_000532,3
credit_classification_train_000533,0
credit_classification_train_000534,2
credit_classification_train_000535,3
credit_classification_train_000536,3
credit_classification_train_000537,3
credit_classification_train_000538,1
credit_classification_train_000539,1
credit_classification_train_000540,0
credit_classification_train_000541,0
credit_classification_train_000542,1
credit_classification_train_000543,1
credit_classification_train_000544,0
credit_classification_train_000545,1
credit_classification_train_000546,4
credit_classification_train_000547,0
credit_classification_train_000548,0
credit_classification_train_000549,0
credit_classification_train_000550,4
credit_classification_train_000551,1
credit_classification_train_000552,1
credit_classification_train_000553,4
credit_classification_train_000554,3
credit_classification_train_000555,2
credit_classification_train_000556,0
credit_classification_train_000557,3
credit_classification_train_000558,3
credit_classification_train_000559,4
credit_classification_train_000560,1
credit_classification_train_000561,4
credit_classification_train_000562,0
credit_classification_train_000563,2
credit_classification_train_000564,4
credit_classification_train_000565,1
credit_classification_train_000566,2
credit_classification_train_000567,0
credit_classification_train_000568,1
credit_classification_train_000569,0
credit_classification_train_000570,1
credit_classification_train_000571,0
credit_classification_train_000572,1
credit_classification_train_000573,1
credit_classification_train_000574,4
credit_classification_train_000575,3
credit_classification_train_000576,0
credit_classification_train_000577,1
credit_classification_train_000578,2
credit_classification_train_000579,4
credit_classification_train_000580,4
credit_classification_train_000581,1
credit_classification_train_000582,3
credit_classification_train_000583,1
credit_classification_train_000584,1
credit_classification_train_000585,1
credit_classification_train_000586,0
credit_classification_train_000587,3
credit_classification_train_000588,4
credit_classification_train_000589,4
credit_classification_train_000590,4
credit_classification_train_000591,2
credit_classification_train_000592,0
credit_classification_train_000593,2
credit_classification_train_000594,1
credit_classification_train_000595,0
credit_classification_train_000596,0
credit_classification_train_000597,1
credit_classification_train_000598,4
credit_classification_train_000599,1
credit_classification_train_000600,3
credit_classification_train_000601,0
credit_classification_train_000602,3
credit_classification_train_000603,2
credit_classification_train_000604,0
credit_classification_train_000605,3
credit_classification_train_000606,0
credit_classification_train_000607,4
credit_classification_train_000608,4
credit_classification_train_000609,4
credit_classification_train_000610,3
credit_classification_train_000611,3
credit_classification_train_000612,1
credit_classification_train_000613,1
credit_classification_train_000614,0
credit_classification_train_000615,1
credit_classification_train_000616,2
credit_classification_train_000617,2
credit_classification_train_000618,0
credit_classification_train_000619,1
credit_classification_train_000620,3
credit_classification_train_000621,1
credit_classification_train_000622,0
credit_classification_train_000623,0
credit_classification_train_000624,2
credit_classification_train_000625,1
credit_classification_train_000626,0
credit_classification_train_000627,1
credit_classification_train_000628,2
credit_classification_train_000629,1
credit_classification_train_000630,3
credit_classification_train_000631,2
credit_classification_train_000632,4
credit_classification_train_000633,2
credit_classification_train_000634,3
credit_classification_train_000635,1
credit_classification_train_000636,2
credit_classification_train_000637,3
credit_classification_train_000638,1
credit_classification_train_000639,0
credit_classification_train_000640,4
credit_classification_train_000641,1
credit_classification_train_000642,0
credit_classification_train_000643,2
credit_classification_train_000644,0
credit_classification_train_000645,2
credit_classification_train_000646,1
credit_classification_train_000647,4
credit_classification_train_000648,3
credit_classification_train_000649,1
credit_classification_train_000650,0
credit_classification_train_000651,1
credit_classification_train_000652,0
credit_classification_train_000653,1
credit_classification_train_000654,3
credit_classification_train_000655,2
credit_classification_train_000656,0
credit_classification_train_000657,2
credit_classification_train_000658,4
credit_classification_train_000659,3
credit_classification_train_000660,4
credit_classification_train_000661,1
credit_classification_train_000662,3
credit_classification_train_000663,0
credit_classification_train_000664,3
credit_classification_train_000665,0
credit_classification_train_000666,1
credit_classification_train_000667,3
credit_classification_train_000668,3
credit_classification_train_000669,2
credit_classification_train_000670,4
credit_classification_train_000671,3
credit_classification_train_000672,1
credit_classification_train_000673,4
credit_classification_train_000674,1
credit_classification_train_000675,4
credit_classification_train_000676,1
credit_classification_train_000677,0
credit_classification_train_000678,1
credit_classification_train_000679,3
credit_classification_train_000680,3
credit_classification_train_000681,3
credit_classification_train_000682,3
credit_classification_train_000683,1
credit_classification_train_000684,1
credit_classification_train_000685,4
credit_classification_train_000686,0
credit_classification_train_000687,4
credit_classification_train_000688,1
credit_classification_train_000689,0
credit_classification_train_000690,1
credit_classification_train_000691,2
credit_classification_train_000692,2
credit_classification_train_000693,0
credit_classification_train_000694,3
credit_classification_train_000695,4
credit_classification_train_000696,1
credit_classification_train_000697,1
credit_classification_train_000698,4
credit_classification_train_000699,0
credit_classification_train_000700,4
credit_classification_train_000701,1
credit_classification_train_000702,1
credit_classification_train_000703,2
credit_classification_train_000704,4
credit_classification_train_000705,3
credit_classification_train_000706,4
credit_classification_train_000707,4
credit_classification_train_000708,0
credit_classification_train_000709,1
credit_classification_train_000710,3
credit_classification_train_000711,1
credit_classification_train_000712,4
credit_classification_train_000713,1
credit_classification_train_000714,1
credit_classification_train_000715,0
credit_classification_train_000716,2
credit_classification_train_000717,2
credit_classification_train_000718,3
credit_classification_train_000719,0
credit_classification_train_000720,1
credit_classification_train_000721,2
credit_classification_train_000722,3
credit_classification_train_000723,4
credit_classification_train_000724,2
credit_classification_train_000725,0
credit_classification_train_000726,4
credit_classification_train_000727,2
credit_classification_train_000728,3
credit_classification_train_000729,2
credit_classification_train_000730,2
credit_classification_train_000731,0
credit_classification_train_000732,0
credit_classification_train_000733,2
credit_classification_train_000734,1
credit_classification_train_000735,2
credit_classification_train_000736,1
credit_classification_train_000737,4
credit_classification_train_000738,1
credit_classification_train_000739,4
credit_classification_train_000740,2
credit_classification_train_000741,1
credit_classification_train_000742,1
credit_classification_train_000743,3
credit_classification_train_000744,1
credit_classification_train_000745,3
credit_classification_train_000746,2
credit_classification_train_000747,3
credit_classification_train_000748,3
credit_classification_train_000749,0
credit_classification_train_000750,2
credit_classification_train_000751,4
credit_classification_train_000752,1
credit_classification_train_000753,4
credit_classification_train_000754,4
credit_classification_train_000755,0
credit_classification_train_000756,3
credit_classification_train_000757,0
credit_classification_train_000758,2
credit_classification_train_000759,1
credit_classification_train_000760,3
credit_classification_train_000761,1
credit_classification_train_000762,2
credit_classification_train_000763,1
credit_classification_train_000764,4
credit_classification_train_000765,2
credit_classification_train_000766,0
credit_classification_train_000767,2
credit_classification_train_000768,2
credit_classification_train_000769,2
credit_classification_train_000770,0
credit_classification_train_000771,1
credit_classification_train_000772,1
credit_classification_train_000773,0
credit_classification_train_000774,4
credit_classification_train_000775,0
credit_classification_train_000776,0
credit_classification_train_000777,2
credit_classification_train_000778,3
credit_classification_train_000779,2
credit_classification_train_000780,2
credit_classification_train_000781,0
credit_classification_train_000782,2
credit_classification_train_000783,0
credit_classification_train_000784,4
credit_classification_train_000785,3
credit_classification_train_000786,4
credit_classification_train_000787,3
credit_classification_train_000788,2
credit_classification_train_000789,2
credit_classification_train_000790,2
credit_classification_train_000791,3
credit_classification_train_000792,4
credit_classification_train_000793,1
credit_classification_train_000794,0
credit_classification_train_000795,2
credit_classification_train_000796,3
credit_classification_train_000797,4
credit_classification_train_000798,3
credit_classification_train_000799,1
credit_classification_train_000800,2
credit_classification_train_000801,3
credit_classification_train_000802,4
credit_classification_train_000803,1
credit_classification_train_000804,4
credit_classification_train_000805,1
credit_classification_train_000806,0
credit_classification_train_000807,3
credit_classification_train_000808,3
credit_classification_train_000809,3
credit_classification_train_000810,0
credit_classification_train_000811,3
credit_classification_train_000812,0
credit_classification_train_000813,2
credit_classification_train_000814,0
credit_classification_train_000815,4
credit_classification_train_000816,4
credit_classification_train_000817,1
credit_classification_train_000818,1
credit_classification_train_000819,1
credit_classification_train_000820,2
credit_classification_train_000821,3
credit_classification_train_000822,4
credit_classification_train_000823,2
credit_classification_train_000824,0
credit_classification_train_000825,4
credit_classification_train_000826,0
credit_classification_train_000827,3
credit_classification_train_000828,0
credit_classification_train_000829,2
credit_classification_train_000830,0
credit_classification_train_000831,3
credit_classification_train_000832,4
credit_classification_train_000833,0
credit_classification_train_000834,1
credit_classification_train_000835,0
credit_classification_train_000836,4
credit_classification_train_000837,2
credit_classification_train_000838,2
credit_classification_train_000839,4
credit_classification_train_000840,2
credit_classification_train_000841,0
credit_classification_train_000842,0
credit_classification_train_000843,3
credit_classification_train_000844,3
credit_classification_train_000845,3
credit_classification_train_000846,3
credit_classification_train_000847,1
credit_classification_train_000848,3
credit_classification_train_000849,3
credit_classification_train_000850,4
credit_classification_train_000851,1
credit_classification_train_000852,1
credit_classification_train_000853,0
credit_classification_train_000854,4
credit_classification_train_000855,3
credit_classification_train_000856,0
credit_classification_train_000857,1
credit_classification_train_000858,3
credit_classification_train_000859,3
credit_classification_train_000860,3
credit_classification_train_000861,0
credit_classification_train_000862,3
credit_classification_train_000863,1
credit_classification_train_000864,1
credit_classification_train_000865,3
credit_classification_train_000866,4
credit_classification_train_000867,4
credit_classification_train_000868,3
credit_classification_train_000869,2
credit_classification_train_000870,4
credit_classification_train_000871,2
credit_classification_train_000872,3
credit_classification_train_000873,0
credit_classification_train_000874,3
credit_classification_train_000875,0
credit_classification_train_000876,2
credit_classification_train_000877,1
credit_classification_train_000878,0
credit_classification_train_000879,3
credit_classification_train_000880,2
credit_classification_train_000881,2
credit_classification_train_000882,2
credit_classification_train_000883,0
credit_classification_train_000884,4
credit_classification_train_000885,3
credit_classification_train_000886,3
credit_classification_train_000887,3
credit_classification_train_000888,4
credit_classification_train_000889,1
credit_classification_train_000890,0
credit_classification_train_000891,2
credit_classification_train_000892,2
credit_classification_train_000893,0
credit_classification_train_000894,1
credit_classification_train_000895,2
credit_classification_train_000896,0
credit_classification_train_000897,3
credit_classification_train_000898,2
credit_classification_train_000899,3
credit_classification_train_000900,0
credit_classification_train_000901,0
credit_classification_train_000902,1
credit_classification_train_000903,4
credit_classification_train_000904,3
credit_classification_train_000905,2
credit_classification_train_000906,0
credit_classification_train_000907,1
credit_classification_train_000908,1
credit_classification_train_000909,3
credit_classification_train_000910,0
credit_classification_train_000911,2
credit_classification_train_000912,1
credit_classification_train_000913,3
credit_classification_train_000914,0
credit_classification_train_000915,1
credit_classification_train_000916,0
credit_classification_train_000917,2
credit_classification_train_000918,0
credit_classification_train_000919,3
credit_classification_train_000920,3
credit_classification_train_000921,4
credit_classification_train_000922,2
credit_classification_train_000923,4
credit_classification_train_000924,2
credit_classification_train_000925,4
credit_classification_train_000926,1
credit_classification_train_000927,4
credit_classification_train_000928,4
credit_classification_train_000929,0
credit_classification_train_000930,1
credit_classification_train_000931,4
credit_classification_train_000932,4
credit_classification_train_000933,4
credit_classification_train_000934,2
credit_classification_train_000935,0
credit_classification_train_000936,2
credit_classification_train_000937,1
credit_classification_train_000938,4
credit_classification_train_000939,3
credit_classification_train_000940,2
credit_classification_train_000941,0
credit_classification_train_000942,2
credit_classification_train_000943,4
credit_classification_train_000944,1
credit_classification_train_000945,1
credit_classification_train_000946,2
credit_classification_train_000947,4
credit_classification_train_000948,0
credit_classification_train_000949,0
credit_classification_train_000950,0
credit_classification_train_000951,3
credit_classification_train_000952,3
credit_classification_train_000953,0
credit_classification_train_000954,3
credit_classification_train_000955,0
credit_classification_train_000956,2
credit_classification_train_000957,0
credit_classification_train_000958,0
credit_classification_train_000959,0
credit_classification_train_000960,2
credit_classification_train_000961,2
credit_classification_train_000962,4
credit_classification_train_000963,0
credit_classification_train_000964,4
credit_classification_train_000965,1
credit_classification_train_000966,4
credit_classification_train_000967,1
credit_classification_train_000968,4
credit_classification_train_000969,2
credit_classification_train_000970,3
credit_classification_train_000971,2
credit_classification_train_000972,4
credit_classification_train_000973,0
credit_classification_train_000974,4
credit_classification_train_000975,1
credit_classification_train_000976,4
credit_classification_train_000977,3
credit_classification_train_000978,0
credit_classification_train_000979,2
credit_classification_train_000980,3
credit_classification_train_000981,0
credit_classification_train_000982,2
credit_classification_train_000983,2
credit_classification_train_000984,0
credit_classification_train_000985,1
credit_classification_train_000986,3
credit_classification_train_000987,0
credit_classification_train_000988,1
credit_classification_train_000989,4
credit_classification_train_000990,3
credit_classification_train_000991,2
credit_classification_train_000992,2
credit_classification_train_000993,3
credit_classification_train_000994,3
credit_classification_train_000995,0
credit_classification_train_000996,3
credit_classification_train_000997,2
credit_classification_train_000998,2
credit_classification_train_000999,0
credit_classification_train_001000,4
credit_classification_train_001001,4
credit_classification_train_001002,4
credit_classification_train_001003,2
credit_classification_train_001004,4
credit_classification_train_001005,2
credit_classification_train_001006,4
credit_classification_train_001007,1
credit_classification_train_001008,1
credit_classification_train_001009,0
credit_classification_train_001010,3
credit_classification_train_001011,1
credit_classification_train_001012,4
credit_classification_train_001013,4
credit_classification_train_001014,0
credit_classification_train_001015,1
credit_classification_train_001016,2
credit_classification_train_001017,1
credit_classification_train_001018,0
credit_classification_train_001019,3
credit_classification_train_001020,4
credit_classification_train_001021,1
credit_classification_train_001022,0
credit_classification_train_001023,4
credit_classification_train_001024,2
credit_classification_train_001025,4
credit_classification_train_001026,2
credit_classification_train_001027,2
credit_classification_train_001028,1
credit_classification_train_001029,2
credit_classification_train_001030,4
credit_classification_train_001031,1
credit_classification_train_001032,4
credit_classification_train_001033,2
credit_classification_train_001034,2
credit_classification_train_001035,4
credit_classification_train_001036,2
credit_classification_train_001037,4
credit_classification_train_001038,3
credit_classification_train_001039,3
credit_classification_train_001040,3
credit_classification_train_001041,0
credit_classification_train_001042,0
credit_classification_train_001043,3
credit_classification_train_001044,1
credit_classification_train_001045,1
credit_classification_train_001046,1
credit_classification_train_001047,3
credit_classification_train_001048,3
credit_classification_train_001049,3
credit_classification_train_001050,1
credit_classification_train_001051,2
credit_classification_train_001052,2
credit_classification_train_001053,2
credit_classification_train_001054,4
credit_classification_train_001055,4
credit_classification_train_001056,3
credit_classification_train_001057,4
credit_classification_train_001058,2
credit_classification_train_001059,2
credit_classification_train_001060,4
credit_classification_train_001061,1
credit_classification_train_001062,1
credit_classification_train_001063,3
credit_classification_train_001064,1
credit_classification_train_001065,0
credit_classification_train_001066,3
credit_classification_train_001067,2
credit_classification_train_001068,3
credit_classification_train_001069,1
credit_classification_train_001070,0
credit_classification_train_001071,4
credit_classification_train_001072,3
credit_classification_train_001073,3
credit_classification_train_001074,4
credit_classification_train_001075,4
credit_classification_train_001076,1
credit_classification_train_001077,2
credit_classification_train_001078,4
credit_classification_train_001079,4
credit_classification_train_001080,4
credit_classification_train_001081,3
credit_classification_train_001082,1
credit_classification_train_001083,2
credit_classification_train_001084,4
credit_classification_train_001085,2
credit_classification_train_001086,0
credit_classification_train_001087,3
credit_classification_train_001088,3
credit_classification_train_001089,0
credit_classification_train_001090,1
credit_classification_train_001091,1
credit_classification_train_001092,4
credit_classification_train_001093,1
credit_classification_train_001094,3
credit_classification_train_001095,4
credit_classification_train_001096,1
credit_classification_train_001097,0
credit_classification_train_001098,2
credit_classification_train_001099,0
credit_classification_train_001100,1
credit_classification_train_001101,3
credit_classification_train_001102,4
credit_classification_train_001103,1
credit_classification_train_001104,0
credit_classification_train_001105,2
credit_classification_train_001106,0
credit_classification_train_001107,0
credit_classification_train_001108,3
credit_classification_train_001109,0
credit_classification_train_001110,4
credit_classification_train_001111,0
credit_classification_train_001112,4
credit_classification_train_001113,1
credit_classification_train_001114,3
credit_classification_train_001115,4
credit_classification_train_001116,4
credit_classification_train_001117,4
credit_classification_train_001118,2
credit_classification_train_001119,0
credit_classification_train_001120,4
credit_classification_train_001121,2
credit_classification_train_001122,4
credit_classification_train_001123,0
credit_classification_train_001124,1
credit_classification_train_001125,3
credit_classification_train_001126,2
credit_classification_train_001127,2
credit_classification_train_001128,2
credit_classification_train_001129,1
credit_classification_train_001130,2
credit_classification_train_001131,1
credit_classification_train_001132,4
credit_classification_train_001133,0
credit_classification_train_001134,1
credit_classification_train_001135,3
credit_classification_train_001136,4
credit_classification_train_001137,1
credit_classification_train_001138,1
credit_classification_train_001139,1
credit_classification_train_001140,1
credit_classification_train_001141,1
credit_classification_train_001142,2
credit_classification_train_001143,1
credit_classification_train_001144,1
credit_classification_train_001145,1
credit_classification_train_001146,0
credit_classification_train_001147,4
credit_classification_train_001148,3
credit_classification_train_001149,0
credit_classification_train_001150,1
credit_classification_train_001151,1
credit_classification_train_001152,4
credit_classification_train_001153,3
credit_classification_train_001154,4
credit_classification_train_001155,4
credit_classification_train_001156,3
credit_classification_train_001157,3
credit_classification_train_001158,0
credit_classification_train_001159,3
credit_classification_train_001160,2
credit_classification_train_001161,0
credit_classification_train_001162,0
credit_classification_train_001163,1
credit_classification_train_001164,3
credit_classification_train_001165,4
credit_classification_train_001166,0
credit_classification_train_001167,0
credit_classification_train_001168,3
credit_classification_train_001169,0
credit_classification_train_001170,1
credit_classification_train_001171,0
credit_classification_train_001172,0
credit_classification_train_001173,0
credit_classification_train_001174,0
credit_classification_train_001175,4
credit_classification_train_001176,3
credit_classification_train_001177,1
credit_classification_train_001178,2
credit_classification_train_001179,4
credit_classification_train_001180,1
credit_classification_train_001181,4
credit_classification_train_001182,2
credit_classification_train_001183,4
credit_classification_train_001184,3
credit_classification_train_001185,1
credit_classification_train_001186,4
credit_classification_train_001187,4
credit_classification_train_001188,4
credit_classification_train_001189,0
credit_classification_train_001190,1
credit_classification_train_001191,3
credit_classification_train_001192,2
credit_classification_train_001193,0
credit_classification_train_001194,3
credit_classification_train_001195,1
credit_classification_train_001196,3
credit_classification_train_001197,3
credit_classification_train_001198,4
credit_classification_train_001199,4
credit_classification_train_001200,4
credit_classification_train_001201,4
credit_classification_train_001202,0
credit_classification_train_001203,4
credit_classification_train_001204,3
credit_classification_train_001205,1
credit_classification_train_001206,0
credit_classification_train_001207,4
credit_classification_train_001208,1
credit_classification_train_001209,4
credit_classification_train_001210,3
credit_classification_train_001211,0
credit_classification_train_001212,0
credit_classification_train_001213,0
credit_classification_train_001214,1
credit_classification_train_001215,0
credit_classification_train_001216,0
credit_classification_train_001217,3
credit_classification_train_001218,4
credit_classification_train_001219,4
credit_classification_train_001220,4
credit_classification_train_001221,0
credit_classification_train_001222,1
credit_classification_train_001223,1
credit_classification_train_001224,1
credit_classification_train_001225,3
credit_classification_train_001226,3
credit_classification_train_001227,1
credit_classification_train_001228,4
credit_classification_train_001229,0
credit_classification_train_001230,0
credit_classification_train_001231,3
credit_classification_train_001232,4
credit_classification_train_001233,2
credit_classification_train_001234,2
credit_classification_train_001235,3
credit_classification_train_001236,1
credit_classification_train_001237,3
credit_classification_train_001238,1
credit_classification_train_001239,2
credit_classification_train_001240,3
credit_classification_train_001241,1
credit_classification_train_001242,3
credit_classification_train_001243,3
credit_classification_train_001244,2
credit_classification_train_001245,0
credit_classification_train_001246,4
credit_classification_train_001247,3
credit_classification_train_001248,1
credit_classification_train_001249,2
credit_classification_train_001250,0
credit_classification_train_001251,2
credit_classification_train_001252,4
credit_classification_train_001253,0
credit_classification_train_001254,0
credit_classification_train_001255,1
credit_classification_train_001256,4
credit_classification_train_001257,1
credit_classification_train_001258,3
credit_classification_train_001259,1
credit_classification_train_001260,1
credit_classification_train_001261,1
credit_classification_train_001262,1
credit_classification_train_001263,3
credit_classification_train_001264,4
credit_classification_train_001265,2
credit_classification_train_001266,3
credit_classification_train_001267,1
credit_classification_train_001268,3
credit_classification_train_001269,1
credit_classification_train_001270,0
credit_classification_train_001271,4
credit_classification_train_001272,0
credit_classification_train_001273,4
credit_classification_train_001274,4
credit_classification_train_001275,2
credit_classification_train_001276,2
credit_classification_train_001277,0
credit_classification_train_001278,3
credit_classification_train_001279,2
credit_classification_train_001280,4
credit_classification_train_001281,0
credit_classification_train_001282,1
credit_classification_train_001283,1
credit_classification_train_001284,4
credit_classification_train_001285,1
credit_classification_train_001286,0
credit_classification_train_001287,3
credit_classification_train_001288,3
credit_classification_train_001289,2
credit_classification_train_001290,1
credit_classification_train_001291,3
credit_classification_train_001292,2
credit_classification_train_001293,0
credit_classification_train_001294,2
credit_classification_train_001295,4
credit_classification_train_001296,2
credit_classification_train_001297,1
credit_classification_train_001298,0
credit_classification_train_001299,2
credit_classification_train_001300,0
credit_classification_train_001301,1
credit_classification_train_001302,2
credit_classification_train_001303,2
credit_classification_train_001304,1
credit_classification_train_001305,2
credit_classification_train_001306,4
credit_classification_train_001307,1
credit_classification_train_001308,0
credit_classification_train_001309,0
credit_classification_train_001310,3
credit_classification_train_001311,3
credit_classification_train_001312,3
credit_classification_train_001313,0
credit_classification_train_001314,1
credit_classification_train_001315,1
credit_classification_train_001316,2
credit_classification_train_001317,4
credit_classification_train_001318,2
credit_classification_train_001319,1
credit_classification_train_001320,2
credit_classification_train_001321,1
credit_classification_train_001322,2
credit_classification_train_001323,2
credit_classification_train_001324,1
credit_classification_train_001325,3
credit_classification_train_001326,4
credit_classification_train_001327,0
credit_classification_train_001328,2
credit_classification_train_001329,2
credit_classification_train_001330,0
credit_classification_train_001331,3
credit_classification_train_001332,1
credit_classification_train_001333,4
credit_classification_train_001334,4
credit_classification_train_001335,1
credit_classification_train_001336,2
credit_classification_train_001337,4
credit_classification_train_001338,0
credit_classification_train_001339,0
credit_classification_train_001340,1
credit_classification_train_001341,0
credit_classification_train_001342,2
credit_classification_train_001343,2
credit_classification_train_001344,4
credit_classification_train_001345,0
credit_classification_train_001346,2
credit_classification_train_001347,2
credit_classification_train_001348,3
credit_classification_train_001349,2
credit_classification_train_001350,1
credit_classification_train_001351,3
credit_classification_train_001352,2
credit_classification_train_001353,3
credit_classification_train_001354,2
credit_classification_train_001355,4
credit_classification_train_001356,4
credit_classification_train_001357,2
credit_classification_train_001358,1
credit_classification_train_001359,4
credit_classification_train_001360,1
credit_classification_train_001361,3
credit_classification_train_001362,3
credit_classification_train_001363,2
credit_classification_train_001364,3
credit_classification_train_001365,2
credit_classification_train_001366,0
credit_classification_train_001367,4
credit_classification_train_001368,2
credit_classification_train_001369,2
credit_classification_train_001370,1
credit_classification_train_001371,1
credit_classification_train_001372,3
credit_classification_train_001373,3
credit_classification_train_001374,0
credit_classification_train_001375,2
credit_classification_train_001376,1
credit_classification_train_001377,4
credit_classification_train_001378,1
credit_classification_train_001379,0
credit_classification_train_001380,3
credit_classification_train_001381,3
credit_classification_train_001382,0
credit_classification_train_001383,4
credit_classification_train_001384,3
credit_classification_train_001385,1
credit_classification_train_001386,4
credit_classification_train_001387,1
credit_classification_train_001388,1
credit_classification_train_001389,0
credit_classification_train_001390,4
credit_classification_train_001391,0
credit_classification_train_001392,3
credit_classification_train_001393,1
credit_classification_train_001394,3
credit_classification_train_001395,0
credit_classification_train_001396,0
credit_classification_train_001397,1
credit_classification_train_001398,2
credit_classification_train_001399,2
credit_classification_train_001400,1
credit_classification_train_001401,2
credit_classification_train_001402,0
credit_classification_train_001403,2
credit_classification_train_001404,4
credit_classification_train_001405,4
credit_classification_train_001406,1
credit_classification_train_001407,0
credit_classification_train_001408,0
credit_classification_train_001409,4
credit_classification_train_001410,3
credit_classification_train_001411,0
credit_classification_train_001412,1
credit_classification_train_001413,4
credit_classification_train_001414,3
credit_classification_train_001415,2
credit_classification_train_001416,2
credit_classification_train_001417,4
credit_classification_train_001418,1
credit_classification_train_001419,2
credit_classification_train_001420,3
credit_classification_train_001421,0
credit_classification_train_001422,4
credit_classification_train_001423,3
credit_classification_train_001424,3
credit_classification_train_001425,0
credit_classification_train_001426,0
credit_classification_train_001427,4
credit_classification_train_001428,1
credit_classification_train_001429,1
credit_classification_train_001430,2
credit_classification_train_001431,0
credit_classification_train_001432,3
credit_classification_train_001433,4
credit_classification_train_001434,2
credit_classification_train_001435,4
credit_classification_train_001436,2
credit_classification_train_001437,2
credit_classification_train_001438,0
credit_classification_train_001439,3
credit_classification_train_001440,1
credit_classification_train_001441,2
credit_classification_train_001442,1
credit_classification_train_001443,1
credit_classification_train_001444,1
credit_classification_train_001445,4
credit_classification_train_001446,0
credit_classification_train_001447,1
credit_classification_train_001448,4
credit_classification_train_001449,1
credit_classification_train_001450,1
credit_classification_train_001451,0
credit_classification_train_001452,4
credit_classification_train_001453,1
credit_classification_train_001454,3
credit_classification_train_001455,4
credit_classification_train_001456,2
credit_classification_train_001457,2
credit_classification_train_001458,4
credit_classification_train_001459,1
credit_classification_train_001460,3
credit_classification_train_001461,3
credit_classification_train_001462,0
credit_classification_train_001463,3
credit_classification_train_001464,4
credit_classification_train_001465,4
credit_classification_train_001466,2
credit_classification_train_001467,0
credit_classification_train_001468,0
credit_classification_train_001469,0
credit_classification_train_001470,3
credit_classification_train_001471,1
credit_classification_train_001472,3
credit_classification_train_001473,2
credit_classification_train_001474,0
credit_classification_train_001475,2
credit_classification_train_001476,3
credit_classification_train_001477,3
credit_classification_train_001478,0
credit_classification_train_001479,0
credit_classification_train_001480,3
credit_classification_train_001481,3
credit_classification_train_001482,4
credit_classification_train_001483,1
credit_classification_train_001484,3
credit_classification_train_001485,0
credit_classification_train_001486,3
credit_classification_train_001487,2
credit_classification_train_001488,0
credit_classification_train_001489,3
credit_classification_train_001490,0
credit_classification_train_001491,3
credit_classification_train_001492,0
credit_classification_train_001493,0
credit_classification_train_001494,2
credit_classification_train_001495,0
credit_classification_train_001496,0
credit_classification_train_001497,0
credit_classification_train_001498,3
credit_classification_train_001499,2
credit_classification_train_001500,0
credit_classification_train_001501,3
credit_classification_train_001502,4
credit_classification_train_001503,0
credit_classification_train_001504,3
credit_classification_train_001505,1
credit_classification_train_001506,1
credit_classification_train_001507,2
credit_classification_train_001508,4
credit_classification_train_001509,4
credit_classification_train_001510,4
credit_classification_train_001511,2
credit_classification_train_001512,2
credit_classification_train_001513,4
credit_classification_train_001514,1
credit_classification_train_001515,1
credit_classification_train_001516,1
credit_classification_train_001517,2
credit_classification_train_001518,1
credit_classification_train_001519,3
credit_classification_train_001520,4
credit_classification_train_001521,2
credit_classification_train_001522,3
credit_classification_train_001523,4
credit_classification_train_001524,4
credit_classification_train_001525,3
credit_classification_train_001526,4
credit_classification_train_001527,1
credit_classification_train_001528,2
credit_classification_train_001529,3
credit_classification_train_001530,1
credit_classification_train_001531,3
credit_classification_train_001532,0
credit_classification_train_001533,2
credit_classification_train_001534,4
credit_classification_train_001535,0
credit_classification_train_001536,0
credit_classification_train_001537,3
credit_classification_train_001538,4
credit_classification_train_001539,4
credit_classification_train_001540,1
credit_classification_train_001541,2
credit_classification_train_001542,2
credit_classification_train_001543,3
credit_classification_train_001544,1
credit_classification_train_001545,3
credit_classification_train_001546,1
credit_classification_train_001547,1
credit_classification_train_001548,3
credit_classification_train_001549,1
credit_classification_train_001550,2
credit_classification_train_001551,1
credit_classification_train_001552,1
credit_classification_train_001553,1
credit_classification_train_001554,2
credit_classification_train_001555,1
credit_classification_train_001556,1
credit_classification_train_001557,1
credit_classification_train_001558,4
credit_classification_train_001559,1
credit_classification_train_001560,4
credit_classification_train_001561,0
credit_classification_train_001562,2
credit_classification_train_001563,0
credit_classification_train_001564,1
credit_classification_train_001565,2
credit_classification_train_001566,1
credit_classification_train_001567,4
credit_classification_train_001568,0
credit_classification_train_001569,0
credit_classification_train_001570,0
credit_classification_train_001571,3
credit_classification_train_001572,0
credit_classification_train_001573,4
credit_classification_train_001574,2
credit_classification_train_001575,3
credit_classification_train_001576,1
credit_classification_train_001577,4
credit_classification_train_001578,4
credit_classification_train_001579,4
credit_classification_train_001580,2
credit_classification_train_001581,2
credit_classification_train_001582,2
credit_classification_train_001583,0
credit_classification_train_001584,1
credit_classification_train_001585,4
credit_classification_train_001586,0
credit_classification_train_001587,1
credit_classification_train_001588,1
credit_classification_train_001589,0
credit_classification_train_001590,0
credit_classification_train_001591,1
credit_classification_train_001592,2
credit_classification_train_001593,1
credit_classification_train_001594,3
credit_classification_train_001595,3
credit_classification_train_001596,3
credit_classification_train_001597,2
credit_classification_train_001598,4
credit_classification_train_001599,4
credit_classification_train_001600,3
credit_classification_train_001601,4
credit_classification_train_001602,0
credit_classification_train_001603,1
credit_classification_train_001604,0
credit_classification_train_001605,2
credit_classification_train_001606,0
credit_classification_train_001607,4
credit_classification_train_001608,0
credit_classification_train_001609,4
credit_classification_train_001610,0
credit_classification_train_001611,0
credit_classification_train_001612,1
credit_classification_train_001613,2
credit_classification_train_001614,1
credit_classification_train_001615,4
credit_classification_train_001616,2
credit_classification_train_001617,2
credit_classification_train_001618,2
credit_classification_train_001619,4
credit_classification_train_001620,0
credit_classification_train_001621,2
credit_classification_train_001622,2
credit_classification_train_001623,2
credit_classification_train_001624,0
credit_classification_train_001625,2
credit_classification_train_001626,2
credit_classification_train_001627,1
credit_classification_train_001628,1
credit_classification_train_001629,2
credit_classification_train_001630,4
credit_classification_train_001631,3
credit_classification_train_001632,2
credit_classification_train_001633,4
credit_classification_train_001634,0
credit_classification_train_001635,4
credit_classification_train_001636,2
credit_classification_train_001637,1
credit_classification_train_001638,2
credit_classification_train_001639,3
credit_classification_train_001640,2
credit_classification_train_001641,1
credit_classification_train_001642,2
credit_classification_train_001643,2
credit_classification_train_001644,3
credit_classification_train_001645,1
credit_classification_train_001646,4
credit_classification_train_001647,1
credit_classification_train_001648,3
credit_classification_train_001649,4
credit_classification_train_001650,1
credit_classification_train_001651,4
credit_classification_train_001652,2
credit_classification_train_001653,0
credit_classification_train_001654,0
credit_classification_train_001655,2
credit_classification_train_001656,0
credit_classification_train_001657,3
credit_classification_train_001658,0
credit_classification_train_001659,1
credit_classification_train_001660,2
credit_classification_train_001661,4
credit_classification_train_001662,3
credit_classification_train_001663,2
credit_classification_train_001664,4
credit_classification_train_001665,0
credit_classification_train_001666,0
credit_classification_train_001667,0
credit_classification_train_001668,3
credit_classification_train_001669,2
credit_classification_train_001670,1
credit_classification_train_001671,3
credit_classification_train_001672,2
credit_classification_train_001673,4
credit_classification_train_001674,0
credit_classification_train_001675,3
credit_classification_train_001676,4
credit_classification_train_001677,0
credit_classification_train_001678,4
credit_classification_train_001679,2
credit_classification_train_001680,4
credit_classification_train_001681,3
credit_classification_train_001682,2
credit_classification_train_001683,1
credit_classification_train_001684,4
credit_classification_train_001685,2
credit_classification_train_001686,4
credit_classification_train_001687,4
credit_classification_train_001688,2
credit_classification_train_001689,1
credit_classification_train_001690,4
credit_classification_train_001691,3
credit_classification_train_001692,0
credit_classification_train_001693,0
credit_classification_train_001694,2
credit_classification_train_001695,2
credit_classification_train_001696,4
credit_classification_train_001697,3
credit_classification_train_001698,4
credit_classification_train_001699,1
credit_classification_train_001700,1
credit_classification_train_001701,4
credit_classification_train_001702,3
credit_classification_train_001703,4
credit_classification_train_001704,4
credit_classification_train_001705,3
credit_classification_train_001706,3
credit_classification_train_001707,3
credit_classification_train_001708,2
credit_classification_train_001709,4
credit_classification_train_001710,0
credit_classification_train_001711,1
credit_classification_train_001712,2
credit_classification_train_001713,1
credit_classification_train_001714,3
credit_classification_train_001715,0
credit_classification_train_001716,0
credit_classification_train_001717,4
credit_classification_train_001718,0
credit_classification_train_001719,3
credit_classification_train_001720,1
credit_classification_train_001721,0
credit_classification_train_001722,2
credit_classification_train_001723,2
credit_classification_train_001724,1
credit_classification_train_001725,1
credit_classification_train_001726,2
credit_classification_train_001727,3
credit_classification_train_001728,2
credit_classification_train_001729,4
credit_classification_train_001730,3
credit_classification_train_001731,1
credit_classification_train_001732,1
credit_classification_train_001733,1
credit_classification_train_001734,1
credit_classification_train_001735,1
credit_classification_train_001736,0
credit_classification_train_001737,2
credit_classification_train_001738,1
credit_classification_train_001739,4
credit_classification_train_001740,0
credit_classification_train_001741,3
credit_classification_train_001742,0
credit_classification_train_001743,1
credit_classification_train_001744,2
credit_classification_train_001745,0
credit_classification_train_001746,4
credit_classification_train_001747,1
credit_classification_train_001748,0
credit_classification_train_001749,0
credit_classification_train_001750,0
credit_classification_train_001751,1
credit_classification_train_001752,2
credit_classification_train_001753,3
credit_classification_train_001754,2
credit_classification_train_001755,1
credit_classification_train_001756,2
credit_classification_train_001757,2
credit_classification_train_001758,3
credit_classification_train_001759,4
credit_classification_train_001760,1
credit_classification_train_001761,3
credit_classification_train_001762,4
credit_classification_train_001763,0
credit_classification_train_001764,3
credit_classification_train_001765,3
credit_classification_train_001766,4
credit_classification_train_001767,2
credit_classification_train_001768,2
credit_classification_train_001769,2
credit_classification_train_001770,3
credit_classification_train_001771,1
credit_classification_train_001772,0
credit_classification_train_001773,3
credit_classification_train_001774,2
credit_classification_train_001775,2
credit_classification_train_001776,2
credit_classification_train_001777,1
credit_classification_train_001778,2
credit_classification_train_001779,1
credit_classification_train_001780,3
credit_classification_train_001781,2
credit_classification_train_001782,0
credit_classification_train_001783,1
credit_classification_train_001784,0
credit_classification_train_001785,1
credit_classification_train_001786,4
credit_classification_train_001787,2
credit_classification_train_001788,1
credit_classification_train_001789,0
credit_classification_train_001790,3
credit_classification_train_001791,3
credit_classification_train_001792,3
credit_classification_train_001793,4
credit_classification_train_001794,2
credit_classification_train_001795,3
credit_classification_train_001796,4
credit_classification_train_001797,1
credit_classification_train_001798,1
credit_classification_train_001799,0
credit_classification_train_001800,4
credit_classification_train_001801,4
credit_classification_train_001802,2
credit_classification_train_001803,0
credit_classification_train_001804,3
credit_classification_train_001805,1
credit_classification_train_001806,2
credit_classification_train_001807,2
credit_classification_train_001808,2
credit_classification_train_001809,1
credit_classification_train_001810,3
credit_classification_train_001811,0
credit_classification_train_001812,4
credit_classification_train_001813,2
credit_classification_train_001814,1
credit_classification_train_001815,2
credit_classification_train_001816,0
credit_classification_train_001817,3
credit_classification_train_001818,3
credit_classification_train_001819,1
credit_classification_train_001820,2
credit_classification_train_001821,4
credit_classification_train_001822,3
credit_classification_train_001823,3
credit_classification_train_001824,3
credit_classification_train_001825,2
credit_classification_train_001826,1
credit_classification_train_001827,1
credit_classification_train_001828,0
credit_classification_train_001829,0
credit_classification_train_001830,1
credit_classification_train_001831,2
credit_classification_train_001832,2
credit_classification_train_001833,3
credit_classification_train_001834,1
credit_classification_train_001835,0
credit_classification_train_001836,1
credit_classification_train_001837,0
credit_classification_train_001838,0
credit_classification_train_001839,3
credit_classification_train_001840,1
credit_classification_train_001841,2
credit_classification_train_001842,4
credit_classification_train_001843,0
credit_classification_train_001844,1
credit_classification_train_001845,0
credit_classification_train_001846,3
credit_classification_train_001847,1
credit_classification_train_001848,3
credit_classification_train_001849,1
credit_classification_train_001850,3
credit_classification_train_001851,4
credit_classification_train_001852,4
credit_classification_train_001853,1
credit_classification_train_001854,2
credit_classification_train_001855,3
credit_classification_train_001856,3
credit_classification_train_001857,1
credit_classification_train_001858,3
credit_classification_train_001859,1
credit_classification_train_001860,2
credit_classification_train_001861,1
credit_classification_train_001862,1
credit_classification_train_001863,3
credit_classification_train_001864,2
credit_classification_train_001865,2
credit_classification_train_001866,2
credit_classification_train_001867,4
credit_classification_train_001868,0
credit_classification_train_001869,1
credit_classification_train_001870,1
credit_classification_train_001871,0
credit_classification_train_001872,4
credit_classification_train_001873,3
credit_classification_train_001874,2
credit_classification_train_001875,4
credit_classification_train_001876,2
credit_classification_train_001877,2
credit_classification_train_001878,2
credit_classification_train_001879,0
credit_classification_train_001880,0
credit_classification_train_001881,0
credit_classification_train_001882,4
credit_classification_train_001883,2
credit_classification_train_001884,1
credit_classification_train_001885,1
credit_classification_train_001886,1
credit_classification_train_001887,1
credit_classification_train_001888,3
credit_classification_train_001889,0
credit_classification_train_001890,2
credit_classification_train_001891,1
credit_classification_train_001892,2
credit_classification_train_001893,3
credit_classification_train_001894,3
credit_classification_train_001895,1
credit_classification_train_001896,3
credit_classification_train_001897,0
credit_classification_train_001898,1
credit_classification_train_001899,1
credit_classification_train_001900,0
credit_classification_train_001901,0
credit_classification_train_001902,4
credit_classification_train_001903,3
credit_classification_train_001904,0
credit_classification_train_001905,2
credit_classification_train_001906,0
credit_classification_train_001907,3
credit_classification_train_001908,2
credit_classification_train_001909,2
credit_classification_train_001910,3
credit_classification_train_001911,4
credit_classification_train_001912,0
credit_classification_train_001913,3
credit_classification_train_001914,0
credit_classification_train_001915,3
credit_classification_train_001916,2
credit_classification_train_001917,2
credit_classification_train_001918,3
credit_classification_train_001919,4
credit_classification_train_001920,4
credit_classification_train_001921,0
credit_classification_train_001922,1
credit_classification_train_001923,1
credit_classification_train_001924,2
credit_classification_train_001925,0
credit_classification_train_001926,3
credit_classification_train_001927,4
credit_classification_train_001928,0
credit_classification_train_001929,1
credit_classification_train_001930,4
credit_classification_train_001931,2
credit_classification_train_001932,2
credit_classification_train_001933,4
credit_classification_train_001934,4
credit_classification_train_001935,3
credit_classification_train_001936,0
credit_classification_train_001937,3
credit_classification_train_001938,2
credit_classification_train_001939,2
credit_classification_train_001940,2
credit_classification_train_001941,2
credit_classification_train_001942,2
credit_classification_train_001943,1
credit_classification_train_001944,4
credit_classification_train_001945,0
credit_classification_train_001946,0
credit_classification_train_001947,4
credit_classification_train_001948,1
credit_classification_train_001949,2
credit_classification_train_001950,3
credit_classification_train_001951,3
credit_classification_train_001952,0
credit_classification_train_001953,0
credit_classification_train_001954,0
credit_classification_train_001955,4
credit_classification_train_001956,0
credit_classification_train_001957,0
credit_classification_train_001958,2
credit_classification_train_001959,2
credit_classification_train_001960,2
credit_classification_train_001961,3
credit_classification_train_001962,1
credit_classification_train_001963,0
credit_classification_train_001964,0
credit_classification_train_001965,1
credit_classification_train_001966,4
credit_classification_train_001967,0
credit_classification_train_001968,0
credit_classification_train_001969,4
credit_classification_train_001970,3
credit_classification_train_001971,3
credit_classification_train_001972,2
credit_classification_train_001973,0
credit_classification_train_001974,0
credit_classification_train_001975,2
credit_classification_train_001976,3
credit_classification_train_001977,1
credit_classification_train_001978,3
credit_classification_train_001979,4
credit_classification_train_001980,1
credit_classification_train_001981,3
credit_classification_train_001982,3
credit_classification_train_001983,4
credit_classification_train_001984,1
credit_classification_train_001985,4
credit_classification_train_001986,3
credit_classification_train_001987,4
credit_classification_train_001988,3
credit_classification_train_001989,3
credit_classification_train_001990,4
credit_classification_train_001991,3
credit_classification_train_001992,4
credit_classification_train_001993,2
credit_classification_train_001994,3
credit_classification_train_001995,1
credit_classification_train_001996,4
credit_classification_train_001997,2
credit_classification_train_001998,3
credit_classification_train_001999,1
credit_classification_train_002000,1
credit_classification_train_002001,4
credit_classification_train_002002,2
credit_classification_train_002003,1
credit_classification_train_002004,4
credit_classification_train_002005,2
credit_classification_train_002006,2
credit_classification_train_002007,1
credit_classification_train_002008,0
credit_classification_train_002009,1
credit_classification_train_002010,2
credit_classification_train_002011,0
credit_classification_train_002012,3
credit_classification_train_002013,2
credit_classification_train_002014,2
credit_classification_train_002015,1
credit_classification_train_002016,1
credit_classification_train_002017,3
credit_classification_train_002018,4
credit_classification_train_002019,2
credit_classification_train_002020,2
credit_classification_train_002021,1
credit_classification_train_002022,0
credit_classification_train_002023,1
credit_classification_train_002024,2
credit_classification_train_002025,3
credit_classification_train_002026,1
credit_classification_train_002027,2
credit_classification_train_002028,0
credit_classification_train_002029,2
credit_classification_train_002030,3
credit_classification_train_002031,0
credit_classification_train_002032,4
credit_classification_train_002033,0
credit_classification_train_002034,0
credit_classification_train_002035,0
credit_classification_train_002036,2
credit_classification_train_002037,2
credit_classification_train_002038,4
credit_classification_train_002039,2
credit_classification_train_002040,1
credit_classification_train_002041,1
credit_classification_train_002042,2
credit_classification_train_002043,1
credit_classification_train_002044,2
credit_classification_train_002045,0
credit_classification_train_002046,1
credit_classification_train_002047,0
credit_classification_train_002048,2
credit_classification_train_002049,2
credit_classification_train_002050,4
credit_classification_train_002051,4
credit_classification_train_002052,4
credit_classification_train_002053,4
credit_classification_train_002054,2
credit_classification_train_002055,3
credit_classification_train_002056,1
credit_classification_train_002057,0
credit_classification_train_002058,2
credit_classification_train_002059,3
credit_classification_train_002060,3
credit_classification_train_002061,2
credit_classification_train_002062,0
credit_classification_train_002063,3
credit_classification_train_002064,3
credit_classification_train_002065,3
credit_classification_train_002066,2
credit_classification_train_002067,3
credit_classification_train_002068,4
credit_classification_train_002069,0
credit_classification_train_002070,2
credit_classification_train_002071,3
credit_classification_train_002072,4
credit_classification_train_002073,4
credit_classification_train_002074,3
credit_classification_train_002075,4
credit_classification_train_002076,3
credit_classification_train_002077,4
credit_classification_train_002078,2
credit_classification_train_002079,4
credit_classification_train_002080,4
credit_classification_train_002081,4
credit_classification_train_002082,0
credit_classification_train_002083,3
credit_classification_train_002084,0
credit_classification_train_002085,3
credit_classification_train_002086,3
credit_classification_train_002087,3
credit_classification_train_002088,2
credit_classification_train_002089,3
credit_classification_train_002090,1
credit_classification_train_002091,4
credit_classification_train_002092,4
credit_classification_train_002093,0
credit_classification_train_002094,0
credit_classification_train_002095,1
credit_classification_train_002096,4
credit_classification_train_002097,1
credit_classification_train_002098,1
credit_classification_train_002099,3
credit_classification_train_002100,4
credit_classification_train_002101,1
credit_classification_train_002102,3
credit_classification_train_002103,4
credit_classification_train_002104,2
credit_classification_train_002105,4
credit_classification_train_002106,4
credit_classification_train_002107,1
credit_classification_train_002108,0
credit_classification_train_002109,0
credit_classification_train_002110,3
credit_classification_train_002111,4
credit_classification_train_002112,4
credit_classification_train_002113,0
credit_classification_train_002114,1
credit_classification_train_002115,4
credit_classification_train_002116,3
credit_classification_train_002117,0
credit_classification_train_002118,3
credit_classification_train_002119,3
credit_classification_train_002120,1
credit_classification_train_002121,4
credit_classification_train_002122,3
credit_classification_train_002123,1
credit_classification_train_002124,1
credit_classification_train_002125,2
credit_classification_train_002126,0
credit_classification_train_002127,1
credit_classification_train_002128,3
credit_classification_train_002129,1
credit_classification_train_002130,4
credit_classification_train_002131,3
credit_classification_train_002132,2
credit_classification_train_002133,1
credit_classification_train_002134,3
credit_classification_train_002135,4
credit_classification_train_002136,3
credit_classification_train_002137,4
credit_classification_train_002138,1
credit_classification_train_002139,3
credit_classification_train_002140,4
credit_classification_train_002141,1
credit_classification_train_002142,4
credit_classification_train_002143,4
credit_classification_train_002144,3
credit_classification_train_002145,1
credit_classification_train_002146,2
credit_classification_train_002147,2
credit_classification_train_002148,0
credit_classification_train_002149,3
credit_classification_train_002150,2
credit_classification_train_002151,1
credit_classification_train_002152,0
credit_classification_train_002153,1
credit_classification_train_002154,0
credit_classification_train_002155,1
credit_classification_train_002156,0
credit_classification_train_002157,0
credit_classification_train_002158,4
credit_classification_train_002159,4
credit_classification_train_002160,0
credit_classification_train_002161,2
credit_classification_train_002162,3
credit_classification_train_002163,4
credit_classification_train_002164,2
credit_classification_train_002165,3
credit_classification_train_002166,3
credit_classification_train_002167,4
credit_classification_train_002168,1
credit_classification_train_002169,2
credit_classification_train_002170,1
credit_classification_train_002171,2
credit_classification_train_002172,4
credit_classification_train_002173,2
credit_classification_train_002174,2
credit_classification_train_002175,4
credit_classification_train_002176,0
credit_classification_train_002177,1
credit_classification_train_002178,1
credit_classification_train_002179,0
credit_classification_train_002180,4
credit_classification_train_002181,1
credit_classification_train_002182,4
credit_classification_train_002183,4
credit_classification_train_002184,3
credit_classification_train_002185,0
credit_classification_train_002186,1
credit_classification_train_002187,4
credit_classification_train_002188,2
credit_classification_train_002189,1
credit_classification_train_002190,2
credit_classification_train_002191,1
credit_classification_train_002192,0
credit_classification_train_002193,1
credit_classification_train_002194,0
credit_classification_train_002195,3
credit_classification_train_002196,0
credit_classification_train_002197,1
credit_classification_train_002198,1
credit_classification_train_002199,1
credit_classification_train_002200,3
credit_classification_train_002201,0
credit_classification_train_002202,3
credit_classification_train_002203,1
credit_classification_train_002204,1
credit_classification_train_002205,3
credit_classification_train_002206,4
credit_classification_train_002207,3
credit_classification_train_002208,3
credit_classification_train_002209,2
credit_classification_train_002210,1
credit_classification_train_002211,3
credit_classification_train_002212,1
credit_classification_train_002213,0
credit_classification_train_002214,1
credit_classification_train_002215,3
credit_classification_train_002216,3
credit_classification_train_002217,0
credit_classification_train_002218,4
credit_classification_train_002219,4
credit_classification_train_002220,0
credit_classification_train_002221,4
credit_classification_train_002222,1
credit_classification_train_002223,1
credit_classification_train_002224,2
credit_classification_train_002225,2
credit_classification_train_002226,3
credit_classification_train_002227,4
credit_classification_train_002228,2
credit_classification_train_002229,2
credit_classification_train_002230,1
credit_classification_train_002231,3
credit_classification_train_002232,3
credit_classification_train_002233,3
credit_classification_train_002234,4
credit_classification_train_002235,4
credit_classification_train_002236,0
credit_classification_train_002237,4
credit_classification_train_002238,1
credit_classification_train_002239,3
credit_classification_train_002240,2
credit_classification_train_002241,0
credit_classification_train_002242,1
credit_classification_train_002243,1
credit_classification_train_002244,4
credit_classification_train_002245,4
credit_classification_train_002246,3
credit_classification_train_002247,0
credit_classification_train_002248,4
credit_classification_train_002249,3
credit_classification_train_002250,1
credit_classification_train_002251,1
credit_classification_train_002252,2
credit_classification_train_002253,3
credit_classification_train_002254,2
credit_classification_train_002255,3
credit_classification_train_002256,4
credit_classification_train_002257,2
credit_classification_train_002258,2
credit_classification_train_002259,4
credit_classification_train_002260,3
credit_classification_train_002261,2
credit_classification_train_002262,3
credit_classification_train_002263,2
credit_classification_train_002264,3
credit_classification_train_002265,1
credit_classification_train_002266,3
credit_classification_train_002267,1
credit_classification_train_002268,2
credit_classification_train_002269,4
credit_classification_train_002270,2
credit_classification_train_002271,3
credit_classification_train_002272,4
credit_classification_train_002273,2
credit_classification_train_002274,0
credit_classification_train_002275,3
credit_classification_train_002276,1
credit_classification_train_002277,3
credit_classification_train_002278,2
credit_classification_train_002279,4
credit_classification_train_002280,2
credit_classification_train_002281,2
credit_classification_train_002282,4
credit_classification_train_002283,0
credit_classification_train_002284,0
credit_classification_train_002285,1
credit_classification_train_002286,3
credit_classification_train_002287,3
credit_classification_train_002288,4
credit_classification_train_002289,3
credit_classification_train_002290,0
credit_classification_train_002291,0
credit_classification_train_002292,2
credit_classification_train_002293,0
credit_classification_train_002294,1
credit_classification_train_002295,3
credit_classification_train_002296,1
credit_classification_train_002297,4
credit_classification_train_002298,3
credit_classification_train_002299,4
credit_classification_train_002300,0
credit_classification_train_002301,0
credit_classification_train_002302,4
credit_classification_train_002303,4
credit_classification_train_002304,1
credit_classification_train_002305,1
credit_classification_train_002306,2
credit_classification_train_002307,1
credit_classification_train_002308,0
credit_classification_train_002309,1
credit_classification_train_002310,3
credit_classification_train_002311,2
credit_classification_train_002312,3
credit_classification_train_002313,1
credit_classification_train_002314,4
credit_classification_train_002315,0
credit_classification_train_002316,1
credit_classification_train_002317,0
credit_classification_train_002318,3
credit_classification_train_002319,0
credit_classification_train_002320,2
credit_classification_train_002321,4
credit_classification_train_002322,1
credit_classification_train_002323,0
credit_classification_train_002324,3
credit_classification_train_002325,2
credit_classification_train_002326,3
credit_classification_train_002327,1
credit_classification_train_002328,0
credit_classification_train_002329,4
credit_classification_train_002330,1
credit_classification_train_002331,0
credit_classification_train_002332,2
credit_classification_train_002333,0
credit_classification_train_002334,4
credit_classification_train_002335,2
credit_classification_train_002336,1
credit_classification_train_002337,1
credit_classification_train_002338,1
credit_classification_train_002339,2
credit_classification_train_002340,0
credit_classification_train_002341,4
credit_classification_train_002342,1
credit_classification_train_002343,3
credit_classification_train_002344,4
credit_classification_train_002345,3
credit_classification_train_002346,3
credit_classification_train_002347,1
credit_classification_train_002348,1
credit_classification_train_002349,2
credit_classification_train_002350,1
credit_classification_train_002351,0
credit_classification_train_002352,3
credit_classification_train_002353,4
credit_classification_train_002354,4
credit_classification_train_002355,3
credit_classification_train_002356,4
credit_classification_train_002357,1
credit_classification_train_002358,1
credit_classification_train_002359,3
credit_classification_train_002360,4
credit_classification_train_002361,1
credit_classification_train_002362,4
credit_classification_train_002363,3
credit_classification_train_002364,2
credit_classification_train_002365,0
credit_classification_train_002366,3
credit_classification_train_002367,2
credit_classification_train_002368,4
credit_classification_train_002369,4
credit_classification_train_002370,3
credit_classification_train_002371,4
credit_classification_train_002372,1
credit_classification_train_002373,1
credit_classification_train_002374,2
credit_classification_train_002375,3
credit_classification_train_002376,2
credit_classification_train_002377,3
credit_classification_train_002378,2
credit_classification_train_002379,2
credit_classification_train_002380,2
credit_classification_train_002381,3
credit_classification_train_002382,4
credit_classification_train_002383,0
credit_classification_train_002384,0
credit_classification_train_002385,3
credit_classification_train_002386,4
credit_classification_train_002387,4
credit_classification_train_002388,2
credit_classification_train_002389,1
credit_classification_train_002390,4
credit_classification_train_002391,1
credit_classification_train_002392,4
credit_classification_train_002393,4
credit_classification_train_002394,0
credit_classification_train_002395,1
credit_classification_train_002396,4
credit_classification_train_002397,3
credit_classification_train_002398,4
credit_classification_train_002399,2
credit_classification_train_002400,0
credit_classification_train_002401,0
credit_classification_train_002402,3
credit_classification_train_002403,3
credit_classification_train_002404,4
credit_classification_train_002405,2
credit_classification_train_002406,0
credit_classification_train_002407,1
credit_classification_train_002408,0
credit_classification_train_002409,0
credit_classification_train_002410,2
credit_classification_train_002411,4
credit_classification_train_002412,3
credit_classification_train_002413,0
credit_classification_train_002414,0
credit_classification_train_002415,4
credit_classification_train_002416,0
credit_classification_train_002417,2
credit_classification_train_002418,2
credit_classification_train_002419,0
credit_classification_train_002420,3
credit_classification_train_002421,0
credit_classification_train_002422,3
credit_classification_train_002423,0
credit_classification_train_002424,2
credit_classification_train_002425,0
credit_classification_train_002426,4
credit_classification_train_002427,3
credit_classification_train_002428,1
credit_classification_train_002429,1
credit_classification_train_002430,2
credit_classification_train_002431,2
credit_classification_train_002432,4
credit_classification_train_002433,1
credit_classification_train_002434,1
credit_classification_train_002435,2
credit_classification_train_002436,1
credit_classification_train_002437,2
credit_classification_train_002438,3
credit_classification_train_002439,2
credit_classification_train_002440,3
credit_classification_train_002441,2
credit_classification_train_002442,1
credit_classification_train_002443,2
credit_classification_train_002444,3
credit_classification_train_002445,4
credit_classification_train_002446,4
credit_classification_train_002447,3
credit_classification_train_002448,3
credit_classification_train_002449,1
credit_classification_train_002450,0
credit_classification_train_002451,3
credit_classification_train_002452,2
credit_classification_train_002453,1
credit_classification_train_002454,0
credit_classification_train_002455,0
credit_classification_train_002456,4
credit_classification_train_002457,0
credit_classification_train_002458,1
credit_classification_train_002459,3
credit_classification_train_002460,4
credit_classification_train_002461,1
credit_classification_train_002462,2
credit_classification_train_002463,3
credit_classification_train_002464,1
credit_classification_train_002465,2
credit_classification_train_002466,4
credit_classification_train_002467,0
credit_classification_train_002468,3
credit_classification_train_002469,4
credit_classification_train_002470,0
credit_classification_train_002471,2
credit_classification_train_002472,3
credit_classification_train_002473,0
credit_classification_train_002474,2
credit_classification_train_002475,1
credit_classification_train_002476,3
credit_classification_train_002477,4
credit_classification_train_002478,3
credit_classification_train_002479,4
credit_classification_train_002480,4
credit_classification_train_002481,3
credit_classification_train_002482,0
credit_classification_train_002483,2
credit_classification_train_002484,2
credit_classification_train_002485,3
credit_classification_train_002486,1
credit_classification_train_002487,2
credit_classification_train_002488,1
credit_classification_train_002489,2
credit_classification_train_002490,1
credit_classification_train_002491,3
credit_classification_train_002492,1
credit_classification_train_002493,1
credit_classification_train_002494,4
credit_classification_train_002495,0
credit_classification_train_002496,0
credit_classification_train_002497,3
credit_classification_train_002498,3
credit_classification_train_002499,0
credit_classification_train_002500,3
credit_classification_train_002501,3
credit_classification_train_002502,0
credit_classification_train_002503,0
credit_classification_train_002504,1
credit_classification_train_002505,1
credit_classification_train_002506,0
credit_classification_train_002507,3
credit_classification_train_002508,2
credit_classification_train_002509,3
credit_classification_train_002510,1
credit_classification_train_002511,0
credit_classification_train_002512,0
credit_classification_train_002513,3
credit_classification_train_002514,3
credit_classification_train_002515,2
credit_classification_train_002516,3
credit_classification_train_002517,3
credit_classification_train_002518,2
credit_classification_train_002519,1
credit_classification_train_002520,4
credit_classification_train_002521,3
credit_classification_train_002522,0
credit_classification_train_002523,3
credit_classification_train_002524,2
credit_classification_train_002525,0
credit_classification_train_002526,0
credit_classification_train_002527,2
credit_classification_train_002528,1
credit_classification_train_002529,2
credit_classification_train_002530,4
credit_classification_train_002531,0
credit_classification_train_002532,0
credit_classification_train_002533,4
credit_classification_train_002534,4
credit_classification_train_002535,1
credit_classification_train_002536,0
credit_classification_train_002537,4
credit_classification_train_002538,4
credit_classification_train_002539,2
credit_classification_train_002540,1
credit_classification_train_002541,4
credit_classification_train_002542,3
credit_classification_train_002543,1
credit_classification_train_002544,2
credit_classification_train_002545,2
credit_classification_train_002546,1
credit_classification_train_002547,1
credit_classification_train_002548,1
credit_classification_train_002549,0
credit_classification_train_002550,0
credit_classification_train_002551,1
credit_classification_train_002552,0
credit_classification_train_002553,0
credit_classification_train_002554,0
credit_classification_train_002555,4
credit_classification_train_002556,1
credit_classification_train_002557,0
credit_classification_train_002558,0
credit_classification_train_002559,4
credit_classification_train_002560,4
credit_classification_train_002561,4
credit_classification_train_002562,0
credit_classification_train_002563,1
credit_classification_train_002564,2
credit_classification_train_002565,2
credit_classification_train_002566,2
credit_classification_train_002567,0
credit_classification_train_002568,2
credit_classification_train_002569,4
credit_classification_train_002570,3
credit_classification_train_002571,2
credit_classification_train_002572,3
credit_classification_train_002573,2
credit_classification_train_002574,3
credit_classification_train_002575,1
credit_classification_train_002576,3
credit_classification_train_002577,3
credit_classification_train_002578,0
credit_classification_train_002579,3
credit_classification_train_002580,2
credit_classification_train_002581,3
credit_classification_train_002582,0
credit_classification_train_002583,1
credit_classification_train_002584,0
credit_classification_train_002585,3
credit_classification_train_002586,1
credit_classification_train_002587,4
credit_classification_train_002588,3
credit_classification_train_002589,4
credit_classification_train_002590,4
credit_classification_train_002591,0
credit_classification_train_002592,4
credit_classification_train_002593,2
credit_classification_train_002594,4
credit_classification_train_002595,4
credit_classification_train_002596,3
credit_classification_train_002597,1
credit_classification_train_002598,3
credit_classification_train_002599,3
credit_classification_train_002600,2
credit_classification_train_002601,3
credit_classification_train_002602,2
credit_classification_train_002603,1
credit_classification_train_002604,0
credit_classification_train_002605,3
credit_classification_train_002606,1
credit_classification_train_002607,2
credit_classification_train_002608,0
credit_classification_train_002609,3
credit_classification_train_002610,0
credit_classification_train_002611,1
credit_classification_train_002612,3
credit_classification_train_002613,3
credit_classification_train_002614,2
credit_classification_train_002615,0
credit_classification_train_002616,1
credit_classification_train_002617,2
credit_classification_train_002618,0
credit_classification_train_002619,0
credit_classification_train_002620,4
credit_classification_train_002621,0
credit_classification_train_002622,3
credit_classification_train_002623,2
credit_classification_train_002624,3
credit_classification_train_002625,3
credit_classification_train_002626,4
credit_classification_train_002627,3
credit_classification_train_002628,0
credit_classification_train_002629,0
credit_classification_train_002630,0
credit_classification_train_002631,0
credit_classification_train_002632,0
credit_classification_train_002633,4
credit_classification_train_002634,0
credit_classification_train_002635,0
credit_classification_train_002636,0
credit_classification_train_002637,0
credit_classification_train_002638,1
credit_classification_train_002639,2
credit_classification_train_002640,2
credit_classification_train_002641,4
credit_classification_train_002642,0
credit_classification_train_002643,4
credit_classification_train_002644,0
credit_classification_train_002645,2
credit_classification_train_002646,4
credit_classification_train_002647,0
credit_classification_train_002648,0
credit_classification_train_002649,2
credit_classification_train_002650,0
credit_classification_train_002651,1
credit_classification_train_002652,3
credit_classification_train_002653,0
credit_classification_train_002654,2
credit_classification_train_002655,2
credit_classification_train_002656,1
credit_classification_train_002657,2
credit_classification_train_002658,2
credit_classification_train_002659,3
credit_classification_train_002660,2
credit_classification_train_002661,2
credit_classification_train_002662,4
credit_classification_train_002663,1
credit_classification_train_002664,4
credit_classification_train_002665,4
credit_classification_train_002666,2
credit_classification_train_002667,2
credit_classification_train_002668,1
credit_classification_train_002669,4
credit_classification_train_002670,1
credit_classification_train_002671,0
credit_classification_train_002672,0
credit_classification_train_002673,4
credit_classification_train_002674,4
credit_classification_train_002675,3
credit_classification_train_002676,0
credit_classification_train_002677,0
credit_classification_train_002678,0
credit_classification_train_002679,0
credit_classification_train_002680,4
credit_classification_train_002681,2
credit_classification_train_002682,1
credit_classification_train_002683,4
credit_classification_train_002684,0
credit_classification_train_002685,3
credit_classification_train_002686,2
credit_classification_train_002687,1
credit_classification_train_002688,4
credit_classification_train_002689,3
credit_classification_train_002690,4
credit_classification_train_002691,4
credit_classification_train_002692,0
credit_classification_train_002693,1
credit_classification_train_002694,3
credit_classification_train_002695,2
credit_classification_train_002696,0
credit_classification_train_002697,4
credit_classification_train_002698,1
credit_classification_train_002699,4
credit_classification_train_002700,0
credit_classification_train_002701,0
credit_classification_train_002702,2
credit_classification_train_002703,0
credit_classification_train_002704,4
credit_classification_train_002705,3
credit_classification_train_002706,1
credit_classification_train_002707,4
credit_classification_train_002708,2
credit_classification_train_002709,0
credit_classification_train_002710,4
credit_classification_train_002711,2
credit_classification_train_002712,0
credit_classification_train_002713,2
credit_classification_train_002714,1
credit_classification_train_002715,0
credit_classification_train_002716,2
credit_classification_train_002717,0
credit_classification_train_002718,4
credit_classification_train_002719,0
credit_classification_train_002720,4
credit_classification_train_002721,2
credit_classification_train_002722,2
credit_classification_train_002723,4
credit_classification_train_002724,1
credit_classification_train_002725,1
credit_classification_train_002726,4
credit_classification_train_002727,4
credit_classification_train_002728,3
credit_classification_train_002729,0
credit_classification_train_002730,3
credit_classification_train_002731,2
credit_classification_train_002732,2
credit_classification_train_002733,1
credit_classification_train_002734,4
credit_classification_train_002735,0
credit_classification_train_002736,1
credit_classification_train_002737,3
credit_classification_train_002738,0
credit_classification_train_002739,0
credit_classification_train_002740,1
credit_classification_train_002741,1
credit_classification_train_002742,3
credit_classification_train_002743,1
credit_classification_train_002744,4
credit_classification_train_002745,1
credit_classification_train_002746,3
credit_classification_train_002747,1
credit_classification_train_002748,2
credit_classification_train_002749,4
credit_classification_train_002750,0
credit_classification_train_002751,1
credit_classification_train_002752,4
credit_classification_train_002753,2
credit_classification_train_002754,4
credit_classification_train_002755,4
credit_classification_train_002756,1
credit_classification_train_002757,0
credit_classification_train_002758,4
credit_classification_train_002759,3
credit_classification_train_002760,3
credit_classification_train_002761,2
credit_classification_train_002762,4
credit_classification_train_002763,3
credit_classification_train_002764,2
credit_classification_train_002765,4
credit_classification_train_002766,0
credit_classification_train_002767,1
credit_classification_train_002768,3
credit_classification_train_002769,3
credit_classification_train_002770,2
credit_classification_train_002771,0
credit_classification_train_002772,1
credit_classification_train_002773,1
credit_classification_train_002774,3
credit_classification_train_002775,1
credit_classification_train_002776,3
credit_classification_train_002777,1
credit_classification_train_002778,1
credit_classification_train_002779,0
credit_classification_train_002780,0
credit_classification_train_002781,0
credit_classification_train_002782,2
credit_classification_train_002783,2
credit_classification_train_002784,0
credit_classification_train_002785,4
credit_classification_train_002786,3
credit_classification_train_002787,4
credit_classification_train_002788,3
credit_classification_train_002789,1
credit_classification_train_002790,2
credit_classification_train_002791,0
credit_classification_train_002792,4
credit_classification_train_002793,1
credit_classification_train_002794,2
credit_classification_train_002795,3
credit_classification_train_002796,0
credit_classification_train_002797,2
credit_classification_train_002798,1
credit_classification_train_002799,4
credit_classification_train_002800,4
credit_classification_train_002801,2
credit_classification_train_002802,3
credit_classification_train_002803,4
credit_classification_train_002804,3
credit_classification_train_002805,3
credit_classification_train_002806,3
credit_classification_train_002807,4
credit_classification_train_002808,0
credit_classification_train_002809,0
credit_classification_train_002810,3
credit_classification_train_002811,0
credit_classification_train_002812,2
credit_classification_train_002813,0
credit_classification_train_002814,2
credit_classification_train_002815,1
credit_classification_train_002816,3
credit_classification_train_002817,2
credit_classification_train_002818,0
credit_classification_train_002819,0
credit_classification_train_002820,2
credit_classification_train_002821,4
credit_classification_train_002822,3
credit_classification_train_002823,3
credit_classification_train_002824,3
credit_classification_train_002825,4
credit_classification_train_002826,4
credit_classification_train_002827,1
credit_classification_train_002828,3
credit_classification_train_002829,0
credit_classification_train_002830,0
credit_classification_train_002831,4
credit_classification_train_002832,2
credit_classification_train_002833,3
credit_classification_train_002834,2
credit_classification_train_002835,1
credit_classification_train_002836,0
credit_classification_train_002837,3
credit_classification_train_002838,4
credit_classification_train_002839,2
credit_classification_train_002840,3
credit_classification_train_002841,0
credit_classification_train_002842,2
credit_classification_train_002843,3
credit_classification_train_002844,4
credit_classification_train_002845,0
credit_classification_train_002846,0
credit_classification_train_002847,2
credit_classification_train_002848,2
credit_classification_train_002849,1
credit_classification_train_002850,1
credit_classification_train_002851,1
credit_classification_train_002852,0
credit_classification_train_002853,2
credit_classification_train_002854,2
credit_classification_train_002855,4
credit_classification_train_002856,4
credit_classification_train_002857,4
credit_classification_train_002858,0
credit_classification_train_002859,4
credit_classification_train_002860,1
credit_classification_train_002861,2
credit_classification_train_002862,0
credit_classification_train_002863,3
credit_classification_train_002864,0
credit_classification_train_002865,0
credit_classification_train_002866,3
credit_classification_train_002867,4
credit_classification_train_002868,3
credit_classification_train_002869,2
credit_classification_train_002870,2
credit_classification_train_002871,0
credit_classification_train_002872,1
credit_classification_train_002873,3
credit_classification_train_002874,4
credit_classification_train_002875,4
credit_classification_train_002876,3
credit_classification_train_002877,2
credit_classification_train_002878,2
credit_classification_train_002879,4
credit_classification_train_002880,1
credit_classification_train_002881,3
credit_classification_train_002882,0
credit_classification_train_002883,2
credit_classification_train_002884,4
credit_classification_train_002885,0
credit_classification_train_002886,2
credit_classification_train_002887,1
credit_classification_train_002888,4
credit_classification_train_002889,1
credit_classification_train_002890,2
credit_classification_train_002891,3
credit_classification_train_002892,0
credit_classification_train_002893,4
credit_classification_train_002894,3
credit_classification_train_002895,4
credit_classification_train_002896,4
credit_classification_train_002897,4
credit_classification_train_002898,0
credit_classification_train_002899,1
credit_classification_train_002900,0
credit_classification_train_002901,3
credit_classification_train_002902,3
credit_classification_train_002903,4
credit_classification_train_002904,3
credit_classification_train_002905,1
credit_classification_train_002906,0
credit_classification_train_002907,4
credit_classification_train_002908,1
credit_classification_train_002909,3
credit_classification_train_002910,2
credit_classification_train_002911,2
credit_classification_train_002912,1
credit_classification_train_002913,1
credit_classification_train_002914,3
credit_classification_train_002915,1
credit_classification_train_002916,0
credit_classification_train_002917,2
credit_classification_train_002918,3
credit_classification_train_002919,3
credit_classification_train_002920,3
credit_classification_train_002921,4
credit_classification_train_002922,2
credit_classification_train_002923,2
credit_classification_train_002924,3
credit_classification_train_002925,2
credit_classification_train_002926,0
credit_classification_train_002927,3
credit_classification_train_002928,1
credit_classification_train_002929,0
credit_classification_train_002930,1
credit_classification_train_002931,4
credit_classification_train_002932,0
credit_classification_train_002933,1
credit_classification_train_002934,3
credit_classification_train_002935,1
credit_classification_train_002936,1
credit_classification_train_002937,2
credit_classification_train_002938,2
credit_classification_train_002939,2
credit_classification_train_002940,2
credit_classification_train_002941,2
credit_classification_train_002942,2
credit_classification_train_002943,3
credit_classification_train_002944,2
credit_classification_train_002945,0
credit_classification_train_002946,0
credit_classification_train_002947,0
credit_classification_train_002948,0
credit_classification_train_002949,4
credit_classification_train_002950,3
credit_classification_train_002951,2
credit_classification_train_002952,4
credit_classification_train_002953,0
credit_classification_train_002954,4
credit_classification_train_002955,3
credit_classification_train_002956,2
credit_classification_train_002957,1
credit_classification_train_002958,4
credit_classification_train_002959,3
credit_classification_train_002960,2
credit_classification_train_002961,2
credit_classification_train_002962,4
credit_classification_train_002963,1
credit_classification_train_002964,0
credit_classification_train_002965,3
credit_classification_train_002966,1
credit_classification_train_002967,0
credit_classification_train_002968,1
credit_classification_train_002969,4
credit_classification_train_002970,0
credit_classification_train_002971,0
credit_classification_train_002972,4
credit_classification_train_002973,1
credit_classification_train_002974,2
credit_classification_train_002975,1
credit_classification_train_002976,2
credit_classification_train_002977,0
credit_classification_train_002978,2
credit_classification_train_002979,2
credit_classification_train_002980,0
credit_classification_train_002981,4
credit_classification_train_002982,3
credit_classification_train_002983,1
credit_classification_train_002984,3
credit_classification_train_002985,1
credit_classification_train_002986,0
credit_classification_train_002987,0
credit_classification_train_002988,2
credit_classification_train_002989,1
credit_classification_train_002990,1
credit_classification_train_002991,3
credit_classification_train_002992,2
credit_classification_train_002993,3
credit_classification_train_002994,3
credit_classification_train_002995,1
credit_classification_train_002996,3
credit_classification_train_002997,2
credit_classification_train_002998,3
credit_classification_train_002999,2
credit_classification_train_003000,4
credit_classification_train_003001,2
credit_classification_train_003002,2
credit_classification_train_003003,4
credit_classification_train_003004,2
credit_classification_train_003005,2
credit_classification_train_003006,3
credit_classification_train_003007,2
credit_classification_train_003008,0
credit_classification_train_003009,2
credit_classification_train_003010,4
credit_classification_train_003011,2
credit_classification_train_003012,1
credit_classification_train_003013,2
credit_classification_train_003014,0
credit_classification_train_003015,2
credit_classification_train_003016,3
credit_classification_train_003017,0
credit_classification_train_003018,4
credit_classification_train_003019,1
credit_classification_train_003020,3
credit_classification_train_003021,1
credit_classification_train_003022,2
credit_classification_train_003023,4
credit_classification_train_003024,3
credit_classification_train_003025,3
credit_classification_train_003026,2
credit_classification_train_003027,4
credit_classification_train_003028,1
credit_classification_train_003029,4
credit_classification_train_003030,1
credit_classification_train_003031,0
credit_classification_train_003032,2
credit_classification_train_003033,1
credit_classification_train_003034,4
credit_classification_train_003035,2
credit_classification_train_003036,4
credit_classification_train_003037,3
credit_classification_train_003038,3
credit_classification_train_003039,2
credit_classification_train_003040,2
credit_classification_train_003041,4
credit_classification_train_003042,4
credit_classification_train_003043,3
credit_classification_train_003044,3
credit_classification_train_003045,0
credit_classification_train_003046,0
credit_classification_train_003047,2
credit_classification_train_003048,3
credit_classification_train_003049,2
credit_classification_train_003050,4
credit_classification_train_003051,4
credit_classification_train_003052,4
credit_classification_train_003053,1
credit_classification_train_003054,2
credit_classification_train_003055,3
credit_classification_train_003056,1
credit_classification_train_003057,0
credit_classification_train_003058,2
credit_classification_train_003059,2
credit_classification_train_003060,2
credit_classification_train_003061,2
credit_classification_train_003062,3
credit_classification_train_003063,2
credit_classification_train_003064,3
credit_classification_train_003065,2
credit_classification_train_003066,3
credit_classification_train_003067,3
credit_classification_train_003068,3
credit_classification_train_003069,1
credit_classification_train_003070,1
credit_classification_train_003071,0
credit_classification_train_003072,4
credit_classification_train_003073,0
credit_classification_train_003074,0
credit_classification_train_003075,4
credit_classification_train_003076,0
credit_classification_train_003077,1
credit_classification_train_003078,1
credit_classification_train_003079,1
credit_classification_train_003080,4
credit_classification_train_003081,3
credit_classification_train_003082,0
credit_classification_train_003083,0
credit_classification_train_003084,3
credit_classification_train_003085,4
credit_classification_train_003086,2
credit_classification_train_003087,1
credit_classification_train_003088,0
credit_classification_train_003089,2
credit_classification_train_003090,4
credit_classification_train_003091,1
credit_classification_train_003092,2
credit_classification_train_003093,0
credit_classification_train_003094,2
credit_classification_train_003095,1
credit_classification_train_003096,1
credit_classification_train_003097,3
credit_classification_train_003098,0
credit_classification_train_003099,4
credit_classification_train_003100,4
credit_classification_train_003101,2
credit_classification_train_003102,4
credit_classification_train_003103,0
credit_classification_train_003104,2
credit_classification_train_003105,4
credit_classification_train_003106,1
credit_classification_train_003107,0
credit_classification_train_003108,3
credit_classification_train_003109,2
credit_classification_train_003110,1
credit_classification_train_003111,4
credit_classification_train_003112,2
credit_classification_train_003113,0
credit_classification_train_003114,1
credit_classification_train_003115,3
credit_classification_train_003116,4
credit_classification_train_003117,4
credit_classification_train_003118,3
credit_classification_train_003119,4
credit_classification_train_003120,2
credit_classification_train_003121,3
credit_classification_train_003122,2
credit_classification_train_003123,2
credit_classification_train_003124,4
credit_classification_train_003125,0
credit_classification_train_003126,2
credit_classification_train_003127,0
credit_classification_train_003128,2
credit_classification_train_003129,1
credit_classification_train_003130,0
credit_classification_train_003131,4
credit_classification_train_003132,0
credit_classification_train_003133,2
credit_classification_train_003134,4
credit_classification_train_003135,0
credit_classification_train_003136,2
credit_classification_train_003137,1
credit_classification_train_003138,3
credit_classification_train_003139,0
credit_classification_train_003140,2
credit_classification_train_003141,0
credit_classification_train_003142,3
credit_classification_train_003143,2
credit_classification_train_003144,4
credit_classification_train_003145,3
credit_classification_train_003146,3
credit_classification_train_003147,0
credit_classification_train_003148,4
credit_classification_train_003149,0
credit_classification_train_003150,3
credit_classification_train_003151,4
credit_classification_train_003152,4
credit_classification_train_003153,3
credit_classification_train_003154,4
credit_classification_train_003155,3
credit_classification_train_003156,4
credit_classification_train_003157,3
credit_classification_train_003158,2
credit_classification_train_003159,4
credit_classification_train_003160,1
credit_classification_train_003161,1
credit_classification_train_003162,0
credit_classification_train_003163,0
credit_classification_train_003164,4
credit_classification_train_003165,0
credit_classification_train_003166,2
credit_classification_train_003167,4
credit_classification_train_003168,1
credit_classification_train_003169,0
credit_classification_train_003170,2
credit_classification_train_003171,4
credit_classification_train_003172,1
credit_classification_train_003173,3
credit_classification_train_003174,4
credit_classification_train_003175,3
credit_classification_train_003176,0
credit_classification_train_003177,2
credit_classification_train_003178,0
credit_classification_train_003179,4
credit_classification_train_003180,0
credit_classification_train_003181,4
credit_classification_train_003182,4
credit_classification_train_003183,3
credit_classification_train_003184,4
credit_classification_train_003185,3
credit_classification_train_003186,0
credit_classification_train_003187,0
credit_classification_train_003188,1
credit_classification_train_003189,2
credit_classification_train_003190,4
credit_classification_train_003191,0
credit_classification_train_003192,3
credit_classification_train_003193,3
credit_classification_train_003194,0
credit_classification_train_003195,1
credit_classification_train_003196,4
credit_classification_train_003197,0
credit_classification_train_003198,0
credit_classification_train_003199,0
credit_classification_train_003200,1
credit_classification_train_003201,4
credit_classification_train_003202,1
credit_classification_train_003203,4
credit_classification_train_003204,2
credit_classification_train_003205,3
credit_classification_train_003206,4
credit_classification_train_003207,1
credit_classification_train_003208,1
credit_classification_train_003209,3
credit_classification_train_003210,1
credit_classification_train_003211,1
credit_classification_train_003212,2
credit_classification_train_003213,1
credit_classification_train_003214,3
credit_classification_train_003215,4
credit_classification_train_003216,0
credit_classification_train_003217,2
credit_classification_train_003218,2
credit_classification_train_003219,3
credit_classification_train_003220,1
credit_classification_train_003221,0
credit_classification_train_003222,3
credit_classification_train_003223,3
credit_classification_train_003224,1
credit_classification_train_003225,3
credit_classification_train_003226,3
credit_classification_train_003227,2
credit_classification_train_003228,4
credit_classification_train_003229,2
credit_classification_train_003230,2
credit_classification_train_003231,4
credit_classification_train_003232,2
credit_classification_train_003233,3
credit_classification_train_003234,2
credit_classification_train_003235,4
credit_classification_train_003236,1
credit_classification_train_003237,3
credit_classification_train_003238,4
credit_classification_train_003239,1
credit_classification_train_003240,1
credit_classification_train_003241,4
credit_classification_train_003242,1
credit_classification_train_003243,0
credit_classification_train_003244,3
credit_classification_train_003245,4
credit_classification_train_003246,2
credit_classification_train_003247,1
credit_classification_train_003248,1
credit_classification_train_003249,4
credit_classification_train_003250,3
credit_classification_train_003251,0
credit_classification_train_003252,2
credit_classification_train_003253,2
credit_classification_train_003254,0
credit_classification_train_003255,0
credit_classification_train_003256,1
credit_classification_train_003257,3
credit_classification_train_003258,0
credit_classification_train_003259,2
credit_classification_train_003260,0
credit_classification_train_003261,1
credit_classification_train_003262,3
credit_classification_train_003263,0
credit_classification_train_003264,3
credit_classification_train_003265,3
credit_classification_train_003266,3
credit_classification_train_003267,1
credit_classification_train_003268,0
credit_classification_train_003269,3
credit_classification_train_003270,4
credit_classification_train_003271,0
credit_classification_train_003272,2
credit_classification_train_003273,3
credit_classification_train_003274,4
credit_classification_train_003275,4
credit_classification_train_003276,1
credit_classification_train_003277,2
credit_classification_train_003278,4
credit_classification_train_003279,3
credit_classification_train_003280,3
credit_classification_train_003281,0
credit_classification_train_003282,0
credit_classification_train_003283,4
credit_classification_train_003284,2
credit_classification_train_003285,4
credit_classification_train_003286,1
credit_classification_train_003287,2
credit_classification_train_003288,2
credit_classification_train_003289,4
credit_classification_train_003290,3
credit_classification_train_003291,1
credit_classification_train_003292,4
credit_classification_train_003293,0
credit_classification_train_003294,4
credit_classification_train_003295,1
credit_classification_train_003296,3
credit_classification_train_003297,3
credit_classification_train_003298,0
credit_classification_train_003299,1
credit_classification_train_003300,1
credit_classification_train_003301,3
credit_classification_train_003302,2
credit_classification_train_003303,2
credit_classification_train_003304,1
credit_classification_train_003305,1
credit_classification_train_003306,2
credit_classification_train_003307,0
credit_classification_train_003308,3
credit_classification_train_003309,0
credit_classification_train_003310,3
credit_classification_train_003311,2
credit_classification_train_003312,3
credit_classification_train_003313,2
credit_classification_train_003314,4
credit_classification_train_003315,4
credit_classification_train_003316,2
credit_classification_train_003317,2
credit_classification_train_003318,4
credit_classification_train_003319,4
credit_classification_train_003320,1
credit_classification_train_003321,2
credit_classification_train_003322,3
credit_classification_train_003323,0
credit_classification_train_003324,1
credit_classification_train_003325,0
credit_classification_train_003326,0
credit_classification_train_003327,2
credit_classification_train_003328,1
credit_classification_train_003329,3
credit_classification_train_003330,3
credit_classification_train_003331,2
credit_classification_train_003332,1
credit_classification_train_003333,0
credit_classification_train_003334,4
credit_classification_train_003335,3
credit_classification_train_003336,2
credit_classification_train_003337,4
credit_classification_train_003338,4
credit_classification_train_003339,1
credit_classification_train_003340,0
credit_classification_train_003341,2
credit_classification_train_003342,0
credit_classification_train_003343,4
credit_classification_train_003344,0
credit_classification_train_003345,2
credit_classification_train_003346,4
credit_classification_train_003347,0
credit_classification_train_003348,1
credit_classification_train_003349,1
credit_classification_train_003350,0
credit_classification_train_003351,4
credit_classification_train_003352,1
credit_classification_train_003353,3
credit_classification_train_003354,4
credit_classification_train_003355,4
credit_classification_train_003356,4
credit_classification_train_003357,4
credit_classification_train_003358,2
credit_classification_train_003359,3
credit_classification_train_003360,0
credit_classification_train_003361,1
credit_classification_train_003362,2
credit_classification_train_003363,4
credit_classification_train_003364,0
credit_classification_train_003365,2
credit_classification_train_003366,3
credit_classification_train_003367,0
credit_classification_train_003368,2
credit_classification_train_003369,1
credit_classification_train_003370,3
credit_classification_train_003371,1
credit_classification_train_003372,0
credit_classification_train_003373,2
credit_classification_train_003374,3
credit_classification_train_003375,0
credit_classification_train_003376,3
credit_classification_train_003377,2
credit_classification_train_003378,4
credit_classification_train_003379,3
credit_classification_train_003380,2
credit_classification_train_003381,0
credit_classification_train_003382,2
credit_classification_train_003383,3
credit_classification_train_003384,3
credit_classification_train_003385,1
credit_classification_train_003386,1
credit_classification_train_003387,4
credit_classification_train_003388,3
credit_classification_train_003389,1
credit_classification_train_003390,2
credit_classification_train_003391,3
credit_classification_train_003392,4
credit_classification_train_003393,2
credit_classification_train_003394,4
credit_classification_train_003395,0
credit_classification_train_003396,0
credit_classification_train_003397,4
credit_classification_train_003398,3
credit_classification_train_003399,2
credit_classification_train_003400,1
credit_classification_train_003401,2
credit_classification_train_003402,1
credit_classification_train_003403,2
credit_classification_train_003404,0
credit_classification_train_003405,2
credit_classification_train_003406,1
credit_classification_train_003407,0
credit_classification_train_003408,1
credit_classification_train_003409,4
credit_classification_train_003410,4
credit_classification_train_003411,1
credit_classification_train_003412,1
credit_classification_train_003413,3
credit_classification_train_003414,1
credit_classification_train_003415,3
credit_classification_train_003416,1
credit_classification_train_003417,3
credit_classification_train_003418,4
credit_classification_train_003419,2
credit_classification_train_003420,2
credit_classification_train_003421,3
credit_classification_train_003422,2
credit_classification_train_003423,1
credit_classification_train_003424,0
credit_classification_train_003425,3
credit_classification_train_003426,1
credit_classification_train_003427,1
credit_classification_train_003428,4
credit_classification_train_003429,0
credit_classification_train_003430,4
credit_classification_train_003431,0
credit_classification_train_003432,4
credit_classification_train_003433,4
credit_classification_train_003434,0
credit_classification_train_003435,1
credit_classification_train_003436,0
credit_classification_train_003437,4
credit_classification_train_003438,3
credit_classification_train_003439,1
credit_classification_train_003440,1
credit_classification_train_003441,1
credit_classification_train_003442,2
credit_classification_train_003443,2
credit_classification_train_003444,3
credit_classification_train_003445,1
credit_classification_train_003446,4
credit_classification_train_003447,2
credit_classification_train_003448,2
credit_classification_train_003449,1
credit_classification_train_003450,4
credit_classification_train_003451,2
credit_classification_train_003452,3
credit_classification_train_003453,3
credit_classification_train_003454,0
credit_classification_train_003455,4
credit_classification_train_003456,1
credit_classification_train_003457,1
credit_classification_train_003458,2
credit_classification_train_003459,0
credit_classification_train_003460,0
credit_classification_train_003461,4
credit_classification_train_003462,1
credit_classification_train_003463,2
credit_classification_train_003464,3
credit_classification_train_003465,4
credit_classification_train_003466,2
credit_classification_train_003467,4
credit_classification_train_003468,3
credit_classification_train_003469,0
credit_classification_train_003470,3
credit_classification_train_003471,3
credit_classification_train_003472,1
credit_classification_train_003473,0
credit_classification_train_003474,2
credit_classification_train_003475,2
credit_classification_train_003476,2
credit_classification_train_003477,2
credit_classification_train_003478,0
credit_classification_train_003479,3
credit_classification_train_003480,4
credit_classification_train_003481,4
credit_classification_train_003482,2
credit_classification_train_003483,4
credit_classification_train_003484,3
credit_classification_train_003485,4
credit_classification_train_003486,2
credit_classification_train_003487,0
credit_classification_train_003488,4
credit_classification_train_003489,1
credit_classification_train_003490,0
credit_classification_train_003491,3
credit_classification_train_003492,1
credit_classification_train_003493,3
credit_classification_train_003494,1
credit_classification_train_003495,1
credit_classification_train_003496,1
credit_classification_train_003497,4
credit_classification_train_003498,1
credit_classification_train_003499,3
credit_classification_train_003500,0
credit_classification_train_003501,3
credit_classification_train_003502,2
credit_classification_train_003503,0
credit_classification_train_003504,4
credit_classification_train_003505,2
credit_classification_train_003506,3
credit_classification_train_003507,4
credit_classification_train_003508,3
credit_classification_train_003509,2
credit_classification_train_003510,0
credit_classification_train_003511,2
credit_classification_train_003512,4
credit_classification_train_003513,0
credit_classification_train_003514,2
credit_classification_train_003515,3
credit_classification_train_003516,2
credit_classification_train_003517,3
credit_classification_train_003518,4
credit_classification_train_003519,4
credit_classification_train_003520,1
credit_classification_train_003521,0
credit_classification_train_003522,4
credit_classification_train_003523,1
credit_classification_train_003524,0
credit_classification_train_003525,2
credit_classification_train_003526,4
credit_classification_train_003527,0
credit_classification_train_003528,2
credit_classification_train_003529,0
credit_classification_train_003530,1
credit_classification_train_003531,3
credit_classification_train_003532,3
credit_classification_train_003533,1
credit_classification_train_003534,4
credit_classification_train_003535,3
credit_classification_train_003536,4
credit_classification_train_003537,0
credit_classification_train_003538,4
credit_classification_train_003539,3
credit_classification_train_003540,4
credit_classification_train_003541,2
credit_classification_train_003542,4
credit_classification_train_003543,2
credit_classification_train_003544,1
credit_classification_train_003545,2
credit_classification_train_003546,2
credit_classification_train_003547,0
credit_classification_train_003548,1
credit_classification_train_003549,0
credit_classification_train_003550,2
credit_classification_train_003551,1
credit_classification_train_003552,3
credit_classification_train_003553,0
credit_classification_train_003554,1
credit_classification_train_003555,2
credit_classification_train_003556,3
credit_classification_train_003557,0
credit_classification_train_003558,0
credit_classification_train_003559,4
credit_classification_train_003560,3
credit_classification_train_003561,3
credit_classification_train_003562,4
credit_classification_train_003563,1
credit_classification_train_003564,2
credit_classification_train_003565,2
credit_classification_train_003566,1
credit_classification_train_003567,0
credit_classification_train_003568,0
credit_classification_train_003569,2
credit_classification_train_003570,3
credit_classification_train_003571,2
credit_classification_train_003572,1
credit_classification_train_003573,3
credit_classification_train_003574,3
credit_classification_train_003575,4
credit_classification_train_003576,3
credit_classification_train_003577,1
credit_classification_train_003578,4
credit_classification_train_003579,2
credit_classification_train_003580,2
credit_classification_train_003581,3
credit_classification_train_003582,3
credit_classification_train_003583,4
credit_classification_train_003584,2
credit_classification_train_003585,0
credit_classification_train_003586,2
credit_classification_train_003587,0
credit_classification_train_003588,1
credit_classification_train_003589,2
credit_classification_train_003590,4
credit_classification_train_003591,4
credit_classification_train_003592,2
credit_classification_train_003593,0
credit_classification_train_003594,1
credit_classification_train_003595,2
credit_classification_train_003596,1
credit_classification_train_003597,4
credit_classification_train_003598,1
credit_classification_train_003599,2
credit_classification_train_003600,0
credit_classification_train_003601,0
credit_classification_train_003602,3
credit_classification_train_003603,4
credit_classification_train_003604,3
credit_classification_train_003605,2
credit_classification_train_003606,4
credit_classification_train_003607,2
credit_classification_train_003608,2
credit_classification_train_003609,0
credit_classification_train_003610,3
credit_classification_train_003611,0
credit_classification_train_003612,4
credit_classification_train_003613,2
credit_classification_train_003614,2
credit_classification_train_003615,2
credit_classification_train_003616,4
credit_classification_train_003617,2
credit_classification_train_003618,4
credit_classification_train_003619,1
credit_classification_train_003620,0
credit_classification_train_003621,1
credit_classification_train_003622,2
credit_classification_train_003623,0
credit_classification_train_003624,1
credit_classification_train_003625,2
credit_classification_train_003626,2
credit_classification_train_003627,1
credit_classification_train_003628,4
credit_classification_train_003629,2
credit_classification_train_003630,3
credit_classification_train_003631,0
credit_classification_train_003632,2
credit_classification_train_003633,2
credit_classification_train_003634,2
credit_classification_train_003635,3
credit_classification_train_003636,0
credit_classification_train_003637,1
credit_classification_train_003638,2
credit_classification_train_003639,1
credit_classification_train_003640,0
credit_classification_train_003641,2
credit_classification_train_003642,3
credit_classification_train_003643,0
credit_classification_train_003644,0
credit_classification_train_003645,2
credit_classification_train_003646,2
credit_classification_train_003647,2
credit_classification_train_003648,2
credit_classification_train_003649,4
credit_classification_train_003650,2
credit_classification_train_003651,1
credit_classification_train_003652,4
credit_classification_train_003653,0
credit_classification_train_003654,2
credit_classification_train_003655,2
credit_classification_train_003656,1
credit_classification_train_003657,2
credit_classification_train_003658,3
credit_classification_train_003659,3
credit_classification_train_003660,2
credit_classification_train_003661,1
credit_classification_train_003662,2
credit_classification_train_003663,0
credit_classification_train_003664,4
credit_classification_train_003665,3
credit_classification_train_003666,1
credit_classification_train_003667,0
credit_classification_train_003668,3
credit_classification_train_003669,3
credit_classification_train_003670,1
credit_classification_train_003671,4
credit_classification_train_003672,0
credit_classification_train_003673,1
credit_classification_train_003674,0
credit_classification_train_003675,0
credit_classification_train_003676,3
credit_classification_train_003677,1
credit_classification_train_003678,1
credit_classification_train_003679,0
credit_classification_train_003680,2
credit_classification_train_003681,0
credit_classification_train_003682,4
credit_classification_train_003683,2
credit_classification_train_003684,0
credit_classification_train_003685,1
credit_classification_train_003686,2
credit_classification_train_003687,2
credit_classification_train_003688,2
credit_classification_train_003689,0
credit_classification_train_003690,0
credit_classification_train_003691,1
credit_classification_train_003692,4
credit_classification_train_003693,3
credit_classification_train_003694,1
credit_classification_train_003695,2
credit_classification_train_003696,4
credit_classification_train_003697,2
credit_classification_train_003698,4
credit_classification_train_003699,2
credit_classification_train_003700,2
credit_classification_train_003701,1
credit_classification_train_003702,4
credit_classification_train_003703,2
credit_classification_train_003704,1
credit_classification_train_003705,3
credit_classification_train_003706,1
credit_classification_train_003707,3
credit_classification_train_003708,0
credit_classification_train_003709,3
credit_classification_train_003710,4
credit_classification_train_003711,0
credit_classification_train_003712,4
credit_classification_train_003713,3
credit_classification_train_003714,1
credit_classification_train_003715,2
credit_classification_train_003716,2
credit_classification_train_003717,0
credit_classification_train_003718,1
credit_classification_train_003719,0
credit_classification_train_003720,3
credit_classification_train_003721,0
credit_classification_train_003722,4
credit_classification_train_003723,1
credit_classification_train_003724,3
credit_classification_train_003725,4
credit_classification_train_003726,2
credit_classification_train_003727,2
credit_classification_train_003728,2
credit_classification_train_003729,2
credit_classification_train_003730,2
credit_classification_train_003731,0
credit_classification_train_003732,1
credit_classification_train_003733,0
credit_classification_train_003734,4
credit_classification_train_003735,0
credit_classification_train_003736,4
credit_classification_train_003737,3
credit_classification_train_003738,4
credit_classification_train_003739,1
credit_classification_train_003740,2
credit_classification_train_003741,4
credit_classification_train_003742,0
credit_classification_train_003743,0
credit_classification_train_003744,0
credit_classification_train_003745,3
credit_classification_train_003746,1
credit_classification_train_003747,3
credit_classification_train_003748,2
credit_classification_train_003749,4
credit_classification_train_003750,3
credit_classification_train_003751,4
credit_classification_train_003752,3
credit_classification_train_003753,3
credit_classification_train_003754,2
credit_classification_train_003755,3
credit_classification_train_003756,1
credit_classification_train_003757,1
credit_classification_train_003758,0
credit_classification_train_003759,4
credit_classification_train_003760,3
credit_classification_train_003761,3
credit_classification_train_003762,3
credit_classification_train_003763,0
credit_classification_train_003764,2
credit_classification_train_003765,4
credit_classification_train_003766,3
credit_classification_train_003767,3
credit_classification_train_003768,0
credit_classification_train_003769,4
credit_classification_train_003770,1
credit_classification_train_003771,0
credit_classification_train_003772,2
credit_classification_train_003773,0
credit_classification_train_003774,0
credit_classification_train_003775,0
credit_classification_train_003776,0
credit_classification_train_003777,0
credit_classification_train_003778,3
credit_classification_train_003779,3
credit_classification_train_003780,4
credit_classification_train_003781,0
credit_classification_train_003782,3
credit_classification_train_003783,0
credit_classification_train_003784,0
credit_classification_train_003785,1
credit_classification_train_003786,2
credit_classification_train_003787,2
credit_classification_train_003788,0
credit_classification_train_003789,2
credit_classification_train_003790,2
credit_classification_train_003791,4
credit_classification_train_003792,4
credit_classification_train_003793,3
credit_classification_train_003794,3
credit_classification_train_003795,1
credit_classification_train_003796,2
credit_classification_train_003797,3
credit_classification_train_003798,1
credit_classification_train_003799,4
credit_classification_train_003800,4
credit_classification_train_003801,2
credit_classification_train_003802,1
credit_classification_train_003803,0
credit_classification_train_003804,0
credit_classification_train_003805,4
credit_classification_train_003806,2
credit_classification_train_003807,4
credit_classification_train_003808,3
credit_classification_train_003809,1
credit_classification_train_003810,3
credit_classification_train_003811,3
credit_classification_train_003812,2
credit_classification_train_003813,2
credit_classification_train_003814,3
credit_classification_train_003815,4
credit_classification_train_003816,3
credit_classification_train_003817,2
credit_classification_train_003818,2
credit_classification_train_003819,1
credit_classification_train_003820,4
credit_classification_train_003821,0
credit_classification_train_003822,0
credit_classification_train_003823,2
credit_classification_train_003824,0
credit_classification_train_003825,4
credit_classification_train_003826,3
credit_classification_train_003827,4
credit_classification_train_003828,3
credit_classification_train_003829,1
credit_classification_train_003830,4
credit_classification_train_003831,1
credit_classification_train_003832,2
credit_classification_train_003833,3
credit_classification_train_003834,3
credit_classification_train_003835,3
credit_classification_train_003836,3
credit_classification_train_003837,1
credit_classification_train_003838,4
credit_classification_train_003839,4
credit_classification_train_003840,3
credit_classification_train_003841,4
credit_classification_train_003842,3
credit_classification_train_003843,1
credit_classification_train_003844,0
credit_classification_train_003845,1
credit_classification_train_003846,1
credit_classification_train_003847,3
credit_classification_train_003848,0
credit_classification_train_003849,0
credit_classification_train_003850,4
credit_classification_train_003851,1
credit_classification_train_003852,3
credit_classification_train_003853,4
credit_classification_train_003854,4
credit_classification_train_003855,1
credit_classification_train_003856,3
credit_classification_train_003857,3
credit_classification_train_003858,3
credit_classification_train_003859,4
credit_classification_train_003860,3
credit_classification_train_003861,0
credit_classification_train_003862,0
credit_classification_train_003863,2
credit_classification_train_003864,1
credit_classification_train_003865,2
credit_classification_train_003866,3
credit_classification_train_003867,4
credit_classification_train_003868,1
credit_classification_train_003869,4
credit_classification_train_003870,0
credit_classification_train_003871,3
credit_classification_train_003872,4
credit_classification_train_003873,3
credit_classification_train_003874,0
credit_classification_train_003875,4
credit_classification_train_003876,3
credit_classification_train_003877,4
credit_classification_train_003878,1
credit_classification_train_003879,4
credit_classification_train_003880,3
credit_classification_train_003881,4
credit_classification_train_003882,1
credit_classification_train_003883,0
credit_classification_train_003884,2
credit_classification_train_003885,2
credit_classification_train_003886,1
credit_classification_train_003887,3
credit_classification_train_003888,2
credit_classification_train_003889,0
credit_classification_train_003890,1
credit_classification_train_003891,2
credit_classification_train_003892,4
credit_classification_train_003893,3
credit_classification_train_003894,3
credit_classification_train_003895,3
credit_classification_train_003896,4
credit_classification_train_003897,0
credit_classification_train_003898,3
credit_classification_train_003899,3
credit_classification_train_003900,4
credit_classification_train_003901,2
credit_classification_train_003902,1
credit_classification_train_003903,2
credit_classification_train_003904,3
credit_classification_train_003905,2
credit_classification_train_003906,0
credit_classification_train_003907,0
credit_classification_train_003908,1
credit_classification_train_003909,4
credit_classification_train_003910,1
credit_classification_train_003911,1
credit_classification_train_003912,3
credit_classification_train_003913,0
credit_classification_train_003914,2
credit_classification_train_003915,3
credit_classification_train_003916,4
credit_classification_train_003917,4
credit_classification_train_003918,1
credit_classification_train_003919,3
credit_classification_train_003920,0
credit_classification_train_003921,4
credit_classification_train_003922,0
credit_classification_train_003923,3
credit_classification_train_003924,1
credit_classification_train_003925,1
credit_classification_train_003926,4
credit_classification_train_003927,4
credit_classification_train_003928,2
credit_classification_train_003929,1
credit_classification_train_003930,1
credit_classification_train_003931,2
credit_classification_train_003932,4
credit_classification_train_003933,0
credit_classification_train_003934,3
credit_classification_train_003935,2
credit_classification_train_003936,4
credit_classification_train_003937,3
credit_classification_train_003938,3
credit_classification_train_003939,1
credit_classification_train_003940,1
credit_classification_train_003941,2
credit_classification_train_003942,1
credit_classification_train_003943,4
credit_classification_train_003944,1
credit_classification_train_003945,1
credit_classification_train_003946,1
credit_classification_train_003947,1
credit_classification_train_003948,1
credit_classification_train_003949,4
credit_classification_train_003950,3
credit_classification_train_003951,2
credit_classification_train_003952,0
credit_classification_train_003953,3
credit_classification_train_003954,4
credit_classification_train_003955,0
credit_classification_train_003956,4
credit_classification_train_003957,0
credit_classification_train_003958,3
credit_classification_train_003959,2
credit_classification_train_003960,3
credit_classification_train_003961,4
credit_classification_train_003962,1
credit_classification_train_003963,1
credit_classification_train_003964,0
credit_classification_train_003965,1
credit_classification_train_003966,2
credit_classification_train_003967,0
credit_classification_train_003968,2
credit_classification_train_003969,2
credit_classification_train_003970,1
credit_classification_train_003971,4
credit_classification_train_003972,4
credit_classification_train_003973,0
credit_classification_train_003974,2
credit_classification_train_003975,4
credit_classification_train_003976,3
credit_classification_train_003977,2
credit_classification_train_003978,0
credit_classification_train_003979,2
credit_classification_train_003980,0
credit_classification_train_003981,2
credit_classification_train_003982,4
credit_classification_train_003983,4
credit_classification_train_003984,1
credit_classification_train_003985,2
credit_classification_train_003986,2
credit_classification_train_003987,3
credit_classification_train_003988,3
credit_classification_train_003989,4
credit_classification_train_003990,1
credit_classification_train_003991,1
credit_classification_train_003992,1
credit_classification_train_003993,0
credit_classification_train_003994,2
credit_classification_train_003995,4
credit_classification_train_003996,2
credit_classification_train_003997,2
credit_classification_train_003998,0
credit_classification_train_003999,1
credit_classification_train_004000,4
credit_classification_train_004001,2
credit_classification_train_004002,3
credit_classification_train_004003,0
credit_classification_train_004004,4
credit_classification_train_004005,3
credit_classification_train_004006,2
credit_classification_train_004007,1
credit_classification_train_004008,2
credit_classification_train_004009,1
credit_classification_train_004010,1
credit_classification_train_004011,4
credit_classification_train_004012,2
credit_classification_train_004013,1
credit_classification_train_004014,2
credit_classification_train_004015,3
credit_classification_train_004016,3
credit_classification_train_004017,2
credit_classification_train_004018,2
credit_classification_train_004019,0
credit_classification_train_004020,2
credit_classification_train_004021,2
credit_classification_train_004022,4
credit_classification_train_004023,0
credit_classification_train_004024,0
credit_classification_train_004025,0
credit_classification_train_004026,0
credit_classification_train_004027,3
credit_classification_train_004028,3
credit_classification_train_004029,1
credit_classification_train_004030,1
credit_classification_train_004031,1
credit_classification_train_004032,1
credit_classification_train_004033,3
credit_classification_train_004034,1
credit_classification_train_004035,2
credit_classification_train_004036,2
credit_classification_train_004037,3
credit_classification_train_004038,1
credit_classification_train_004039,1
credit_classification_train_004040,1
credit_classification_train_004041,2
credit_classification_train_004042,2
credit_classification_train_004043,3
credit_classification_train_004044,1
credit_classification_train_004045,4
credit_classification_train_004046,3
credit_classification_train_004047,3
credit_classification_train_004048,3
credit_classification_train_004049,4
credit_classification_train_004050,1
credit_classification_train_004051,1
credit_classification_train_004052,1
credit_classification_train_004053,3
credit_classification_train_004054,4
credit_classification_train_004055,4
credit_classification_train_004056,2
credit_classification_train_004057,0
credit_classification_train_004058,3
credit_classification_train_004059,1
credit_classification_train_004060,4
credit_classification_train_004061,0
credit_classification_train_004062,0
credit_classification_train_004063,1
credit_classification_train_004064,2
credit_classification_train_004065,0
credit_classification_train_004066,3
credit_classification_train_004067,0
credit_classification_train_004068,4
credit_classification_train_004069,4
credit_classification_train_004070,0
credit_classification_train_004071,4
credit_classification_train_004072,3
credit_classification_train_004073,1
credit_classification_train_004074,0
credit_classification_train_004075,4
credit_classification_train_004076,2
credit_classification_train_004077,0
credit_classification_train_004078,3
credit_classification_train_004079,3
credit_classification_train_004080,2
credit_classification_train_004081,3
credit_classification_train_004082,0
credit_classification_train_004083,4
credit_classification_train_004084,4
credit_classification_train_004085,4
credit_classification_train_004086,3
credit_classification_train_004087,2
credit_classification_train_004088,4
credit_classification_train_004089,2
credit_classification_train_004090,2
credit_classification_train_004091,0
credit_classification_train_004092,1
credit_classification_train_004093,4
credit_classification_train_004094,3
credit_classification_train_004095,2
credit_classification_train_004096,1
credit_classification_train_004097,3
credit_classification_train_004098,2
credit_classification_train_004099,3
credit_classification_train_004100,3
credit_classification_train_004101,4
credit_classification_train_004102,2
credit_classification_train_004103,0
credit_classification_train_004104,2
credit_classification_train_004105,1
credit_classification_train_004106,3
credit_classification_train_004107,1
credit_classification_train_004108,2
credit_classification_train_004109,2
credit_classification_train_004110,2
credit_classification_train_004111,3
credit_classification_train_004112,1
credit_classification_train_004113,4
credit_classification_train_004114,3
credit_classification_train_004115,3
credit_classification_train_004116,4
credit_classification_train_004117,0
credit_classification_train_004118,4
credit_classification_train_004119,3
credit_classification_train_004120,4
credit_classification_train_004121,0
credit_classification_train_004122,2
credit_classification_train_004123,2
credit_classification_train_004124,0
credit_classification_train_004125,4
credit_classification_train_004126,0
credit_classification_train_004127,3
credit_classification_train_004128,4
credit_classification_train_004129,1
credit_classification_train_004130,3
credit_classification_train_004131,4
credit_classification_train_004132,1
credit_classification_train_004133,1
credit_classification_train_004134,0
credit_classification_train_004135,0
credit_classification_train_004136,0
credit_classification_train_004137,3
credit_classification_train_004138,2
credit_classification_train_004139,0
credit_classification_train_004140,0
credit_classification_train_004141,3
credit_classification_train_004142,3
credit_classification_train_004143,1
credit_classification_train_004144,0
credit_classification_train_004145,2
credit_classification_train_004146,0
credit_classification_train_004147,4
credit_classification_train_004148,0
credit_classification_train_004149,3
credit_classification_train_004150,2
credit_classification_train_004151,0
credit_classification_train_004152,2
credit_classification_train_004153,4
credit_classification_train_004154,3
credit_classification_train_004155,2
credit_classification_train_004156,1
credit_classification_train_004157,3
credit_classification_train_004158,1
credit_classification_train_004159,0
credit_classification_train_004160,1
credit_classification_train_004161,3
credit_classification_train_004162,1
credit_classification_train_004163,0
credit_classification_train_004164,4
credit_classification_train_004165,4
credit_classification_train_004166,1
credit_classification_train_004167,0
credit_classification_train_004168,4
credit_classification_train_004169,2
credit_classification_train_004170,3
credit_classification_train_004171,3
credit_classification_train_004172,2
credit_classification_train_004173,0
credit_classification_train_004174,0
credit_classification_train_004175,4
credit_classification_train_004176,4
credit_classification_train_004177,3
credit_classification_train_004178,3
credit_classification_train_004179,2
credit_classification_train_004180,3
credit_classification_train_004181,4
credit_classification_train_004182,3
credit_classification_train_004183,1
credit_classification_train_004184,3
credit_classification_train_004185,0
credit_classification_train_004186,4
credit_classification_train_004187,3
credit_classification_train_004188,2
credit_classification_train_004189,2
credit_classification_train_004190,2
credit_classification_train_004191,3
credit_classification_train_004192,4
credit_classification_train_004193,2
credit_classification_train_004194,3
credit_classification_train_004195,1
credit_classification_train_004196,2
credit_classification_train_004197,1
credit_classification_train_004198,3
credit_classification_train_004199,3
credit_classification_train_004200,1
credit_classification_train_004201,4
credit_classification_train_004202,3
credit_classification_train_004203,2
credit_classification_train_004204,0
credit_classification_train_004205,2
credit_classification_train_004206,4
credit_classification_train_004207,2
credit_classification_train_004208,3
credit_classification_train_004209,3
credit_classification_train_004210,4
credit_classification_train_004211,1
credit_classification_train_004212,3
credit_classification_train_004213,1
credit_classification_train_004214,2
credit_classification_train_004215,3
credit_classification_train_004216,2
credit_classification_train_004217,1
credit_classification_train_004218,0
credit_classification_train_004219,4
credit_classification_train_004220,0
credit_classification_train_004221,1
credit_classification_train_004222,3
credit_classification_train_004223,2
credit_classification_train_004224,4
credit_classification_train_004225,1
credit_classification_train_004226,4
credit_classification_train_004227,3
credit_classification_train_004228,4
credit_classification_train_004229,4
credit_classification_train_004230,4
credit_classification_train_004231,0
credit_classification_train_004232,3
credit_classification_train_004233,3
credit_classification_train_004234,4
credit_classification_train_004235,2
credit_classification_train_004236,0
credit_classification_train_004237,2
credit_classification_train_004238,0
credit_classification_train_004239,4
credit_classification_train_004240,3
credit_classification_train_004241,0
credit_classification_train_004242,3
credit_classification_train_004243,3
credit_classification_train_004244,3
credit_classification_train_004245,3
credit_classification_train_004246,0
credit_classification_train_004247,0
credit_classification_train_004248,3
credit_classification_train_004249,3
credit_classification_train_004250,0
credit_classification_train_004251,4
credit_classification_train_004252,3
credit_classification_train_004253,3
credit_classification_train_004254,2
credit_classification_train_004255,2
credit_classification_train_004256,1
credit_classification_train_004257,2
credit_classification_train_004258,4
credit_classification_train_004259,4
credit_classification_train_004260,3
credit_classification_train_004261,2
credit_classification_train_004262,4
credit_classification_train_004263,0
credit_classification_train_004264,2
credit_classification_train_004265,4
credit_classification_train_004266,2
credit_classification_train_004267,0
credit_classification_train_004268,0
credit_classification_train_004269,4
credit_classification_train_004270,3
credit_classification_train_004271,4
credit_classification_train_004272,4
credit_classification_train_004273,2
credit_classification_train_004274,0
credit_classification_train_004275,0
credit_classification_train_004276,4
credit_classification_train_004277,1
credit_classification_train_004278,4
credit_classification_train_004279,1
credit_classification_train_004280,4
credit_classification_train_004281,2
credit_classification_train_004282,4
credit_classification_train_004283,2
credit_classification_train_004284,3
credit_classification_train_004285,1
credit_classification_train_004286,4
credit_classification_train_004287,0
credit_classification_train_004288,0
credit_classification_train_004289,3
credit_classification_train_004290,4
credit_classification_train_004291,2
credit_classification_train_004292,1
credit_classification_train_004293,4
credit_classification_train_004294,1
credit_classification_train_004295,3
credit_classification_train_004296,3
credit_classification_train_004297,1
credit_classification_train_004298,0
credit_classification_train_004299,3
credit_classification_train_004300,0
credit_classification_train_004301,1
credit_classification_train_004302,3
credit_classification_train_004303,1
credit_classification_train_004304,1
credit_classification_train_004305,2
credit_classification_train_004306,0
credit_classification_train_004307,3
credit_classification_train_004308,0
credit_classification_train_004309,1
credit_classification_train_004310,4
credit_classification_train_004311,0
credit_classification_train_004312,3
credit_classification_train_004313,1
credit_classification_train_004314,3
credit_classification_train_004315,4
credit_classification_train_004316,3
credit_classification_train_004317,0
credit_classification_train_004318,3
credit_classification_train_004319,1
credit_classification_train_004320,1
credit_classification_train_004321,3
credit_classification_train_004322,3
credit_classification_train_004323,2
credit_classification_train_004324,1
credit_classification_train_004325,1
credit_classification_train_004326,4
credit_classification_train_004327,1
credit_classification_train_004328,0
credit_classification_train_004329,3
credit_classification_train_004330,0
credit_classification_train_004331,3
credit_classification_train_004332,0
credit_classification_train_004333,2
credit_classification_train_004334,3
credit_classification_train_004335,1
credit_classification_train_004336,0
credit_classification_train_004337,2
credit_classification_train_004338,4
credit_classification_train_004339,2
credit_classification_train_004340,1
credit_classification_train_004341,2
credit_classification_train_004342,4
credit_classification_train_004343,0
credit_classification_train_004344,4
credit_classification_train_004345,3
credit_classification_train_004346,4
credit_classification_train_004347,4
credit_classification_train_004348,4
credit_classification_train_004349,0
credit_classification_train_004350,1
credit_classification_train_004351,2
credit_classification_train_004352,1
credit_classification_train_004353,2
credit_classification_train_004354,2
credit_classification_train_004355,3
credit_classification_train_004356,4
credit_classification_train_004357,1
credit_classification_train_004358,0
credit_classification_train_004359,4
credit_classification_train_004360,4
credit_classification_train_004361,4
credit_classification_train_004362,4
credit_classification_train_004363,3
credit_classification_train_004364,0
credit_classification_train_004365,3
credit_classification_train_004366,4
credit_classification_train_004367,4
credit_classification_train_004368,2
credit_classification_train_004369,4
credit_classification_train_004370,3
credit_classification_train_004371,1
credit_classification_train_004372,1
credit_classification_train_004373,1
credit_classification_train_004374,4
credit_classification_train_004375,2
credit_classification_train_004376,4
credit_classification_train_004377,2
credit_classification_train_004378,0
credit_classification_train_004379,1
credit_classification_train_004380,2
credit_classification_train_004381,2
credit_classification_train_004382,2
credit_classification_train_004383,0
credit_classification_train_004384,3
credit_classification_train_004385,4
credit_classification_train_004386,1
credit_classification_train_004387,3
credit_classification_train_004388,0
credit_classification_train_004389,0
credit_classification_train_004390,4
credit_classification_train_004391,1
credit_classification_train_004392,2
credit_classification_train_004393,3
credit_classification_train_004394,3
credit_classification_train_004395,3
credit_classification_train_004396,0
credit_classification_train_004397,4
credit_classification_train_004398,0
credit_classification_train_004399,3
credit_classification_train_004400,2
credit_classification_train_004401,1
credit_classification_train_004402,0
credit_classification_train_004403,4
credit_classification_train_004404,0
credit_classification_train_004405,0
credit_classification_train_004406,0
credit_classification_train_004407,2
credit_classification_train_004408,4
credit_classification_train_004409,2
credit_classification_train_004410,0
credit_classification_train_004411,1
credit_classification_train_004412,1
credit_classification_train_004413,3
credit_classification_train_004414,4
credit_classification_train_004415,4
credit_classification_train_004416,4
credit_classification_train_004417,4
credit_classification_train_004418,2
credit_classification_train_004419,4
credit_classification_train_004420,4
credit_classification_train_004421,3
credit_classification_train_004422,0
credit_classification_train_004423,2
credit_classification_train_004424,1
credit_classification_train_004425,0
credit_classification_train_004426,1
credit_classification_train_004427,1
credit_classification_train_004428,0
credit_classification_train_004429,2
credit_classification_train_004430,0
credit_classification_train_004431,2
credit_classification_train_004432,0
credit_classification_train_004433,3
credit_classification_train_004434,4
credit_classification_train_004435,3
credit_classification_train_004436,1
credit_classification_train_004437,0
credit_classification_train_004438,0
credit_classification_train_004439,2
credit_classification_train_004440,2
credit_classification_train_004441,1
credit_classification_train_004442,3
credit_classification_train_004443,0
credit_classification_train_004444,1
credit_classification_train_004445,4
credit_classification_train_004446,2
credit_classification_train_004447,1
credit_classification_train_004448,0
credit_classification_train_004449,4
credit_classification_train_004450,0
credit_classification_train_004451,0
credit_classification_train_004452,2
credit_classification_train_004453,2
credit_classification_train_004454,4
credit_classification_train_004455,4
credit_classification_train_004456,3
credit_classification_train_004457,0
credit_classification_train_004458,4
credit_classification_train_004459,2
credit_classification_train_004460,3
credit_classification_train_004461,4
credit_classification_train_004462,4
credit_classification_train_004463,0
credit_classification_train_004464,1
credit_classification_train_004465,3
credit_classification_train_004466,3
credit_classification_train_004467,1
credit_classification_train_004468,0
credit_classification_train_004469,3
credit_classification_train_004470,1
credit_classification_train_004471,4
credit_classification_train_004472,3
credit_classification_train_004473,2
credit_classification_train_004474,1
credit_classification_train_004475,1
credit_classification_train_004476,4
credit_classification_train_004477,0
credit_classification_train_004478,4
credit_classification_train_004479,1
credit_classification_train_004480,2
credit_classification_train_004481,1
credit_classification_train_004482,2
credit_classification_train_004483,1
credit_classification_train_004484,0
credit_classification_train_004485,4
credit_classification_train_004486,3
credit_classification_train_004487,3
credit_classification_train_004488,4
credit_classification_train_004489,2
credit_classification_train_004490,4
credit_classification_train_004491,2
credit_classification_train_004492,3
credit_classification_train_004493,4
credit_classification_train_004494,4
credit_classification_train_004495,3
credit_classification_train_004496,4
credit_classification_train_004497,4
credit_classification_train_004498,3
credit_classification_train_004499,2
credit_classification_train_004500,3
credit_classification_train_004501,4
credit_classification_train_004502,2
credit_classification_train_004503,1
credit_classification_train_004504,4
credit_classification_train_004505,0
credit_classification_train_004506,2
credit_classification_train_004507,1
credit_classification_train_004508,0
credit_classification_train_004509,0
credit_classification_train_004510,3
credit_classification_train_004511,3
credit_classification_train_004512,2
credit_classification_train_004513,2
credit_classification_train_004514,0
credit_classification_train_004515,2
credit_classification_train_004516,4
credit_classification_train_004517,3
credit_classification_train_004518,3
credit_classification_train_004519,1
credit_classification_train_004520,1
credit_classification_train_004521,3
credit_classification_train_004522,1
credit_classification_train_004523,2
credit_classification_train_004524,4
credit_classification_train_004525,3
credit_classification_train_004526,0
credit_classification_train_004527,4
credit_classification_train_004528,2
credit_classification_train_004529,0
credit_classification_train_004530,3
credit_classification_train_004531,0
credit_classification_train_004532,4
credit_classification_train_004533,4
credit_classification_train_004534,0
credit_classification_train_004535,0
credit_classification_train_004536,3
credit_classification_train_004537,3
credit_classification_train_004538,1
credit_classification_train_004539,4
credit_classification_train_004540,2
credit_classification_train_004541,0
credit_classification_train_004542,1
credit_classification_train_004543,2
credit_classification_train_004544,0
credit_classification_train_004545,0
credit_classification_train_004546,0
credit_classification_train_004547,2
credit_classification_train_004548,1
credit_classification_train_004549,1
credit_classification_train_004550,2
credit_classification_train_004551,1
credit_classification_train_004552,1
credit_classification_train_004553,3
credit_classification_train_004554,1
credit_classification_train_004555,1
credit_classification_train_004556,0
credit_classification_train_004557,0
credit_classification_train_004558,2
credit_classification_train_004559,3
credit_classification_train_004560,0
credit_classification_train_004561,0
credit_classification_train_004562,4
credit_classification_train_004563,0
credit_classification_train_004564,4
credit_classification_train_004565,0
credit_classification_train_004566,1
credit_classification_train_004567,4
credit_classification_train_004568,2
credit_classification_train_004569,0
credit_classification_train_004570,2
credit_classification_train_004571,4
credit_classification_train_004572,3
credit_classification_train_004573,1
credit_classification_train_004574,2
credit_classification_train_004575,2
credit_classification_train_004576,4
credit_classification_train_004577,4
credit_classification_train_004578,1
credit_classification_train_004579,2
credit_classification_train_004580,3
credit_classification_train_004581,1
credit_classification_train_004582,1
credit_classification_train_004583,0
credit_classification_train_004584,1
credit_classification_train_004585,4
credit_classification_train_004586,3
credit_classification_train_004587,1
credit_classification_train_004588,3
credit_classification_train_004589,0
credit_classification_train_004590,4
credit_classification_train_004591,0
credit_classification_train_004592,1
credit_classification_train_004593,0
credit_classification_train_004594,0
credit_classification_train_004595,1
credit_classification_train_004596,1
credit_classification_train_004597,3
credit_classification_train_004598,3
credit_classification_train_004599,1
credit_classification_train_004600,4
credit_classification_train_004601,0
credit_classification_train_004602,1
credit_classification_train_004603,3
credit_classification_train_004604,1
credit_classification_train_004605,4
credit_classification_train_004606,3
credit_classification_train_004607,1
credit_classification_train_004608,3
credit_classification_train_004609,2
credit_classification_train_004610,0
credit_classification_train_004611,4
credit_classification_train_004612,4
credit_classification_train_004613,3
credit_classification_train_004614,4
credit_classification_train_004615,2
credit_classification_train_004616,2
credit_classification_train_004617,1
credit_classification_train_004618,3
credit_classification_train_004619,0
credit_classification_train_004620,1
credit_classification_train_004621,3
credit_classification_train_004622,4
credit_classification_train_004623,4
credit_classification_train_004624,0
credit_classification_train_004625,4
credit_classification_train_004626,1
credit_classification_train_004627,3
credit_classification_train_004628,1
credit_classification_train_004629,1
credit_classification_train_004630,2
credit_classification_train_004631,3
credit_classification_train_004632,0
credit_classification_train_004633,3
credit_classification_train_004634,2
credit_classification_train_004635,0
credit_classification_train_004636,4
credit_classification_train_004637,1
credit_classification_train_004638,1
credit_classification_train_004639,0
credit_classification_train_004640,0
credit_classification_train_004641,3
credit_classification_train_004642,1
credit_classification_train_004643,0
credit_classification_train_004644,2
credit_classification_train_004645,1
credit_classification_train_004646,4
credit_classification_train_004647,2
credit_classification_train_004648,0
credit_classification_train_004649,1
credit_classification_train_004650,2
credit_classification_train_004651,4
credit_classification_train_004652,1
credit_classification_train_004653,4
credit_classification_train_004654,0
credit_classification_train_004655,4
credit_classification_train_004656,1
credit_classification_train_004657,3
credit_classification_train_004658,4
credit_classification_train_004659,1
credit_classification_train_004660,1
credit_classification_train_004661,3
credit_classification_train_004662,4
credit_classification_train_004663,4
credit_classification_train_004664,1
credit_classification_train_004665,3
credit_classification_train_004666,0
credit_classification_train_004667,2
credit_classification_train_004668,3
credit_classification_train_004669,0
credit_classification_train_004670,1
credit_classification_train_004671,0
credit_classification_train_004672,1
credit_classification_train_004673,1
credit_classification_train_004674,1
credit_classification_train_004675,3
credit_classification_train_004676,4
credit_classification_train_004677,0
credit_classification_train_004678,1
credit_classification_train_004679,0
credit_classification_train_004680,3
credit_classification_train_004681,3
credit_classification_train_004682,0
credit_classification_train_004683,2
credit_classification_train_004684,0
credit_classification_train_004685,1
credit_classification_train_004686,2
credit_classification_train_004687,2
credit_classification_train_004688,0
credit_classification_train_004689,4
credit_classification_train_004690,2
credit_classification_train_004691,4
credit_classification_train_004692,3
credit_classification_train_004693,4
credit_classification_train_004694,3
credit_classification_train_004695,4
credit_classification_train_004696,3
credit_classification_train_004697,4
credit_classification_train_004698,0
credit_classification_train_004699,3
credit_classification_train_004700,3
credit_classification_train_004701,0
credit_classification_train_004702,4
credit_classification_train_004703,2
credit_classification_train_004704,3
credit_classification_train_004705,0
credit_classification_train_004706,3
credit_classification_train_004707,1
credit_classification_train_004708,1
credit_classification_train_004709,0
credit_classification_train_004710,3
credit_classification_train_004711,0
credit_classification_train_004712,4
credit_classification_train_004713,4
credit_classification_train_004714,0
credit_classification_train_004715,2
credit_classification_train_004716,0
credit_classification_train_004717,0
credit_classification_train_004718,3
credit_classification_train_004719,1
credit_classification_train_004720,3
credit_classification_train_004721,4
credit_classification_train_004722,1
credit_classification_train_004723,4
credit_classification_train_004724,4
credit_classification_train_004725,4
credit_classification_train_004726,1
credit_classification_train_004727,2
credit_classification_train_004728,2
credit_classification_train_004729,2
credit_classification_train_004730,3
credit_classification_train_004731,1
credit_classification_train_004732,0
credit_classification_train_004733,1
credit_classification_train_004734,0
credit_classification_train_004735,4
credit_classification_train_004736,2
credit_classification_train_004737,4
credit_classification_train_004738,0
credit_classification_train_004739,4
credit_classification_train_004740,3
credit_classification_train_004741,0
credit_classification_train_004742,1
credit_classification_train_004743,2
credit_classification_train_004744,2
credit_classification_train_004745,0
credit_classification_train_004746,2
credit_classification_train_004747,2
credit_classification_train_004748,3
credit_classification_train_004749,3
credit_classification_train_004750,3
credit_classification_train_004751,4
credit_classification_train_004752,2
credit_classification_train_004753,1
credit_classification_train_004754,0
credit_classification_train_004755,3
credit_classification_train_004756,4
credit_classification_train_004757,0
credit_classification_train_004758,1
credit_classification_train_004759,1
credit_classification_train_004760,2
credit_classification_train_004761,3
credit_classification_train_004762,1
credit_classification_train_004763,2
credit_classification_train_004764,3
credit_classification_train_004765,1
credit_classification_train_004766,0
credit_classification_train_004767,1
credit_classification_train_004768,4
credit_classification_train_004769,1
credit_classification_train_004770,3
credit_classification_train_004771,3
credit_classification_train_004772,4
credit_classification_train_004773,2
credit_classification_train_004774,4
credit_classification_train_004775,4
credit_classification_train_004776,3
credit_classification_train_004777,1
credit_classification_train_004778,3
credit_classification_train_004779,2
credit_classification_train_004780,4
credit_classification_train_004781,2
credit_classification_train_004782,3
credit_classification_train_004783,4
credit_classification_train_004784,4
credit_classification_train_004785,2
credit_classification_train_004786,2
credit_classification_train_004787,3
credit_classification_train_004788,1
credit_classification_train_004789,2
credit_classification_train_004790,3
credit_classification_train_004791,4
credit_classification_train_004792,3
credit_classification_train_004793,0
credit_classification_train_004794,4
credit_classification_train_004795,1
credit_classification_train_004796,0
credit_classification_train_004797,3
credit_classification_train_004798,3
credit_classification_train_004799,4
credit_classification_train_004800,1
credit_classification_train_004801,2
credit_classification_train_004802,2
credit_classification_train_004803,4
credit_classification_train_004804,0
credit_classification_train_004805,3
credit_classification_train_004806,0
credit_classification_train_004807,0
credit_classification_train_004808,2
credit_classification_train_004809,2
credit_classification_train_004810,4
credit_classification_train_004811,4
credit_classification_train_004812,1
credit_classification_train_004813,4
credit_classification_train_004814,0
credit_classification_train_004815,2
credit_classification_train_004816,0
credit_classification_train_004817,3
credit_classification_train_004818,1
credit_classification_train_004819,4
credit_classification_train_004820,3
credit_classification_train_004821,2
credit_classification_train_004822,2
credit_classification_train_004823,3
credit_classification_train_004824,3
credit_classification_train_004825,0
credit_classification_train_004826,3
credit_classification_train_004827,1
credit_classification_train_004828,3
credit_classification_train_004829,1
credit_classification_train_004830,1
credit_classification_train_004831,2
credit_classification_train_004832,4
credit_classification_train_004833,4
credit_classification_train_004834,0
credit_classification_train_004835,1
credit_classification_train_004836,0
credit_classification_train_004837,4
credit_classification_train_004838,2
credit_classification_train_004839,2
credit_classification_train_004840,1
credit_classification_train_004841,2
credit_classification_train_004842,3
credit_classification_train_004843,3
credit_classification_train_004844,4
credit_classification_train_004845,0
credit_classification_train_004846,0
credit_classification_train_004847,2
credit_classification_train_004848,3
credit_classification_train_004849,1
credit_classification_train_004850,1
credit_classification_train_004851,0
credit_classification_train_004852,0
credit_classification_train_004853,4
credit_classification_train_004854,2
credit_classification_train_004855,4
credit_classification_train_004856,4
credit_classification_train_004857,1
credit_classification_train_004858,0
credit_classification_train_004859,0
credit_classification_train_004860,1
credit_classification_train_004861,2
credit_classification_train_004862,0
credit_classification_train_004863,3
credit_classification_train_004864,3
credit_classification_train_004865,2
credit_classification_train_004866,1
credit_classification_train_004867,2
credit_classification_train_004868,0
credit_classification_train_004869,0
credit_classification_train_004870,2
credit_classification_train_004871,4
credit_classification_train_004872,3
credit_classification_train_004873,0
credit_classification_train_004874,0
credit_classification_train_004875,3
credit_classification_train_004876,1
credit_classification_train_004877,1
credit_classification_train_004878,0
credit_classification_train_004879,3
credit_classification_train_004880,2
credit_classification_train_004881,3
credit_classification_train_004882,3
credit_classification_train_004883,3
credit_classification_train_004884,3
credit_classification_train_004885,4
credit_classification_train_004886,3
credit_classification_train_004887,1
credit_classification_train_004888,4
credit_classification_train_004889,0
credit_classification_train_004890,0
credit_classification_train_004891,0
credit_classification_train_004892,0
credit_classification_train_004893,4
credit_classification_train_004894,3
credit_classification_train_004895,2
credit_classification_train_004896,1
credit_classification_train_004897,2
credit_classification_train_004898,4
credit_classification_train_004899,4
credit_classification_train_004900,3
credit_classification_train_004901,1
credit_classification_train_004902,1
credit_classification_train_004903,2
credit_classification_train_004904,2
credit_classification_train_004905,2
credit_classification_train_004906,4
credit_classification_train_004907,4
credit_classification_train_004908,3
credit_classification_train_004909,0
credit_classification_train_004910,4
credit_classification_train_004911,0
credit_classification_train_004912,3
credit_classification_train_004913,1
credit_classification_train_004914,4
credit_classification_train_004915,2
credit_classification_train_004916,0
credit_classification_train_004917,1
credit_classification_train_004918,2
credit_classification_train_004919,2
credit_classification_train_004920,0
credit_classification_train_004921,1
credit_classification_train_004922,1
credit_classification_train_004923,0
credit_classification_train_004924,0
credit_classification_train_004925,3
credit_classification_train_004926,0
credit_classification_train_004927,2
credit_classification_train_004928,3
credit_classification_train_004929,4
credit_classification_train_004930,2
credit_classification_train_004931,3
credit_classification_train_004932,4
credit_classification_train_004933,0
credit_classification_train_004934,4
credit_classification_train_004935,0
credit_classification_train_004936,3
credit_classification_train_004937,4
credit_classification_train_004938,0
credit_classification_train_004939,0
credit_classification_train_004940,4
credit_classification_train_004941,1
credit_classification_train_004942,1
credit_classification_train_004943,0
credit_classification_train_004944,1
credit_classification_train_004945,2
credit_classification_train_004946,3
credit_classification_train_004947,3
credit_classification_train_004948,4
credit_classification_train_004949,1
credit_classification_train_004950,3
credit_classification_train_004951,1
credit_classification_train_004952,1
credit_classification_train_004953,3
credit_classification_train_004954,0
credit_classification_train_004955,0
credit_classification_train_004956,1
credit_classification_train_004957,4
credit_classification_train_004958,2
credit_classification_train_004959,0
credit_classification_train_004960,4
credit_classification_train_004961,1
credit_classification_train_004962,2
credit_classification_train_004963,2
credit_classification_train_004964,4
credit_classification_train_004965,0
credit_classification_train_004966,2
credit_classification_train_004967,4
credit_classification_train_004968,1
credit_classification_train_004969,0
credit_classification_train_004970,1
credit_classification_train_004971,0
credit_classification_train_004972,1
credit_classification_train_004973,2
credit_classification_train_004974,0
credit_classification_train_004975,3
credit_classification_train_004976,3
credit_classification_train_004977,3
credit_classification_train_004978,1
credit_classification_train_004979,2
credit_classification_train_004980,3
credit_classification_train_004981,1
credit_classification_train_004982,2
credit_classification_train_004983,2
credit_classification_train_004984,4
credit_classification_train_004985,0
credit_classification_train_004986,2
credit_classification_train_004987,4
credit_classification_train_004988,3
credit_classification_train_004989,2
credit_classification_train_004990,1
credit_classification_train_004991,1
credit_classification_train_004992,4
credit_classification_train_004993,4
credit_classification_train_004994,4
credit_classification_train_004995,4
credit_classification_train_004996,4
credit_classification_train_004997,0
credit_classification_train_004998,4
credit_classification_train_004999,1
credit_classification_train_005000,3
