sample_id,LIMIT_BAL,AGE,PAY_0,PAY_2,PAY_3,PAY_4,PAY_5,PAY_6,BILL_AMT1,BILL_AMT2,BILL_AMT3,BILL_AMT4,BILL_AMT5,BILL_AMT6,PAY_AMT1,PAY_AMT2,PAY_AMT3,PAY_AMT4,PAY_AMT5,PAY_AMT6,default_next_month
credit_classification_train_000001,20000,49,0,0,0,0,0,0,16326,17497,18456,18424,18800,10000,1441,1400,368,376,200,0,0
credit_classification_train_000002,200000,28,1,-2,-2,-1,-1,-1,0,0,0,304,13489,6788,0,0,304,13489,6788,188,0
credit_classification_train_000003,390000,36,-2,-2,-2,-2,-2,-2,8040,7818,8051,-5,1965,3088,7857,8091,0,990,3108,8486,0
credit_classification_train_000004,80000,24,-1,-1,-1,-1,-1,-1,15621,3760,1368,0,1421,0,3768,1368,0,1421,0,0,0
credit_classification_train_000005,380000,50,0,0,0,0,0,0,385662,294826,220022,154283,35270,332270,12020,9009,6109,3000,332000,12000,1
credit_classification_train_000006,100000,35,0,0,0,0,0,0,106229,98217,42482,43326,44235,45498,3000,1707,1551,1607,2000,2000,0
credit_classification_train_000007,160000,29,1,-2,-2,-2,-2,-2,0,0,0,0,0,0,0,0,0,0,0,0,0
credit_classification_train_000008,150000,34,0,0,0,0,0,0,92000,94000,96000,98000,100000,0,2000,2000,2000,2000,0,0,0
credit_classification_train_000009,210000,24,0,0,0,0,0,0,45685,29287,19689,20629,21193,21484,1609,1362,1302,866,742,1000,0
credit_classification_train_000010,210000,26,1,2,0,0,0,0,7271,4951,1815,3789,4721,5641,6,1600,2000,1000,1000,0,0
credit_classification_train_000011,20000,33,0,0,-1,-1,-1,-1,14765,6371,4150,988,390,1935,1000,4150,988,390,1935,1316,0
credit_classification_train_000012,100000,37,0,0,0,0,0,0,107669,107529,73323,51125,46879,45538,3536,2821,3963,3147,2670,725,0
credit_classification_train_000013,140000,50,-1,2,-1,-1,-1,-1,845,845,1690,0,1690,0,0,1690,0,1690,0,845,1
credit_classification_train_000014,340000,36,0,0,0,0,0,0,11951,16332,20391,22104,26361,34333,5000,5012,5000,5006,10010,10000,0
credit_classification_train_000015,100000,29,-1,-1,-1,-1,-1,-1,3262,3262,326,6198,326,326,3262,326,6198,326,326,326,0
credit_classification_train_000016,130000,47,2,2,2,2,2,2,123896,120452,129137,129956,130946,130814,0,12200,4500,4502,5000,0,1
credit_classification_train_000017,310000,26,0,0,0,0,0,0,87717,93707,83632,81133,75499,73540,9156,2782,4013,2688,2651,2652,0
credit_classification_train_000018,30000,34,-1,-1,-1,-1,-1,-2,9318,10621,15685,5476,0,0,10621,15685,5827,0,0,0,0
credit_classification_train_000019,50000,45,0,0,0,0,0,0,39944,41180,41870,8469,8411,8361,2124,2037,1130,295,302,296,0
credit_classification_train_000020,110000,37,0,0,2,2,0,0,111864,112112,114367,111064,112123,111575,11000,5500,0,4400,4500,4200,0
credit_classification_train_000021,500000,29,0,0,0,0,2,2,201500,196051,161342,154127,149472,139130,10000,7031,10100,5663,0,4448,0
credit_classification_train_000022,180000,27,1,-1,-1,-1,-1,-1,0,3338,3333,3333,3333,3333,3338,3333,3333,3333,3333,3333,0
credit_classification_train_000023,30000,33,0,0,0,0,0,0,12051,13101,14413,14476,14792,15145,1250,1537,600,550,600,800,0
credit_classification_train_000024,240000,43,-1,-1,2,2,2,2,2690,2500,2500,2500,2500,0,2500,0,0,0,0,0,1
credit_classification_train_000025,330000,43,-1,-1,-1,0,0,-1,13200,9843,15440,45033,64723,3784,9863,15440,35033,30000,3874,25349,0
credit_classification_train_000026,200000,47,-1,-1,-1,-1,-1,-1,696,696,696,696,846,696,696,696,696,846,696,696,0
credit_classification_train_000027,50000,26,0,0,0,0,0,0,29021,28408,29117,28764,28390,29443,1768,1477,1444,1100,1500,1100,0
credit_classification_train_000028,120000,29,0,0,0,0,0,0,114538,117171,115941,116877,117359,117029,6000,5500,4160,4120,4250,4380,0
credit_classification_train_000029,380000,32,-1,-1,-1,-1,-1,-1,22401,21540,15134,32018,11849,11873,21540,15138,24677,11851,11875,8251,0
credit_classification_train_000030,20000,31,-2,-2,-2,-1,-1,-1,668,355,0,600,5275,841,355,0,600,5275,841,763,0
credit_classification_train_000031,80000,37,-1,-1,-1,-1,-1,-1,2000,2000,2000,2000,2000,2000,2000,2000,2000,2000,2000,4206,1
credit_classification_train_000032,120000,55,1,-2,-1,2,0,0,-150,-150,7342,7029,7172,7338,0,7492,0,143,166,16000,0
credit_classification_train_000033,360000,45,-1,-1,-1,-1,-1,-1,18552,836,836,836,986,986,836,836,836,986,986,611,0
credit_classification_train_000034,260000,59,-1,-1,-1,-1,-1,-1,1929,-627,4134,792,1309,2557,627,7388,792,1312,2564,804,0
credit_classification_train_000035,30000,25,0,0,0,0,0,-2,25115,26287,26602,21000,0,0,1886,1620,0,0,0,0,1
credit_classification_train_000036,30000,25,0,0,0,0,0,0,6122,7160,8185,9286,9483,9780,1300,1300,1400,500,600,600,0
credit_classification_train_000037,50000,27,2,2,0,0,0,0,43063,41932,38411,30659,30963,30505,0,1600,1712,1016,2500,0,1
credit_classification_train_000038,70000,40,0,0,0,0,0,0,60525,60932,60190,25126,24718,27726,14011,14494,6019,7010,8007,5008,0
credit_classification_train_000039,20000,46,2,0,0,2,2,2,16371,17384,19954,19259,20139,19434,1289,2859,0,1044,0,528,1
credit_classification_train_000040,140000,41,0,0,0,0,2,0,43616,44710,45661,50880,49934,51106,2100,2000,6000,0,2000,4200,0
credit_classification_train_000041,220000,37,-2,-2,-2,-2,-2,-2,0,0,0,0,0,0,0,0,0,0,0,0,1
credit_classification_train_000042,250000,26,0,0,0,0,0,0,123148,135439,42090,61558,80894,93938,15447,12004,21558,20894,15000,20000,0
credit_classification_train_000043,140000,46,-1,-1,-1,-1,-1,-1,390,390,390,390,390,390,390,390,390,390,390,780,0
credit_classification_train_000044,50000,51,0,0,0,0,0,0,38434,39492,39394,33490,27316,0,1681,1583,1347,1183,0,0,0
credit_classification_train_000045,210000,31,0,0,0,0,0,0,205243,209502,203831,178410,130619,115700,7736,7100,8300,4800,4396,4200,0
credit_classification_train_000046,200000,54,-1,2,-1,-1,-1,-1,2841,1709,1312,2404,3786,1916,0,1312,2404,3786,1916,2299,0
credit_classification_train_000047,210000,42,0,0,0,0,0,0,109919,92271,79445,27278,32509,41225,11488,10000,11990,17990,15000,15000,0
credit_classification_train_000048,250000,71,0,0,0,0,0,0,173907,177484,177946,159849,145461,141487,6504,6243,5446,4721,4385,7805,0
credit_classification_train_000049,50000,33,0,0,0,0,0,0,40757,39847,37561,36725,35346,33810,2000,1719,1783,1200,1200,1500,0
credit_classification_train_000050,70000,24,0,0,0,0,-1,0,65429,67513,67767,69275,1058,48376,3136,2076,2243,1058,48000,2000,0
credit_classification_train_000051,330000,53,0,0,0,0,0,0,287021,191065,290451,192123,196860,-3140,6802,102428,4100,4937,3140,184036,0
credit_classification_train_000052,500000,28,0,0,0,0,0,0,5392,6038,6972,7037,7603,10602,1502,1502,502,1003,10024,40060,0
credit_classification_train_000053,50000,22,-2,-2,-2,-2,-1,0,64498,58261,401,43091,29842,30601,349,595,54061,32384,1234,1500,0
credit_classification_train_000054,210000,36,-2,-2,-2,-2,-2,-2,167,0,0,0,0,0,0,0,0,0,0,0,0
credit_classification_train_000055,60000,57,0,0,0,0,0,0,20865,16590,10816,6956,2489,0,1262,1003,0,1050,0,0,0
credit_classification_train_000056,200000,46,-1,-1,-1,-1,-2,-2,1207,5590,2500,0,0,0,5590,2500,0,0,0,0,1
credit_classification_train_000057,210000,35,0,0,0,0,0,0,209802,208421,190737,142271,137171,130687,8800,8023,4809,5001,5000,5000,0
credit_classification_train_000058,230000,54,-1,-1,2,2,-2,-2,187,3327,3100,0,0,0,3327,0,0,0,0,0,0
credit_classification_train_000059,250000,71,0,0,0,0,0,0,177484,177946,159849,145461,141487,147705,6243,5446,4721,4385,7805,200,0
credit_classification_train_000060,90000,39,0,0,0,0,0,0,93757,91359,88616,56887,46700,47272,4000,2625,2511,1501,1391,1393,1
credit_classification_train_000061,180000,33,-1,-1,-1,-1,-1,-1,478,478,2272,3970,330,0,478,2272,3970,420,0,0,0
credit_classification_train_000062,90000,26,-1,-1,-1,-1,-1,-1,17018,3692,5037,5899,4129,17246,3692,5037,5899,4129,17246,4221,0
credit_classification_train_000063,150000,36,1,2,2,4,3,2,125938,132110,142876,139097,138592,141447,9734,14500,0,2000,5300,5000,0
credit_classification_train_000064,30000,31,0,0,0,2,0,0,28803,28635,30217,28919,29302,28603,1800,3600,0,1500,1500,3300,0
credit_classification_train_000065,90000,29,0,0,0,0,0,0,92464,91709,92412,91297,91790,91377,3600,4331,3218,3613,3300,3519,0
credit_classification_train_000066,210000,34,0,0,0,0,0,0,63672,57299,59336,61349,63366,65155,2200,3000,3000,3000,3000,3500,0
credit_classification_train_000067,100000,54,0,0,0,0,0,0,95980,99056,100415,102666,63913,65246,4057,3232,3275,2290,2365,2382,0
credit_classification_train_000068,50000,53,-1,-1,-1,-1,-1,-1,493,493,493,493,493,493,493,493,493,493,493,493,0
credit_classification_train_000069,210000,27,-1,0,0,0,0,0,25025,25336,26029,26816,21116,10721,5000,4000,5000,3000,3000,3500,0
credit_classification_train_000070,160000,34,1,-2,-2,-1,-1,-2,5520,0,0,708,560,0,0,0,708,560,0,560,0
credit_classification_train_000071,30000,39,2,2,2,2,2,2,20652,24993,24293,25896,26435,25859,4700,0,2010,1100,0,2100,0
credit_classification_train_000072,80000,34,0,0,0,0,0,0,64553,52484,41048,31786,29105,28294,1784,1874,2000,1011,1100,1154,0
credit_classification_train_000073,10000,22,1,2,2,2,0,0,8925,8637,10277,9736,9704,9725,0,1800,0,500,600,500,0
credit_classification_train_000074,60000,52,0,0,0,0,0,0,22460,23592,24665,26305,23756,25353,1500,1500,2000,1500,2000,2000,0
credit_classification_train_000075,250000,28,2,0,0,0,2,0,28245,29468,31488,34060,33213,34670,2000,2500,3100,0,2000,8000,1
credit_classification_train_000076,20000,43,-1,-1,-1,-1,-1,-1,54,54,54,54,54,54,0,0,0,0,0,2966,1
credit_classification_train_000077,50000,39,0,0,0,0,2,0,10960,12030,13125,14104,13735,14307,1250,1300,1200,0,800,600,0
credit_classification_train_000078,280000,46,-2,-2,-2,-2,-2,-2,1401,5201,3615,1963,2086,1297,5201,3615,1963,2086,1297,1154,0
credit_classification_train_000079,80000,26,-1,0,0,0,0,0,2159,4132,5949,7144,5309,500,2000,2002,2005,15,523,0,0
credit_classification_train_000080,50000,44,0,0,-1,-1,-2,-2,3201,0,5701,0,0,0,0,5701,0,0,0,0,1
credit_classification_train_000081,20000,25,0,0,0,0,2,2,17384,13648,13924,15685,15292,17524,1500,1400,2000,0,2500,0,0
credit_classification_train_000082,350000,34,0,0,0,0,0,0,19202,16576,16801,15238,10267,9578,1300,2000,1500,1000,1500,2500,0
credit_classification_train_000083,70000,27,0,0,2,2,2,2,68425,71783,72616,68201,50995,48822,6800,3100,15,3850,0,1800,0
credit_classification_train_000084,320000,34,-1,-1,-1,0,-1,-1,7417,7488,24003,10208,22215,7332,8000,25000,0,22500,32516,22000,0
credit_classification_train_000085,20000,23,0,0,0,0,0,0,17030,18064,19046,19221,18603,19075,1315,1297,672,675,781,734,0
credit_classification_train_000086,150000,32,2,0,0,0,0,2,35099,35601,36488,35729,38117,37259,1887,2003,2000,3419,13,2088,0
credit_classification_train_000087,210000,30,0,0,0,0,0,2,65600,63396,64150,66135,70118,67254,2300,3000,3000,5000,0,3000,0
credit_classification_train_000088,80000,27,1,2,2,2,2,0,74250,76895,79548,80280,53034,54027,4500,4500,3000,0,2000,4350,0
credit_classification_train_000089,400000,32,-2,-2,-2,-2,-2,-2,0,626,118,10349,2817,2410,626,118,10349,2817,2410,10715,0
credit_classification_train_000090,280000,56,0,0,0,0,0,0,89739,73565,77944,81926,79277,78723,4000,6000,6000,7000,5000,5000,0
credit_classification_train_000091,270000,32,0,0,0,0,0,0,48114,42573,55350,92141,57961,45282,20091,30128,60183,2071,2045,2791,0
credit_classification_train_000092,20000,43,2,0,0,2,0,0,11573,12372,14946,14409,16659,17887,1300,2787,0,2500,1500,0,1
credit_classification_train_000093,120000,31,-1,-1,-1,-1,-1,-1,1216,416,416,416,416,416,416,416,416,416,416,566,0
credit_classification_train_000094,80000,38,2,0,0,0,2,0,62622,54613,43232,32361,22382,20509,3208,1964,3428,7,1000,2900,1
credit_classification_train_000095,470000,35,0,0,0,0,0,0,218675,225519,230011,234639,239502,244328,8717,8000,6671,6882,6960,8751,0
credit_classification_train_000096,80000,43,0,0,0,0,0,0,71100,72066,71751,72034,73261,74479,10000,9000,9000,9000,9000,9500,0
credit_classification_train_000097,150000,23,-1,-1,-1,-1,-1,-1,1389,7139,813,3028,5264,208,7139,813,3032,5264,208,3538,0
credit_classification_train_000098,120000,37,0,0,0,0,-1,-1,21128,16121,12027,5870,2994,-175,5020,5000,1000,2994,0,0,0
credit_classification_train_000099,200000,32,1,2,2,2,2,2,18726,18141,20838,20217,22896,22400,0,3000,0,3000,0,3000,1
credit_classification_train_000100,300000,51,0,0,0,0,0,0,108639,85818,90069,85008,83983,50257,4107,7346,65000,2500,2022,1800,0
credit_classification_train_000101,190000,35,0,0,0,0,0,0,24873,23522,22117,23433,22173,22598,1807,2000,2010,1003,2007,3019,0
credit_classification_train_000102,150000,38,1,-2,-1,2,2,2,1589,1335,9447,4887,11181,6692,1339,9460,0,6702,16,8242,0
credit_classification_train_000103,200000,54,-1,-1,-1,-1,-1,-1,10755,9981,7843,6335,4616,7956,10120,7852,6336,4622,7956,5499,0
credit_classification_train_000104,300000,50,2,2,2,2,2,2,245193,250672,256178,260434,264114,269733,11000,11000,10000,9500,10000,1300,1
credit_classification_train_000105,310000,38,-2,-2,-2,-1,0,0,-41,8198,342,41726,15051,8663,8239,344,41884,5025,40,3,0
credit_classification_train_000106,20000,43,0,0,0,0,0,0,19197,19997,20060,18780,19580,0,1500,1500,1000,800,0,0,0
credit_classification_train_000107,70000,27,-1,3,2,0,0,-1,4168,3942,1929,2870,1435,3047,0,0,1980,0,3047,0,1
credit_classification_train_000108,150000,39,1,-2,-2,-2,-2,-2,0,0,0,0,0,0,0,0,0,0,0,0,1
credit_classification_train_000109,170000,43,-1,-1,-1,-1,-1,-1,1866,5750,200,41467,1028,2643,5750,200,41467,1328,2643,126,0
credit_classification_train_000110,20000,44,0,0,2,2,2,0,20313,20111,18057,18536,11532,19450,3030,0,2175,0,10000,931,0
credit_classification_train_000111,100000,30,0,0,0,0,0,0,77388,78502,81233,82990,84210,85987,3000,4000,4000,3500,3287,4000,0
credit_classification_train_000112,50000,35,0,0,0,0,0,0,40730,41283,28134,29208,7778,9790,4069,1500,1500,0,5000,0,0
credit_classification_train_000113,110000,33,0,0,0,0,0,0,110704,55885,56779,56580,57509,58715,2056,2100,2100,2076,2400,2100,0
credit_classification_train_000114,90000,25,0,0,0,0,0,0,91894,71732,73241,74424,76070,77648,3200,3300,3000,3001,3000,3100,0
credit_classification_train_000115,280000,40,-1,-1,-1,-1,-1,2,415,415,415,565,830,415,415,415,565,830,0,415,0
credit_classification_train_000116,240000,37,-2,-2,-2,-2,-2,-2,500,0,0,0,0,0,0,0,0,0,0,0,0
credit_classification_train_000117,160000,38,-1,-1,-1,-1,-1,-1,316,873,1392,0,696,696,873,1392,0,696,696,696,1
credit_classification_train_000118,20000,27,-1,-1,-2,-2,-2,-2,4734,0,0,0,0,0,0,0,0,0,0,3187,1
credit_classification_train_000119,20000,23,0,0,0,0,0,0,14302,15748,16986,18656,19101,20345,2000,1500,2000,1000,1500,3000,0
credit_classification_train_000120,240000,49,-1,-1,-1,-1,-1,-1,18045,17401,47608,12279,75882,90611,17409,47622,12279,75882,90611,61411,0
credit_classification_train_000121,20000,23,1,2,2,3,2,2,9126,8835,11088,10618,10304,11232,0,2400,0,0,1100,0,1
credit_classification_train_000122,210000,49,-1,-1,-1,-1,-1,-1,11790,2230,390,3470,390,2140,2230,390,3470,390,2140,780,0
credit_classification_train_000123,200000,46,1,2,2,2,2,2,73537,71796,80453,58257,97180,95531,0,10000,0,40000,0,15000,1
credit_classification_train_000124,100000,47,1,2,0,0,0,0,99823,96932,96924,96122,97432,95062,0,3579,3472,3287,3590,10179,0
credit_classification_train_000125,130000,23,-1,-1,-2,-2,-2,-2,69,0,0,0,0,0,0,0,0,0,0,0,0
credit_classification_train_000126,240000,27,0,-1,0,-1,0,-1,30589,2225,3708,20694,19771,38603,2239,3700,20739,10003,40115,8756,0
credit_classification_train_000127,70000,34,2,2,2,2,2,2,16965,17398,18310,18611,18966,19403,1000,1500,900,800,900,2000,1
credit_classification_train_000128,80000,22,0,0,-1,-1,-2,-2,37990,39400,15674,-1,-1,-1,2400,15674,0,0,0,0,0
credit_classification_train_000129,50000,29,-1,0,0,2,0,0,20258,22932,22265,23896,26514,28073,3000,0,2000,3000,2000,1500,0
credit_classification_train_000130,70000,29,-1,-1,0,-1,2,-1,2343,14336,13155,3929,1953,967,15000,4000,4000,0,1000,1000,0
credit_classification_train_000131,80000,23,1,-2,-2,-2,-2,-2,0,0,0,0,0,0,0,0,0,0,0,0,1
credit_classification_train_000132,360000,41,-2,-2,-2,-2,-2,-2,3578,3658,3578,3578,3578,4268,3658,3578,3578,3578,4268,3578,0
credit_classification_train_000133,50000,49,0,0,0,0,0,0,34962,32275,31253,32014,33573,29645,1613,2000,1500,2000,1645,1064,0
credit_classification_train_000134,80000,27,0,0,0,0,0,0,73000,71338,47202,38133,39096,40510,5000,2000,1500,1500,2000,2000,0
credit_classification_train_000135,230000,45,0,0,0,0,0,0,43885,44926,45941,46853,47834,48942,1749,1764,1676,1735,1902,2189,0
credit_classification_train_000136,120000,26,0,0,0,0,0,0,34183,22431,12399,4199,3059,674,1700,1500,1000,682,0,0,0
credit_classification_train_000137,50000,49,2,2,0,0,0,0,49943,47585,47582,21391,21867,19774,0,2500,1300,2000,700,1000,1
credit_classification_train_000138,340000,46,0,0,0,0,0,0,94915,92955,89689,81996,83439,71239,3224,4000,3504,4349,3000,3098,0
credit_classification_train_000139,420000,32,0,0,0,0,0,0,546485,228070,184810,131304,110930,84193,18546,8931,4940,1796,3100,133131,0
credit_classification_train_000140,160000,36,1,2,0,0,0,0,163897,116343,118552,119376,122039,121841,0,5677,4197,4509,4412,4228,0
credit_classification_train_000141,140000,31,0,0,0,-2,-2,-2,97448,70631,0,0,0,0,1413,0,0,0,0,0,0
credit_classification_train_000142,300000,57,1,-1,-1,-1,-1,-1,0,176,1269,11347,369,860,176,1269,11347,369,860,0,0
credit_classification_train_000143,230000,35,1,-2,-2,-2,-2,-2,0,0,0,0,0,0,0,0,0,0,0,0,1
credit_classification_train_000144,500000,36,-1,-1,-1,-1,-1,-1,7297,12349,26488,6534,9788,25314,12349,26488,6534,9788,25314,103508,0
credit_classification_train_000145,100000,39,-2,-2,-2,-2,-2,-2,0,0,0,7700,0,0,0,0,7700,0,0,0,0
credit_classification_train_000146,190000,25,0,0,2,0,0,0,3173,5270,5040,6050,6447,7339,2323,0,1103,500,1000,400,0
credit_classification_train_000147,170000,44,1,-2,-2,-2,-2,-2,0,0,0,0,0,0,0,0,0,0,0,0,0
credit_classification_train_000148,80000,28,1,-2,-2,-2,-2,-2,0,0,0,0,0,0,0,0,0,0,0,0,1
credit_classification_train_000149,80000,29,-1,0,0,0,0,0,17562,17709,15631,13402,13197,11624,3015,2008,1009,2005,507,2607,0
credit_classification_train_000150,220000,27,0,0,-1,-1,-1,-1,34686,8,1744,55164,49967,7839,8,2178,55200,50148,10107,0,0
credit_classification_train_000151,570000,32,0,0,0,0,0,0,47758,33050,36283,36502,37669,39102,3000,4880,3000,3000,3000,3000,0
credit_classification_train_000152,170000,34,-1,-1,-1,-1,-1,-1,7950,6691,7332,2716,4200,7708,6691,7332,2716,4200,7708,12897,0
credit_classification_train_000153,100000,32,0,0,0,0,0,0,70003,31545,20974,19713,19848,18126,2035,2004,616,2007,1009,2015,0
credit_classification_train_000154,450000,34,-2,-2,-2,-2,-2,-2,-9,1844,0,0,0,0,1853,0,0,0,0,0,1
credit_classification_train_000155,20000,24,0,0,-1,-1,-2,-2,16199,0,187,-18,-18,-18,0,187,0,0,0,0,0
credit_classification_train_000156,180000,47,-1,-1,-1,-1,0,-1,807,4246,2727,5507,1382,538,4246,2727,5507,0,538,304,0
credit_classification_train_000157,20000,22,2,0,0,0,0,2,14414,15424,16448,17462,18305,17871,1554,1578,1592,1435,0,1663,1
credit_classification_train_000158,70000,25,0,0,0,0,0,0,69455,70300,70737,70324,55291,56648,2600,2620,2641,2000,2250,2100,0
credit_classification_train_000159,30000,59,1,2,2,2,2,0,28084,29299,28741,30467,29858,28898,1950,200,2492,0,580,0,1
credit_classification_train_000160,480000,56,0,0,0,0,0,0,103497,105310,107013,106039,108188,109691,5300,5300,4000,5000,4000,5200,0
credit_classification_train_000161,100000,52,2,2,2,2,2,2,40938,43036,45127,44183,47211,46401,3000,3000,0,4000,0,3000,1
credit_classification_train_000162,160000,33,2,2,2,2,2,2,132510,128981,138289,134773,142913,146003,0,13000,200,10500,5600,5200,1
credit_classification_train_000163,140000,25,0,0,0,0,0,0,91485,78704,79449,45514,42155,42812,3009,3411,1523,1352,1526,1505,0
credit_classification_train_000164,400000,29,0,0,0,0,0,0,7191,8856,6181,7859,4899,1466,2000,1500,2000,1000,500,1000,0
credit_classification_train_000165,360000,30,-1,-1,-1,-1,-1,-1,30627,4297,2720,2040,2722,5057,4318,2740,2050,2736,5273,5105,0
credit_classification_train_000166,120000,42,2,2,0,0,2,0,63598,61987,64373,69164,67453,72997,0,4000,6500,0,6639,4000,0
credit_classification_train_000167,260000,52,2,2,2,2,-1,-1,150,150,150,150,2500,0,0,0,0,2500,0,0,1
credit_classification_train_000168,500000,40,-1,-1,-1,-1,0,-1,33179,97882,48017,49403,40018,54109,99159,48276,49450,201,54379,9905,0
credit_classification_train_000169,320000,35,0,0,0,0,0,0,158942,155925,126767,114110,109637,95850,5057,4606,5800,3375,3324,2500,0
credit_classification_train_000170,180000,48,0,0,0,0,0,0,167140,160707,162477,166861,171083,169365,8000,6000,7000,7000,7000,7000,0
credit_classification_train_000171,20000,43,1,-2,-2,-2,-2,-2,0,0,0,0,0,0,0,0,0,0,0,0,1
credit_classification_train_000172,320000,42,0,0,2,2,0,0,304057,318844,324589,320622,252323,253557,20000,10000,450,7025,7161,8000,1
credit_classification_train_000173,20000,23,0,0,0,2,0,0,13284,13987,15958,16168,16268,16600,1229,2200,900,500,332,2000,0
credit_classification_train_000174,230000,48,0,0,0,0,0,0,41134,50379,54556,58624,59848,68828,10000,5000,5000,2197,10000,5000,0
credit_classification_train_000175,30000,44,-2,-2,-2,-2,-2,-2,2180,0,0,0,0,0,0,0,0,0,0,0,0
credit_classification_train_000176,80000,23,0,0,0,0,0,0,80998,63184,58346,56361,55933,56936,4500,1973,3000,5000,2100,3200,0
credit_classification_train_000177,130000,27,0,0,0,-1,0,0,58811,44572,10348,104698,88251,90189,1500,2753,110094,3002,3200,3100,0
credit_classification_train_000178,360000,33,-1,-1,0,0,0,0,3231,9523,11357,12123,9743,9567,9666,2000,1000,0,0,536,0
credit_classification_train_000179,160000,53,-1,-1,-1,-1,-1,-1,2475,2475,5175,2475,3975,8175,2475,5175,2475,3975,8175,138,0
credit_classification_train_000180,50000,30,1,3,2,2,2,2,47629,46592,47517,48439,49418,50326,0,2000,2000,1900,1900,1900,1
credit_classification_train_000181,190000,31,0,0,0,0,0,0,147586,155228,160588,162241,165794,168951,10000,7891,5743,6102,6000,6307,0
credit_classification_train_000182,300000,51,0,0,0,0,-2,-2,143121,147527,148925,0,0,0,8269,6825,0,0,0,0,0
credit_classification_train_000183,120000,39,0,0,0,2,0,0,20693,22033,24067,24372,24670,25617,2000,2400,1000,1000,1500,1500,1
credit_classification_train_000184,110000,25,0,0,0,0,0,0,64155,65743,66533,67677,39066,39884,2621,2123,1952,2000,1468,800,0
credit_classification_train_000185,150000,55,-1,-1,-1,-1,-1,-1,291,291,291,285,2085,8669,291,291,285,2091,8695,74646,0
credit_classification_train_000186,390000,31,0,0,0,0,0,-2,49667,33900,33545,16666,0,0,1700,17000,333,0,16666,13807,0
credit_classification_train_000187,420000,32,0,0,0,0,0,0,45060,25056,24751,24984,24983,23751,1407,1332,963,877,1000,908,1
credit_classification_train_000188,30000,49,3,2,2,2,2,2,26319,27404,27769,28227,28642,28042,1800,1100,1200,1000,0,2200,0
credit_classification_train_000189,30000,49,0,0,0,0,0,-2,27414,26910,25321,19455,0,0,1526,1696,1015,0,0,0,0
credit_classification_train_000190,160000,32,0,0,0,0,0,0,22506,24135,25418,28196,29961,49404,2000,2000,3000,2000,20000,2000,0
credit_classification_train_000191,360000,54,0,0,0,0,0,0,277688,271867,272796,279597,253333,253737,10450,10414,11330,9081,9500,9000,0
credit_classification_train_000192,170000,26,-2,-2,-2,-2,-2,-2,0,0,0,0,0,0,0,0,0,0,0,0,0
credit_classification_train_000193,160000,35,2,-1,-1,-1,-1,-1,776,776,1172,380,776,1172,776,1172,380,776,1172,380,0
credit_classification_train_000194,200000,42,0,0,0,0,0,0,25897,33587,46126,63720,80736,93354,10000,15000,20000,20000,15000,20000,0
credit_classification_train_000195,370000,36,-2,-2,-2,-2,-2,-2,2788,25790,3007,4246,3737,2290,25794,3007,4305,3737,2290,22259,0
credit_classification_train_000196,60000,28,0,0,0,2,0,0,59114,59350,62130,56391,39083,39122,2800,4905,10,1600,1600,1600,0
credit_classification_train_000197,110000,42,2,2,2,2,2,0,39635,40580,41631,42352,41373,42156,1900,2000,1700,0,1600,1600,1
credit_classification_train_000198,100000,41,0,0,0,0,0,0,70202,70978,70814,69786,68116,62652,2548,2687,2997,2147,2369,2434,0
credit_classification_train_000199,170000,45,-1,0,0,0,0,0,34778,40441,40937,34090,34894,36829,10000,5000,2000,2000,3000,2000,0
credit_classification_train_000200,10000,45,1,2,2,2,2,0,7953,9164,8876,10009,7169,8842,1500,0,1500,0,3000,2000,0
credit_classification_train_000201,80000,28,0,0,0,2,2,2,44739,46708,49611,50496,51543,50563,3000,4000,2000,2000,0,5000,0
credit_classification_train_000202,230000,34,-1,-1,-1,-1,-1,-1,2007,3220,6163,2765,2050,1197,3229,6191,2782,2055,1200,1710,0
credit_classification_train_000203,50000,43,1,2,2,0,0,0,44344,45363,44326,44901,45844,48385,2021,0,1596,1655,3684,0,1
credit_classification_train_000204,190000,26,0,0,0,0,0,0,155260,136185,139013,140035,146365,148961,7416,6900,5100,10000,5500,6700,0
credit_classification_train_000205,90000,27,-1,-1,-1,-1,-1,-1,1040,3953,6986,868,350,874,3963,6986,868,350,874,548,1
credit_classification_train_000206,180000,36,-1,-1,-2,-1,-1,-1,682,0,0,1012,0,669,0,0,1012,0,669,0,0
credit_classification_train_000207,30000,25,2,2,4,3,2,2,18941,24602,23921,23259,22369,23408,6000,0,0,0,1800,0,1
credit_classification_train_000208,180000,28,1,2,-1,-1,-1,0,7445,1706,1600,0,22357,21541,0,1600,0,22357,1500,785,1
credit_classification_train_000209,360000,31,-2,-2,-2,-2,-2,-2,0,18540,9007,9500,8675,6573,18540,10000,10000,9000,6600,32810,0
credit_classification_train_000210,50000,25,2,0,0,0,0,-1,48690,49347,16002,6120,3910,299,1692,1033,122,78,299,9292,0
credit_classification_train_000211,390000,47,-1,-1,-1,0,0,-1,9361,-25,18401,13200,6385,7088,0,18426,34,31,7088,0,0
credit_classification_train_000212,30000,30,0,0,0,0,0,-2,27836,28998,29480,29500,0,0,2000,1200,1000,0,1500,0,0
credit_classification_train_000213,170000,26,0,0,0,0,0,0,22680,13827,9522,10254,5520,6212,2000,2000,2000,0,2000,1320,0
credit_classification_train_000214,50000,26,-1,-1,-1,-1,2,2,526,526,526,1913,1226,1752,526,526,1913,0,1052,0,1
credit_classification_train_000215,140000,43,0,0,0,0,0,0,141036,141558,132406,120046,92820,90525,4504,6213,5423,3400,4000,4000,0
credit_classification_train_000216,20000,44,0,0,0,-1,-1,-1,7678,10475,-10,190,6160,402,3347,0,200,7018,6073,15000,0
credit_classification_train_000217,130000,28,-1,-1,-1,-1,-2,-2,381,550,547,226,73,-121,551,548,226,105,89,0,0
credit_classification_train_000218,50000,33,0,0,0,0,0,0,26740,12498,16264,17918,16072,17041,2000,4000,2000,1000,2000,2396,0
credit_classification_train_000219,30000,24,0,0,0,0,0,0,25288,27549,28784,28708,27916,30333,3000,2000,1800,2000,3000,2500,0
credit_classification_train_000220,390000,29,-1,-1,0,0,0,0,1246,1476,3436,4868,5781,6681,2000,2000,1500,1000,1000,1000,0
credit_classification_train_000221,200000,43,-1,-1,-1,-1,-1,-1,1875,2239,316,2681,3486,2296,2239,316,2681,3486,2296,3413,0
credit_classification_train_000222,50000,35,0,0,0,0,0,0,33507,32401,7087,7227,7378,7527,1108,1118,258,267,271,1147,0
credit_classification_train_000223,200000,38,-2,-2,-2,-2,-2,-2,15099,6370,5991,7298,9225,4072,6370,5991,7298,2105,10249,0,0
credit_classification_train_000224,310000,37,0,0,0,0,0,0,30691,27595,29616,29598,27589,28985,7595,5616,9598,5589,5985,9382,0
credit_classification_train_000225,160000,25,-1,-1,-1,-1,-1,-1,141,-756,11520,1520,5171,3716,201,13040,0,5171,3716,107,0
credit_classification_train_000226,30000,47,0,0,0,0,0,0,30567,58722,30077,29841,20075,12250,3778,1900,1019,26,1131,1209,0
credit_classification_train_000227,80000,45,0,0,0,0,0,0,34905,35923,37339,38419,39316,35902,1600,2000,1703,1600,1400,10350,0
credit_classification_train_000228,150000,34,1,-2,-2,-2,-1,2,0,0,0,0,552,252,0,0,0,552,0,13404,1
credit_classification_train_000229,50000,22,2,0,0,0,0,0,47076,48628,48524,8411,8587,8758,2617,2463,350,311,313,324,1
credit_classification_train_000230,70000,41,0,0,0,0,0,-1,6017,8798,3810,2790,0,4513,3000,1500,0,0,4513,0,0
credit_classification_train_000231,50000,46,2,2,2,2,0,0,46677,48101,49060,47086,9306,8962,2500,2400,4,503,1109,703,1
credit_classification_train_000232,210000,34,0,0,0,0,0,0,205475,206616,212391,208931,146005,145343,9500,9207,8500,5200,5200,5000,0
credit_classification_train_000233,230000,26,-1,-1,-2,-2,-2,-2,3741,0,0,0,0,0,0,0,0,0,0,1010,1
credit_classification_train_000234,340000,34,-1,-1,-1,-1,2,0,332,332,332,142202,139245,116431,332,332,142402,6,20032,3022,1
credit_classification_train_000235,390000,31,0,0,0,0,0,0,381453,375926,363787,291427,260026,178599,15024,30002,15052,10507,25001,25082,0
credit_classification_train_000236,170000,44,-1,-1,-1,-1,-1,-1,2500,804,2016,3957,4956,482,804,5991,3957,5444,482,626,0
credit_classification_train_000237,290000,34,-2,-2,-2,-2,-2,-2,0,0,1100,6000,3533,880,0,1100,6000,3533,880,193,0
credit_classification_train_000238,410000,31,0,0,0,0,0,0,134072,133604,133882,135954,134250,129971,15003,15877,30000,14250,9971,27380,0
credit_classification_train_000239,260000,43,1,-1,-1,-1,-1,-2,0,2000,1620,8010,0,0,2000,1620,8080,0,0,0,0
credit_classification_train_000240,280000,47,0,0,0,0,0,0,229281,233992,186321,180598,20596,15311,20213,8003,9002,5000,5000,5000,0
credit_classification_train_000241,200000,51,-1,-1,-1,-1,-1,-1,9754,55904,8720,4410,1186,28679,56243,8860,4410,1186,28679,0,1
credit_classification_train_000242,160000,30,-2,-2,-2,-2,-2,-2,-38,-38,-38,-38,-38,-38,0,0,0,0,0,0,0
credit_classification_train_000243,50000,39,0,0,2,-1,0,0,58300,59727,142,29886,30510,31276,7876,161,74354,927,1089,9100,0
credit_classification_train_000244,110000,44,0,0,2,2,2,2,87418,93862,91505,98566,99700,97833,7900,0,8600,3800,0,3700,1
credit_classification_train_000245,20000,25,0,0,0,0,0,0,19791,19591,15788,14911,11699,12224,1917,1000,1000,1000,1068,0,1
credit_classification_train_000246,220000,25,0,0,0,0,0,0,93674,123673,92036,93935,94607,93903,3500,4846,3000,3000,3000,10000,0
credit_classification_train_000247,220000,48,1,-2,-2,-2,-2,-2,0,0,0,0,0,0,0,0,0,0,0,0,0
credit_classification_train_000248,20000,33,2,0,0,0,0,0,18075,19075,19106,18467,19018,19383,1600,1601,810,1000,692,647,1
credit_classification_train_000249,110000,35,0,0,0,0,0,0,114023,102850,66639,57595,58814,60086,4097,3360,2100,2100,2200,3000,1
credit_classification_train_000250,50000,41,2,2,2,2,2,2,24064,24981,25473,25857,26298,25725,1600,1200,1100,1000,0,1948,1
credit_classification_train_000251,50000,24,0,0,0,0,0,0,49144,48202,43656,29466,29936,30350,1837,1462,1038,1086,1069,1034,0
credit_classification_train_000252,50000,30,2,0,0,-2,-2,-2,6425,4580,0,0,0,0,1050,0,0,0,0,0,1
credit_classification_train_000253,300000,27,0,0,-1,-1,0,-1,1726,-9,1974,17648,36732,1000,2800,1983,17652,36183,1002,0,0
credit_classification_train_000254,150000,31,-2,-2,-2,-2,-1,2,9846,5345,0,0,1493,159,5345,0,0,1493,0,1119,0
credit_classification_train_000255,140000,29,1,-2,-2,-2,-2,-2,0,0,0,0,0,0,0,0,0,0,0,0,0
credit_classification_train_000256,20000,24,0,0,0,-1,-1,-1,16393,8118,5463,1379,2668,390,1688,1463,1379,2668,390,390,0
credit_classification_train_000257,20000,45,-1,-1,-1,0,-1,-1,10827,8264,2480,390,880,1560,8264,2480,0,880,1070,40000,0
credit_classification_train_000258,30000,23,0,0,0,0,0,0,30235,28246,30395,29962,30360,29899,3000,3000,2468,1700,2500,1046,0
credit_classification_train_000259,230000,61,-1,-1,-1,-1,-1,-1,1477,3699,2252,4932,2783,7411,3710,2266,7338,2791,7433,4527,0
credit_classification_train_000260,20000,46,0,0,0,0,0,0,10640,11252,12277,12287,12140,11990,1185,1600,1000,243,240,619,0
credit_classification_train_000261,50000,40,-1,-1,-1,-1,-1,-1,4860,8389,22049,8110,3164,10148,8389,22049,8117,3164,10148,7949,0
credit_classification_train_000262,30000,27,2,-1,0,0,-1,-1,1473,2998,2946,1473,1473,28058,2998,1473,0,1473,28058,1100,1
credit_classification_train_000263,30000,22,2,2,0,0,0,0,30678,29893,29086,25352,25096,24920,1,1957,678,684,776,235,0
credit_classification_train_000264,310000,29,0,0,0,0,0,0,26597,27141,25567,21794,20911,14023,1732,1408,1209,622,600,748,0
credit_classification_train_000265,130000,28,-1,-1,-1,-1,-2,-2,500,0,35660,-20,-20,-20,0,35660,0,0,0,5350,0
credit_classification_train_000266,100000,25,-1,0,0,0,-2,-2,91842,40308,41800,0,0,0,1809,2301,0,0,0,0,0
credit_classification_train_000267,210000,40,-1,-1,0,0,0,0,5130,15266,11423,9329,12329,10039,15266,2500,1200,3000,1077,2104,0
credit_classification_train_000268,50000,30,0,0,0,0,-2,-2,34811,30753,6680,0,0,0,2000,1000,0,0,0,0,1
credit_classification_train_000269,50000,32,2,2,3,2,2,2,38023,39589,40160,40796,41526,42209,2500,1500,1600,1700,1500,3600,1
credit_classification_train_000270,180000,63,0,0,0,0,0,0,157932,156847,130572,120464,109129,112273,7000,5500,4218,4500,5000,4000,0
credit_classification_train_000271,210000,29,0,0,0,0,0,0,67931,65289,64778,65861,63794,65069,12411,13000,12340,14000,12364,13000,0
credit_classification_train_000272,50000,22,2,2,2,0,0,0,41632,44069,37395,32284,32805,33751,3509,0,1302,1191,1492,1949,1
credit_classification_train_000273,70000,23,0,0,0,0,0,0,45743,38365,38988,38192,28775,16497,1619,4000,1200,592,330,177,0
credit_classification_train_000274,100000,27,2,3,3,2,2,3,97156,97634,96461,96975,101280,101935,2900,1300,3000,5450,2000,0,1
credit_classification_train_000275,100000,41,1,-1,-1,-2,-1,0,0,840,0,0,63562,66520,840,0,0,63562,4000,3000,1
credit_classification_train_000276,80000,25,1,-1,0,0,0,0,-51,68779,70239,72556,75372,75406,72500,2564,3500,4000,3000,3101,0
credit_classification_train_000277,30000,42,2,2,0,0,0,0,28485,27204,28234,28272,28494,28182,0,2000,2483,1003,969,1208,1
credit_classification_train_000278,100000,41,-2,-2,-2,-2,-2,-2,0,0,0,0,0,0,0,0,0,0,0,0,1
credit_classification_train_000279,400000,55,-1,-1,2,0,-1,0,530,5332,5101,6201,2173,2803,5101,6,2000,2173,2000,4500,0
credit_classification_train_000280,230000,61,-2,-2,-2,-2,-2,-2,1443,1443,1443,1443,1443,1443,1443,1443,1443,1443,1443,1443,0
credit_classification_train_000281,180000,36,-2,-2,-2,-1,-1,-1,11540,633,606,20972,940,1383,633,606,20999,940,1383,0,0
credit_classification_train_000282,20000,43,4,3,2,2,0,0,20461,19833,20502,19461,19244,20130,0,1700,0,800,1600,1000,0
credit_classification_train_000283,50000,40,1,2,0,0,0,0,25667,26441,27213,28521,28458,29053,1500,1500,1771,1500,1053,1093,0
credit_classification_train_000284,240000,28,0,0,0,0,0,0,133230,136579,139281,132487,107437,109237,5500,5036,4000,6200,5500,5000,0
credit_classification_train_000285,90000,31,0,0,0,2,2,2,23418,24443,26695,25967,26946,28346,1408,2660,0,1400,2000,1200,0
credit_classification_train_000286,100000,49,0,0,0,2,2,2,63977,64854,69258,67546,71938,73605,2500,6100,0,5500,3000,0,1
credit_classification_train_000287,310000,35,0,0,0,0,0,0,184404,180576,175348,139525,139156,115785,6225,5808,4312,4427,4524,4263,0
credit_classification_train_000288,330000,28,1,-2,-2,-2,-2,-2,0,1056,2006,-2,1683,1382,1056,2014,0,1685,1388,967,0
credit_classification_train_000289,100000,44,1,2,0,0,0,0,97581,94594,44145,46148,43750,44771,0,2000,3000,2000,2000,2000,0
credit_classification_train_000290,100000,28,0,0,0,0,0,0,102697,100462,101879,100999,101188,99328,4600,4000,4000,4000,4000,4400,0
credit_classification_train_000291,70000,49,1,2,0,0,2,2,38228,37318,38061,42545,43346,44105,0,1649,5133,1800,1600,1900,1
credit_classification_train_000292,20000,47,0,0,0,0,0,0,17059,36219,15431,16260,15770,15880,1500,4000,1600,500,500,400,0
credit_classification_train_000293,220000,37,2,0,-1,-1,0,0,2345,2572,15,947,631,715,1007,16,1578,0,400,1,1
credit_classification_train_000294,50000,26,-1,0,0,0,0,0,18017,18561,19204,19588,20024,18694,1629,1272,656,706,954,700,0
credit_classification_train_000295,50000,50,0,0,0,-1,-1,-1,47155,23882,10054,3122,8471,6315,2000,4038,3129,8471,12508,19216,0
credit_classification_train_000296,80000,37,2,2,2,2,2,2,58024,59300,59831,60554,61938,63269,2800,2100,2300,2500,2500,500,1
credit_classification_train_000297,70000,45,1,1,-1,0,0,0,116630,-67526,71562,68709,28528,29171,0,140043,1830,1021,1103,1011,0
credit_classification_train_000298,230000,33,-2,-2,-2,-2,-2,-2,5869,11556,156,2403,1546,7915,11556,156,2403,1546,7915,0,0
credit_classification_train_000299,70000,26,0,0,0,0,0,-1,50680,51256,47394,7879,-1940,27545,2000,1500,0,0,30000,656,0
credit_classification_train_000300,110000,29,0,0,0,0,0,0,104163,92199,85868,74198,69783,66132,3400,3706,3009,2400,2300,2500,0
credit_classification_train_000301,50000,32,2,0,0,0,0,0,40486,41526,42539,43532,42858,43481,1691,1704,1697,1558,1727,1446,1
credit_classification_train_000302,100000,44,-1,-1,-1,-1,-1,-1,9242,181,1782,1338,768,2643,181,1794,1338,768,2643,0,0
credit_classification_train_000303,160000,23,0,0,0,0,-1,-1,17920,17195,17164,7175,1942,100025,2000,3181,3012,1942,100025,3000,0
credit_classification_train_000304,240000,54,0,0,0,0,2,0,60381,64395,66323,70422,69170,71018,5000,3000,5200,0,3000,5400,0
credit_classification_train_000305,210000,40,0,-1,-1,-1,-1,-1,2616,7537,6730,3447,16220,5566,7537,6730,3447,16220,7564,2632,0
credit_classification_train_000306,90000,39,-1,2,-1,-1,0,0,2489,1242,1062,1062,1062,0,0,1062,1062,0,0,0,0
credit_classification_train_000307,70000,28,1,2,2,2,0,0,70736,72014,72215,70779,62525,71427,3000,2200,0,3000,10000,10000,1
credit_classification_train_000308,360000,46,-1,-1,-1,-1,-1,-1,6402,13301,3762,7483,6399,9145,13389,3785,7527,6418,9187,15762,1
credit_classification_train_000309,180000,29,-1,0,0,0,0,0,36567,26613,26941,27705,21955,0,1682,1400,1554,0,0,0,0
credit_classification_train_000310,100000,33,0,0,0,2,2,2,34139,38219,42604,44607,45576,46495,5000,5000,3000,2000,1800,1600,0
credit_classification_train_000311,280000,29,-1,-1,-1,-1,-1,-1,2187,1461,53603,976,20825,1159,1469,53871,981,20929,1164,0,0
credit_classification_train_000312,130000,32,0,0,0,0,0,2,132105,130973,97006,60608,62065,60842,8000,4559,5000,5000,0,6000,0
credit_classification_train_000313,50000,33,1,2,0,0,0,0,51421,50322,49741,28442,28597,29375,0,1379,945,2002,2008,1002,1
credit_classification_train_000314,240000,28,0,0,0,0,0,0,188956,189678,189471,191623,195624,199259,7200,7500,6300,6000,6100,6000,0
credit_classification_train_000315,230000,46,-1,-1,-1,-1,-1,-1,4328,1518,1958,368,1613,1371,1518,1972,368,1613,1371,752,1
credit_classification_train_000316,230000,25,-2,-2,-2,-2,-2,-2,0,0,13499,9078,11009,6172,0,13499,9117,11009,6172,869,0
credit_classification_train_000317,110000,28,0,0,0,-1,-1,-1,10048,8311,3404,407,1250,88628,2000,3000,410,1250,89035,3491,0
credit_classification_train_000318,200000,51,-1,-1,-1,-1,-1,-1,1690,0,396,792,0,396,0,396,792,0,396,792,1
credit_classification_train_000319,20000,24,4,3,2,2,2,2,16549,16002,16047,15492,16739,16320,0,600,0,1500,0,2000,1
credit_classification_train_000320,60000,27,0,0,0,0,0,-1,40831,34613,28178,23199,572,27425,1617,1616,1008,1036,28848,1100,0
credit_classification_train_000321,260000,33,0,0,0,0,0,0,93767,80944,67691,53334,76056,64968,3014,3017,2016,43000,2000,2000,0
credit_classification_train_000322,40000,26,0,0,0,0,2,2,31475,32663,33813,34952,36447,35515,2000,2000,2000,2500,0,1500,0
credit_classification_train_000323,50000,55,0,0,0,0,0,0,50528,50541,49345,20238,18646,19034,2100,1305,1201,663,684,652,0
credit_classification_train_000324,50000,27,2,2,-2,-1,-1,-1,1884,570,180,2672,3101,5465,570,0,2672,3101,5465,0,0
credit_classification_train_000325,100000,34,0,0,0,0,0,-1,9728,11099,8761,8289,6980,5571,5000,1333,3000,3000,5571,5149,0
credit_classification_train_000326,200000,34,2,2,2,2,2,2,71817,73376,71672,76004,74225,78193,3300,0,6100,0,5300,3500,1
credit_classification_train_000327,70000,37,0,0,2,0,0,2,23546,26630,25922,27177,28930,28329,3800,0,2000,2200,0,2100,0
credit_classification_train_000328,240000,53,0,0,0,0,0,0,232943,236437,133385,136654,136639,123951,9700,5000,5500,5500,5000,5000,0
credit_classification_train_000329,50000,49,1,2,0,0,0,0,47360,45915,46686,47084,14253,15479,0,2200,2000,1000,2000,2000,0
credit_classification_train_000330,50000,34,0,0,0,0,0,0,24636,25064,51224,26230,18755,19227,1500,2300,2800,1000,1150,1000,0
credit_classification_train_000331,20000,24,0,0,0,0,0,0,18916,18556,19162,19293,19298,19198,1600,1805,1400,405,400,0,0
credit_classification_train_000332,170000,35,2,2,2,2,2,2,131909,133178,131711,139143,140987,144187,4800,2000,11000,5500,5500,5400,1
credit_classification_train_000333,200000,26,1,2,2,2,2,2,58050,2500,2500,2500,2500,2500,0,0,0,0,0,0,1
credit_classification_train_000334,170000,32,-1,2,0,0,0,0,69013,67397,69518,70616,79267,84140,0,3800,2800,10000,6129,0,0
credit_classification_train_000335,250000,24,1,-2,-1,-1,-1,0,0,0,1859,3582,18717,20213,0,1859,2628,41000,3000,2000,0
credit_classification_train_000336,200000,41,0,0,0,0,0,0,30689,31895,32808,28298,26538,24645,5003,5000,5000,2000,5000,3000,0
credit_classification_train_000337,260000,30,0,0,0,0,0,0,162241,137320,126479,110217,102703,84519,5045,8016,5000,4000,4014,3000,0
credit_classification_train_000338,20000,31,2,2,2,2,0,0,13516,13996,14475,14936,15688,16435,1000,1000,1000,1000,1000,700,1
credit_classification_train_000339,30000,24,0,0,0,-1,-1,2,25063,22275,0,517,25420,24863,1545,0,1517,25420,0,980,0
credit_classification_train_000340,150000,40,0,0,0,0,0,0,172935,46462,42407,28265,25402,21514,35749,3016,1201,601,2002,1020,0
credit_classification_train_000341,230000,32,0,0,0,0,0,0,28114,28006,25000,22046,19860,19831,1610,1224,655,627,620,500,0
credit_classification_train_000342,30000,26,0,0,0,0,2,0,20105,21419,22278,24423,19985,15021,1650,1506,2651,0,2044,550,0
credit_classification_train_000343,400000,48,0,0,0,0,0,0,112789,115910,120657,122338,124145,113477,5000,6624,5200,3826,3363,3398,0
credit_classification_train_000344,300000,50,-2,-2,-2,-2,-2,-2,22443,31175,26476,27782,23325,49146,31175,26476,27782,23325,49146,13164,0
credit_classification_train_000345,50000,23,0,0,0,0,0,0,49026,48983,38417,27038,26254,26352,1748,1408,1000,1000,1000,1000,0
credit_classification_train_000346,80000,24,0,0,0,0,0,0,77883,78749,77025,66725,21604,9352,3500,4000,2784,1882,1000,457,0
credit_classification_train_000347,150000,26,0,0,-1,-1,-2,-1,9189,4359,4880,0,0,2250,2000,4880,0,0,2250,0,0
credit_classification_train_000348,110000,42,0,0,0,0,2,2,70265,74102,77901,84592,82350,87186,5000,5000,8000,0,7000,0,1
credit_classification_train_000349,140000,27,0,0,0,0,0,0,136276,139504,140262,138958,136898,141634,7000,6000,7000,5000,10700,4600,0
credit_classification_train_000350,150000,44,0,0,0,0,0,0,37050,39471,41515,43879,44446,45394,3000,2636,3000,1528,1600,2000,0
credit_classification_train_000351,470000,39,-1,-1,-1,-1,-1,-1,5572,3595,22816,2360,4206,5527,3595,22816,2360,4356,5527,6420,0
credit_classification_train_000352,80000,25,-1,-1,-1,-1,-1,-1,571,3948,4695,390,1289,935,3952,4695,390,1289,935,390,0
credit_classification_train_000353,220000,47,-1,2,-1,-1,-1,-1,628,314,290,5134,346,427,1,291,5159,347,428,14473,0
credit_classification_train_000354,10000,29,2,2,2,2,3,2,5833,8162,8480,9089,8658,8372,2600,600,895,0,0,764,1
credit_classification_train_000355,170000,28,1,-2,-1,0,0,0,0,0,9311,10257,20872,34403,0,9311,1257,10872,14003,1500,0
credit_classification_train_000356,160000,42,0,0,0,0,0,0,35815,38023,40180,41318,42605,43857,3000,3000,2000,2000,2000,2000,0
credit_classification_train_000357,200000,37,0,0,0,0,0,0,5766,6786,7796,8512,10205,11032,1274,1284,1000,2000,1000,574,0
credit_classification_train_000358,280000,34,0,0,0,0,0,0,82691,75867,76835,70722,60694,62032,3500,3200,2500,2400,2500,2500,0
credit_classification_train_000359,20000,47,0,0,2,2,2,2,7384,9356,9400,10085,9785,10481,2108,352,837,0,855,0,1
credit_classification_train_000360,20000,53,0,0,0,0,0,0,18856,19840,18588,17650,18003,18390,1318,1298,1260,613,645,732,0
credit_classification_train_000361,80000,26,0,0,0,0,0,0,42972,44210,42418,43410,44684,45808,2000,2100,2000,2000,2000,2000,0
credit_classification_train_000362,170000,63,0,0,0,0,0,0,54957,56462,58023,59560,61442,63422,3000,2500,2500,3000,3000,2651,0
credit_classification_train_000363,210000,26,0,0,0,0,0,0,132909,135210,140056,143584,147832,150953,7000,7003,8000,8000,5500,7000,0
credit_classification_train_000364,50000,44,0,0,0,0,0,0,50893,28527,29241,28513,29106,29638,1800,1500,1200,1203,1166,1000,0
credit_classification_train_000365,270000,31,0,0,-2,-1,-1,0,13759,0,0,2786,4686,3184,0,0,2786,4686,0,0,0
credit_classification_train_000366,500000,29,0,0,0,0,0,0,33252,39078,33086,18304,16604,9505,10000,2014,3030,8006,1000,1000,0
credit_classification_train_000367,100000,32,0,0,0,0,0,0,54933,56151,56677,58237,59643,63275,2700,2055,2500,2500,4800,2500,0
credit_classification_train_000368,50000,38,0,0,0,0,0,0,25809,14888,20803,18395,18386,18420,2000,20000,700,665,727,505,0
credit_classification_train_000369,20000,22,1,4,3,2,0,0,17456,16896,16345,15785,17018,18736,0,0,0,1500,2000,2000,1
credit_classification_train_000370,80000,48,2,2,2,0,0,0,63695,33283,22442,15553,5593,1350,6056,652,517,0,27,5200,0
credit_classification_train_000371,150000,29,-1,-1,-1,0,0,-2,46745,20853,90787,11232,0,0,20995,91269,56,0,0,0,0
credit_classification_train_000372,150000,48,-2,-2,-2,-2,-2,-2,6773,1731,21886,447,3458,898,1731,21888,447,3458,898,2001,0
credit_classification_train_000373,260000,33,0,0,0,0,0,0,151123,134736,135593,120909,102524,40157,4002,6067,10000,3000,40157,1466,1
credit_classification_train_000374,450000,40,-2,-2,-2,-2,-2,-2,5512,19420,1473,560,0,0,19428,1473,560,0,0,1128,1
credit_classification_train_000375,160000,42,-1,-1,-1,-1,-1,-1,13849,40862,2239,552,19367,-1,40991,2252,553,19425,0,649,0
credit_classification_train_000376,100000,42,0,0,0,0,0,0,117464,81625,81815,78927,77418,74657,2962,2986,2807,2686,2767,2909,1
credit_classification_train_000377,80000,41,0,0,-1,0,-1,-1,3482,2946,1524,2946,1473,0,1000,1524,1473,1473,0,390,0
credit_classification_train_000378,230000,39,0,0,0,0,0,0,63370,64621,65380,66520,66343,63498,2305,2515,2370,2180,2500,2200,0
credit_classification_train_000379,50000,24,1,2,2,0,0,0,52354,52651,51056,49515,42189,19938,2211,0,2174,2000,6473,0,1
credit_classification_train_000380,240000,30,-2,-2,-2,-2,-2,-2,0,0,9625,8864,9248,23353,0,9625,0,9248,23353,1205,0
credit_classification_train_000381,50000,26,0,0,0,0,0,0,41375,35398,27906,23043,19167,19478,1515,1424,1315,1000,1000,1000,0
credit_classification_train_000382,100000,36,-1,-1,-1,-1,-1,-1,476,476,476,476,476,1075,476,476,476,476,1075,876,0
credit_classification_train_000383,120000,42,0,0,0,0,0,0,3135,4422,5540,6442,7182,8057,1500,1200,1000,1000,1000,1000,0
credit_classification_train_000384,120000,26,0,0,0,0,0,0,74831,78082,80333,82497,84438,86332,4000,3062,3000,2773,3000,1899,0
credit_classification_train_000385,70000,37,0,0,0,0,0,0,57981,66858,65303,63066,28291,25258,15000,3247,3500,837,1000,2500,0
credit_classification_train_000386,190000,31,0,0,0,2,2,0,104503,106773,114791,106414,96980,90700,4000,9844,3283,24,3297,3325,0
credit_classification_train_000387,200000,27,-2,-2,-2,-2,-2,-2,4257,3690,4460,3190,5238,950,3690,4460,3190,5238,950,250,1
credit_classification_train_000388,400000,51,1,-2,-2,-2,-2,-2,-9,1084,3884,0,27703,0,1093,3884,0,27703,0,56677,0
credit_classification_train_000389,30000,24,-1,-1,2,-1,3,2,5857,20190,18794,6650,6118,2235,18794,0,6650,0,0,13000,0
credit_classification_train_000390,20000,23,0,0,0,0,0,0,19082,19286,19637,18826,19522,21775,1321,1400,1000,1000,2583,0,0
credit_classification_train_000391,200000,31,0,0,0,0,0,0,202139,202431,201911,201971,201351,201933,7000,7000,7000,7000,7000,7000,0
credit_classification_train_000392,150000,23,0,0,0,0,0,0,58757,59555,59684,59501,59075,59171,2714,2812,2599,2143,2208,2112,0
credit_classification_train_000393,50000,26,1,-2,-2,-1,-1,-1,0,0,0,1363,0,1624,0,0,1363,0,1624,2349,0
credit_classification_train_000394,300000,31,-1,-1,-1,-1,-1,-1,40779,5401,2444,578,390,1424,5401,2444,578,390,1424,390,0
credit_classification_train_000395,20000,24,1,2,0,0,0,2,16981,16424,17242,18448,19495,20026,0,1400,1500,1500,1000,0,1
credit_classification_train_000396,190000,44,0,0,0,0,0,0,181045,184249,158883,99255,80219,81912,8000,7000,4000,3000,3000,3000,0
credit_classification_train_000397,20000,28,1,2,2,2,0,0,2013,1837,3831,2825,1970,1735,0,2212,0,0,175,0,0
credit_classification_train_000398,50000,23,0,0,0,0,0,0,47385,48790,19306,19857,20361,20051,2472,1234,785,900,2800,1500,0
credit_classification_train_000399,290000,30,0,0,0,-1,0,0,288994,296230,158127,234456,236813,211237,12549,7003,234456,9500,7592,7626,1
credit_classification_train_000400,290000,48,-1,0,0,-1,-1,-1,284990,274764,225000,16635,15000,47143,10000,25000,16635,15000,47143,2088,0
credit_classification_train_000401,310000,34,0,0,0,0,0,0,270776,263983,215686,186680,82775,107595,11080,8054,7037,2010,50186,2011,0
credit_classification_train_000402,20000,24,-1,-1,-2,-1,-1,-2,4983,-74,-74,749,0,0,0,0,823,0,0,519,0
credit_classification_train_000403,400000,27,1,-2,-1,-1,-2,-1,0,0,890,0,0,1180,0,890,0,0,1180,1470,0
credit_classification_train_000404,30000,27,2,0,0,2,2,2,20581,21632,24267,24572,24872,25427,1700,3300,1000,1000,1100,1000,1
credit_classification_train_000405,180000,25,2,2,2,0,0,0,10022,12847,12351,12350,12608,12892,3000,0,500,455,491,500,1
credit_classification_train_000406,240000,31,0,0,0,0,0,0,3371,2880,6809,29324,30924,35770,2000,4015,25000,2000,5000,2000,0
credit_classification_train_000407,200000,30,2,4,4,4,4,4,173639,176605,179754,182763,184570,184091,7310,7459,7468,6275,3000,0,0
credit_classification_train_000408,120000,39,0,0,0,0,0,0,31611,32264,32786,33018,27114,26287,1562,1500,1059,988,922,826,0
credit_classification_train_000409,30000,41,0,0,0,0,0,0,26300,27308,28425,29233,21575,22029,1450,1560,1350,1000,801,1000,0
credit_classification_train_000410,200000,29,1,-2,-2,-2,-2,-2,0,0,0,0,0,0,0,0,0,0,0,0,1
credit_classification_train_000411,50000,48,0,0,0,0,0,0,11839,13240,14015,14293,14763,14968,1600,1300,511,700,600,800,1
credit_classification_train_000412,90000,28,0,0,-2,-2,-2,-2,5580,0,0,0,0,0,0,0,0,0,0,776,0
credit_classification_train_000413,220000,41,-1,0,-1,-1,-1,-2,30038,22411,7141,3070,2609,10273,1089,7161,4072,2613,10322,511,0
credit_classification_train_000414,160000,25,0,0,0,0,0,0,4071,4554,4770,5494,4586,4686,1060,1276,1000,92,100,1000,0
credit_classification_train_000415,20000,30,-1,-1,-1,-1,-1,-1,1473,1473,390,390,390,0,1473,390,390,390,0,780,0
credit_classification_train_000416,40000,56,1,-2,-2,-2,-2,-2,0,0,0,0,0,0,0,0,0,0,0,0,1
credit_classification_train_000417,30000,40,-1,2,-1,0,-1,-1,780,390,650,260,370,-20,0,650,0,500,0,800,0
credit_classification_train_000418,60000,40,0,0,0,0,0,0,57030,48742,35628,31738,28217,29817,5000,2000,1022,1009,5000,1000,0
credit_classification_train_000419,30000,25,0,0,3,2,2,2,24709,28970,28233,27481,29484,30157,5000,0,0,2471,1300,4800,0
credit_classification_train_000420,30000,43,2,2,2,2,2,2,15780,15246,17838,17272,18131,17711,0,3141,0,1434,0,1581,1
credit_classification_train_000421,190000,28,-2,-2,-2,-2,-2,-2,0,2278,918,859,1300,514,2278,918,864,1300,514,175,0
credit_classification_train_000422,30000,33,3,2,2,0,0,2,19932,20708,20089,22717,26073,25583,1400,0,3000,5000,0,800,1
credit_classification_train_000423,290000,29,0,0,0,0,0,0,232319,109791,106730,93882,91746,76547,5071,4539,3000,3500,3856,3000,0
credit_classification_train_000424,50000,31,1,-2,-1,-1,-1,2,0,0,190,0,36059,32851,0,190,0,36059,0,2420,0
credit_classification_train_000425,40000,22,0,0,0,0,0,0,34521,35662,36918,37478,20650,0,2000,2000,1071,1500,0,0,1
credit_classification_train_000426,80000,61,1,-2,-2,-2,-2,-2,0,0,0,0,0,0,0,0,0,0,0,0,1
credit_classification_train_000427,90000,26,2,2,-1,2,0,0,121368,102385,91591,66033,70654,121966,0,95800,0,6000,3000,3000,0
credit_classification_train_000428,70000,29,0,0,0,0,-1,-1,58305,61710,64114,66775,161,5746,5000,4000,5000,161,5800,1500,0
credit_classification_train_000429,260000,64,2,2,2,2,2,2,2500,2500,2500,2500,2500,2500,0,0,0,0,0,0,1
credit_classification_train_000430,20000,25,0,0,0,0,0,0,4120,5387,6440,7373,8246,11095,1500,1300,1200,1000,3000,406,0
credit_classification_train_000431,130000,38,0,0,0,0,0,0,123044,122981,102151,90917,92729,93359,4949,4000,3250,3231,3324,3242,0
credit_classification_train_000432,400000,37,1,1,1,2,0,0,13611,15066,15882,12599,18599,12284,3019,5014,3,7040,2006,2005,0
credit_classification_train_000433,210000,35,0,0,0,0,0,0,147812,135624,125469,103409,75498,72020,5000,7000,5000,4000,2447,3000,0
credit_classification_train_000434,20000,38,0,0,0,0,-1,-1,11805,12186,9331,6927,12457,8900,1400,1023,0,12469,598,1,1
credit_classification_train_000435,180000,31,-2,-1,-1,-1,-1,0,10790,7239,30418,31370,13496,23943,7239,30418,31370,13496,12000,22593,0
credit_classification_train_000436,360000,36,0,0,0,0,0,0,16557,18369,20067,48307,12918,12375,3000,2000,29079,1066,1000,1000,0
credit_classification_train_000437,390000,32,-1,-1,-1,-1,-1,0,2075,0,682,10943,9942,11168,0,682,11130,9942,6600,1000,0
credit_classification_train_000438,360000,58,-1,-1,-1,-1,0,-1,1351,554,1090,780,390,388,554,1096,780,0,388,887,0
credit_classification_train_000439,80000,40,0,0,0,0,0,0,78717,75873,68602,54617,55987,53895,3300,3300,2000,2200,2100,1900,0
credit_classification_train_000440,40000,43,1,3,2,2,3,2,9268,8974,8885,10583,10269,9960,0,200,2000,0,0,1200,0
credit_classification_train_000441,400000,31,-1,-1,-1,-1,0,0,4209,14858,28082,20188,68992,27613,14894,28222,20214,57060,16017,115710,0
credit_classification_train_000442,500000,54,0,0,0,0,0,0,355251,354394,359522,362412,362550,359481,12680,13464,12821,15033,12788,13000,0
credit_classification_train_000443,230000,29,0,0,0,0,0,0,70069,64375,65691,67150,68398,69917,3000,2386,2553,2483,2657,3000,0
credit_classification_train_000444,60000,25,0,0,0,0,0,0,16006,16840,18001,18048,12583,12754,1400,1500,500,700,500,1000,0
credit_classification_train_000445,130000,25,0,0,0,0,0,0,39074,39767,38680,5654,1938,522,1766,1521,3100,0,10,0,0
credit_classification_train_000446,50000,24,2,0,0,0,0,0,50710,45641,29259,9442,9792,9684,1974,1552,334,498,500,493,1
credit_classification_train_000447,360000,39,1,-2,-2,-2,-2,-2,0,0,271,-1,560,0,0,271,0,561,0,0,0
credit_classification_train_000448,170000,31,-1,-1,-1,-1,0,-1,2908,3408,2908,9283,2908,2908,3408,2908,9283,0,2908,7163,0
credit_classification_train_000449,50000,47,0,0,0,0,0,0,49032,48764,49521,48830,49728,50146,2599,2556,1665,1600,1800,2000,0
credit_classification_train_000450,200000,42,0,0,0,0,0,0,161514,163340,168701,172074,173907,184067,6000,8000,8000,6500,13500,0,1
credit_classification_train_000451,50000,25,-1,2,0,0,0,-1,2823,1760,2640,1760,880,1910,0,1760,0,0,1910,0,1
credit_classification_train_000452,350000,33,0,0,-1,-1,0,0,14118,4278,8621,970,1345,2267,3922,8621,970,1000,1917,454,0
credit_classification_train_000453,180000,38,0,0,0,0,0,0,150345,145797,147825,145482,141846,132687,5300,6840,6700,5100,5000,4800,1
credit_classification_train_000454,70000,52,-1,-1,-1,0,0,0,1000,1098,28229,28046,24446,22151,1098,30005,1350,800,750,780,0
credit_classification_train_000455,200000,29,0,0,0,0,0,0,74566,73700,73624,73928,72060,72393,3213,3304,3815,3004,3006,4012,0
credit_classification_train_000456,50000,47,1,3,2,2,2,5,28164,27432,28668,29191,35551,34420,0,2000,1300,7000,0,0,1
credit_classification_train_000457,20000,26,0,0,0,0,0,0,4491,5906,7298,8515,9869,11196,1500,1500,1500,1500,1500,1500,0
credit_classification_train_000458,50000,50,-1,-1,-1,-1,-1,-1,7056,2840,1413,2890,4715,1262,2840,1413,2890,4715,1262,5483,0
credit_classification_train_000459,80000,25,0,0,0,0,0,0,29820,24513,19664,19258,20842,16386,2306,2000,1000,2000,1500,29651,0
credit_classification_train_000460,360000,29,-1,-1,-1,-1,0,-1,1360,7995,-7,3651,2085,1102,8035,0,3658,10,1107,584,0
credit_classification_train_000461,200000,34,-1,-1,-1,-1,-1,-2,3692,-16,1886,4700,0,0,0,1902,4723,0,0,0,0
credit_classification_train_000462,50000,39,1,3,2,2,2,2,50180,49089,48935,18243,20285,17175,0,1266,0,2301,0,748,0
credit_classification_train_000463,410000,46,-1,-1,-1,-1,-1,-1,5135,2916,13379,5165,5034,3089,2916,13379,5180,5851,3089,6271,0
credit_classification_train_000464,30000,29,1,2,2,2,2,2,16609,16057,18089,17504,18727,18279,0,2300,0,1500,0,1500,1
credit_classification_train_000465,210000,30,-1,0,0,0,0,0,1060,3229,4107,5931,4665,6607,2200,1005,3208,2000,2000,49980,0
credit_classification_train_000466,300000,28,0,0,2,2,2,2,275855,286812,280337,318248,316147,303666,15000,7000,50000,12000,0,13000,1
credit_classification_train_000467,260000,39,0,0,0,0,0,0,30498,31500,31619,22020,22040,23061,1894,1403,1642,1053,2000,425,0
credit_classification_train_000468,200000,30,0,0,0,0,0,0,67825,70193,64997,60907,62452,62191,10000,3000,2154,2500,2400,2300,0
credit_classification_train_000469,210000,36,-1,-1,0,-1,-1,-1,2853,8028,10827,5385,1187,1552,8037,6018,5388,1191,1554,1870,0
credit_classification_train_000470,80000,24,-2,-2,-1,-1,-1,-1,1138,800,179,1755,0,1190,804,179,1755,0,1190,0,0
credit_classification_train_000471,330000,65,-2,-1,-1,-2,-2,-2,0,2500,0,0,0,0,2500,0,0,0,0,0,0
credit_classification_train_000472,360000,37,-1,-1,-1,-1,-1,-1,1066,0,878,1142,926,1401,0,878,1142,926,1401,938,1
credit_classification_train_000473,130000,26,0,0,0,0,0,0,187600,185945,183828,164667,132746,57989,6074,6037,4646,4230,1941,2151,0
credit_classification_train_000474,50000,47,0,0,0,0,0,0,19949,19356,19849,20301,17951,17254,2000,2000,2000,1000,1000,1000,0
credit_classification_train_000475,20000,37,0,0,0,0,0,-2,16436,17584,18166,8190,8190,0,1418,1000,3144,0,0,0,0
credit_classification_train_000476,210000,31,-1,-1,-1,-1,-1,-1,1154,1368,1080,1567,788,0,1368,1080,1567,788,0,1638,1
credit_classification_train_000477,190000,39,1,-2,-2,-2,-2,-2,-2,-2,-472,-472,-472,-472,0,0,0,0,0,0,1
credit_classification_train_000478,150000,28,0,0,0,0,0,0,62122,46576,43583,45569,46533,47653,2000,2500,3000,2000,2000,3000,0
credit_classification_train_000479,800000,46,-2,-2,-2,-1,-1,-1,6229,4636,3810,6193,1957,3175,4644,3832,6219,1961,3183,27201,0
credit_classification_train_000480,310000,30,-2,-2,-2,-2,-2,-2,167,-223,780,0,0,291,0,1003,0,0,291,173,0
credit_classification_train_000481,20000,39,0,0,0,2,2,3,8720,12241,16020,16457,20906,20289,4000,4000,1000,4750,0,600,1
credit_classification_train_000482,150000,37,-1,-1,-1,0,0,-1,4787,1046,344,1291,1193,1914,1054,344,1193,0,3000,0,0
credit_classification_train_000483,240000,34,0,0,0,0,0,0,194548,198522,206312,205804,122740,137740,7200,11000,6000,3000,15000,45,0
credit_classification_train_000484,140000,26,0,0,-2,-2,-1,0,75000,0,0,0,51571,55731,0,0,0,51571,5001,3001,0
credit_classification_train_000485,200000,28,0,0,0,0,0,2,184602,187145,190983,188714,196262,198059,7000,7000,9000,10700,10600,0,0
credit_classification_train_000486,150000,30,-1,-1,-2,-2,-1,-1,55,-94,-208,-208,993,0,0,239,0,1201,0,2184,0
credit_classification_train_000487,230000,27,-2,-2,-2,-2,-2,-2,326,326,326,326,326,326,326,326,326,326,326,326,0
credit_classification_train_000488,20000,22,0,0,0,0,-2,-1,19194,19840,7627,0,0,19191,1129,1002,0,0,19191,0,0
credit_classification_train_000489,300000,26,0,0,0,0,0,0,277680,281719,284381,155562,158448,162626,12005,10155,6000,5000,6000,6000,0
credit_classification_train_000490,310000,35,0,0,-1,0,0,-1,14332,8257,11505,17264,10919,3185,1041,11512,7271,5000,3215,15558,0
credit_classification_train_000491,500000,44,-2,-2,-2,-2,-2,-2,2128,635,13258,4562,893,2030,635,13337,4562,893,2030,0,0
credit_classification_train_000492,140000,33,1,-1,-1,-1,-1,-1,-23,5742,0,1920,1180,0,5765,0,1920,1180,0,60000,0
credit_classification_train_000493,20000,51,-2,-2,-2,-2,-2,-2,0,0,0,0,0,0,0,0,0,0,0,930,0
credit_classification_train_000494,50000,30,0,0,0,2,2,2,19930,36105,29604,27764,28656,29087,28019,13000,0,2000,1000,5000,0
credit_classification_train_000495,30000,28,0,0,0,0,0,-1,36541,17625,26243,25829,-175,664,5000,11000,3000,2000,1500,0,0
credit_classification_train_000496,270000,58,-2,-2,-2,-1,-1,-2,9211,8913,3255,9052,13615,14743,9012,3286,9097,13683,14774,14512,0
credit_classification_train_000497,260000,39,0,0,0,0,0,0,255674,260778,124739,126892,131160,133400,10663,4520,4537,6308,6000,0,1
credit_classification_train_000498,80000,24,0,0,0,0,0,0,47952,45713,46752,46375,46893,47872,1732,1771,1714,1632,1687,1749,0
credit_classification_train_000499,240000,28,0,0,-2,-2,-1,-1,44996,-4,-4,-4,801,192850,0,0,0,805,192869,7012,0
credit_classification_train_000500,360000,52,-1,-1,-1,-1,-1,-1,7542,6302,4719,1577,1577,21220,6302,4719,1577,1577,21220,10744,0
credit_classification_train_000501,100000,29,0,0,0,0,0,0,48065,49189,50746,51158,49226,51211,1900,2400,1800,1800,2800,2100,0
credit_classification_train_000502,30000,26,0,0,0,0,0,0,30244,29640,30451,29391,30042,28436,1701,1600,1500,1095,1500,2000,0
credit_classification_train_000503,80000,26,0,0,0,0,0,0,35897,30090,29299,12406,1308,-52,1510,2085,248,26,52,0,0
credit_classification_train_000504,150000,26,0,0,2,2,2,2,131490,145714,147332,149199,151978,148131,16441,5500,5800,5400,5000,0,0
credit_classification_train_000505,30000,23,0,0,-2,-2,-2,-2,41300,0,0,0,0,0,0,0,0,0,0,0,0
credit_classification_train_000506,360000,31,0,0,0,0,0,-1,6656,6722,8605,28405,-105,3895,2000,4000,20000,5000,4000,889,0
credit_classification_train_000507,30000,42,0,0,0,0,0,0,8185,9395,10928,11445,12108,12753,1500,2000,1000,1000,1000,1243,1
credit_classification_train_000508,110000,33,0,0,0,0,0,0,115895,115609,113984,112510,112319,110730,6000,5500,4000,4000,4100,4000,0
credit_classification_train_000509,30000,28,-1,0,0,0,2,0,38390,20830,56262,59113,58016,30900,4200,36444,4360,4,2204,0,0
credit_classification_train_000510,150000,59,-2,-2,-2,-2,-2,-2,11067,12367,10557,9974,11507,1926,12405,10557,9974,11507,1926,5512,0
credit_classification_train_000511,400000,39,2,2,2,2,2,2,49354,50747,49666,52727,51286,55077,2500,0,4500,0,4800,1600,0
credit_classification_train_000512,80000,32,1,2,0,0,0,0,113740,97093,85266,85871,47367,47812,0,3448,2383,1609,2000,2000,1
credit_classification_train_000513,80000,56,0,0,0,0,0,0,49350,49533,49339,50415,45859,43152,2000,2000,2000,2007,1600,1900,0
credit_classification_train_000514,300000,40,-2,-2,-2,-2,-2,-2,15876,4347,0,2208,2475,7580,4347,0,2208,2475,7580,0,0
credit_classification_train_000515,320000,36,0,0,0,0,0,0,4062,5143,5988,6988,7988,0,1155,1000,1000,1000,0,2500,0
credit_classification_train_000516,500000,33,-2,-2,-2,-1,0,0,13284,17262,81198,40049,54258,59569,17311,81938,40060,30000,20000,10000,0
credit_classification_train_000517,50000,26,0,0,0,0,0,0,49296,39427,35674,31113,31734,32488,1614,1546,1461,1082,1210,1203,0
credit_classification_train_000518,140000,32,0,-1,0,0,0,0,10281,32163,20421,19573,11611,0,32172,1476,2140,1000,0,0,0
credit_classification_train_000519,360000,33,-2,-2,-2,-2,-2,-2,780,286,0,0,390,-200,286,0,0,390,0,0,0
credit_classification_train_000520,200000,27,0,0,0,0,0,0,157768,108932,110405,90226,88789,92188,6000,5000,10000,5000,5000,5000,0
credit_classification_train_000521,170000,33,-1,-1,-1,-1,-1,-1,2754,2754,2754,2754,2754,2754,2754,2754,2754,2754,2754,2754,0
credit_classification_train_000522,480000,29,1,-2,-2,-2,-2,-2,0,0,0,0,0,0,0,0,0,0,0,0,0
credit_classification_train_000523,180000,41,0,0,0,0,0,0,141137,130282,109327,77752,66202,58557,5481,4399,3008,2150,2147,2120,0
credit_classification_train_000524,140000,35,0,0,0,0,0,0,10339,18276,25852,14390,13728,2905,10006,10048,5008,2018,2005,1005,0
credit_classification_train_000525,20000,23,1,2,3,2,0,0,18679,20380,19753,19160,19661,19816,2300,0,0,788,558,198,1
credit_classification_train_000526,60000,25,0,0,0,0,0,0,59817,47872,38605,28184,28862,29161,3000,2000,1500,1500,1300,2000,0
credit_classification_train_000527,140000,30,0,0,0,0,0,0,131026,130023,76098,50419,47202,43946,5006,2169,1651,2122,3006,2505,0
credit_classification_train_000528,30000,58,1,2,2,2,2,2,11223,10746,13545,13531,13017,14008,0,2993,500,0,1200,0,1
credit_classification_train_000529,140000,28,2,2,2,2,2,2,12642,13740,13818,13994,14222,14537,1600,600,700,600,700,600,1
credit_classification_train_000530,50000,22,0,0,0,0,0,0,34033,34622,19993,18852,18020,18537,1342,1500,700,651,1000,1000,1
credit_classification_train_000531,350000,33,0,0,0,0,0,0,293303,338272,177483,182381,194678,215024,50070,10000,8000,15036,30050,8110,0
credit_classification_train_000532,40000,24,-1,2,-1,-1,0,-1,780,390,390,780,390,150,0,390,780,0,150,780,1
credit_classification_train_000533,160000,33,0,0,0,0,0,0,78859,81539,84216,86812,87679,90264,4000,4000,4000,3200,4000,4000,0
credit_classification_train_000534,230000,31,0,0,0,0,0,0,170041,174811,177733,182106,183965,186979,9800,6418,8000,7000,6618,11000,0
credit_classification_train_000535,50000,24,3,2,2,2,0,0,8506,10194,10928,10456,11279,12095,2000,1200,0,1000,1000,1000,1
credit_classification_train_000536,20000,33,0,0,0,2,2,-2,18706,17483,19509,18828,0,0,1275,3081,0,0,0,0,1
credit_classification_train_000537,130000,29,0,0,0,0,0,2,111731,108635,108842,110236,114763,118884,6000,6000,5000,6800,6500,0,0
credit_classification_train_000538,50000,23,-1,-1,-2,-2,-2,-2,2332,0,0,0,0,0,0,0,0,0,0,0,0
credit_classification_train_000539,20000,38,-1,0,0,0,0,0,18669,19304,19905,20302,20133,20000,1326,1317,714,925,400,0,0
credit_classification_train_000540,50000,51,0,0,0,0,0,0,45096,28907,29691,29104,28968,29440,1500,1508,1502,1100,1032,4500,0
credit_classification_train_000541,140000,23,0,0,0,0,0,0,44733,44144,44739,43455,43980,44614,2100,2027,1800,1600,1750,1700,0
credit_classification_train_000542,410000,31,0,0,0,0,0,0,309531,313646,270317,209076,191671,192848,11270,15325,9099,7016,7703,100000,0
credit_classification_train_000543,50000,24,0,0,0,0,0,0,47530,46155,28650,19659,19802,19699,1537,1679,688,713,858,660,0
credit_classification_train_000544,10000,22,0,0,0,0,0,0,8730,8523,9527,9713,9762,10312,1303,1307,493,354,712,0,0
credit_classification_train_000545,100000,27,0,0,0,0,2,0,43865,45548,46266,49290,48372,49412,2400,1776,3800,0,2000,1800,0
credit_classification_train_000546,220000,35,0,0,0,0,0,0,11636,11004,8392,10887,16542,10164,3004,3392,4000,6542,5000,3909,0
credit_classification_train_000547,150000,36,0,0,0,0,0,0,38298,39292,40357,41284,42105,43146,1635,1700,1600,1507,1719,2000,0
credit_classification_train_000548,230000,24,-1,-1,-1,-1,-1,0,160,237,436,12488,932,317,237,586,12511,1249,0,0,1
credit_classification_train_000549,20000,30,0,0,2,0,0,0,14406,20653,19995,19391,19120,19158,6500,84,7171,1000,1000,2000,0
credit_classification_train_000550,50000,42,0,0,0,0,0,-1,46100,46949,18755,11112,11374,5919,2133,1058,2000,2043,5919,16346,1
credit_classification_train_000551,300000,31,-1,-1,-1,-1,-1,-1,1877,2466,0,462,0,3069,2500,0,462,0,3069,280,0
credit_classification_train_000552,30000,25,0,0,0,0,-2,-2,15767,16083,6115,0,0,0,1488,1000,0,0,0,0,0
credit_classification_train_000553,400000,33,0,0,-2,-2,-2,-2,9940,0,11451,101,551,19982,0,11451,104,600,20015,0,0
credit_classification_train_000554,80000,25,1,-2,-1,-1,-2,-2,0,0,431,0,0,0,0,431,0,0,0,0,0
credit_classification_train_000555,160000,38,0,0,-2,-2,-2,-2,6555,0,0,0,0,0,0,0,0,0,0,0,0
credit_classification_train_000556,120000,53,-1,-1,-1,-1,-1,-1,291,291,0,582,291,0,291,0,582,291,0,582,0
credit_classification_train_000557,350000,55,-1,-1,-1,-1,-1,-1,3297,11634,12952,39274,5474,14837,11637,12991,39278,6000,14837,931,0
credit_classification_train_000558,20000,44,2,2,2,2,0,0,12436,12943,15428,14883,15494,16086,1000,2700,0,850,850,850,1
credit_classification_train_000559,80000,54,0,0,0,0,0,0,80449,77652,77980,79938,50209,49762,2779,3075,5000,1750,1810,3000,1
credit_classification_train_000560,220000,36,2,2,2,2,0,0,192654,195725,197466,189149,187531,187856,8500,8200,0,7000,7000,7200,1
credit_classification_train_000561,140000,60,2,2,0,0,0,0,113079,109796,112144,114789,115590,118221,0,5600,6000,4200,4500,4600,1
credit_classification_train_000562,200000,33,0,0,0,0,0,0,189740,194328,196018,189865,193703,199154,6450,6600,5350,5500,7100,5500,0
credit_classification_train_000563,480000,43,0,0,0,0,0,0,276681,282328,288120,294000,300000,3493,5647,5792,5880,6000,3493,21308,0
credit_classification_train_000564,20000,31,-1,-1,-1,-1,-1,-1,1261,390,390,390,0,780,390,390,390,0,780,0,0
credit_classification_train_000565,360000,44,-1,-1,-1,-1,-1,-1,1982,-18,3746,-4,906,850,0,3764,0,910,854,1131,1
credit_classification_train_000566,200000,39,0,0,0,0,0,0,192257,192560,198501,194782,191172,193267,7004,10061,7071,6514,7081,10121,0
credit_classification_train_000567,160000,23,0,0,0,-1,-1,-2,21905,22473,21380,283,0,-17149,1373,1000,283,0,0,20261,0
credit_classification_train_000568,280000,35,2,-1,0,0,0,0,47,97767,99036,96383,86060,62312,99007,5000,3027,6025,2001,1903,0
credit_classification_train_000569,200000,28,1,-1,-1,-1,-1,-1,0,2658,150,3570,2853,0,2658,150,3570,2853,0,0,0
credit_classification_train_000570,160000,35,-1,-1,-1,-1,-1,-1,19082,2815,27380,10028,2824,9940,2815,27380,10050,3000,9940,12498,0
credit_classification_train_000571,360000,38,1,-2,-2,-2,-2,-2,0,0,0,0,0,0,0,0,0,0,0,0,1
credit_classification_train_000572,120000,28,0,0,0,0,0,0,20578,21742,23384,24268,24665,21833,2000,2000,1312,1009,1000,1000,0
credit_classification_train_000573,30000,52,2,2,2,2,2,2,18499,20391,20758,21118,21632,22129,2500,1000,1000,1000,1000,0,1
credit_classification_train_000574,50000,23,0,0,-1,-1,2,0,16621,8044,917,18353,35836,18320,1037,917,18436,0,699,580,1
credit_classification_train_000575,200000,50,1,-1,0,-1,-1,-1,-6676,5953,2870,390,1210,2551,16374,2392,500,1210,2551,0,1
credit_classification_train_000576,400000,43,1,-2,-2,-2,-1,-1,0,0,0,0,1600,78388,0,0,0,1600,78388,0,0
credit_classification_train_000577,130000,44,0,0,0,0,0,0,129329,123615,107284,54656,22534,8754,4505,3577,1231,2534,5012,2531,0
credit_classification_train_000578,210000,37,0,0,-1,-1,-1,-1,24547,48302,4549,3085,7300,6583,4519,9098,3085,7300,6583,5060,1
credit_classification_train_000579,290000,29,2,0,0,0,0,0,112676,113924,116828,119857,122243,124885,4500,4630,4857,4251,4485,4493,1
credit_classification_train_000580,490000,50,-1,-1,-1,-1,-1,-1,17884,6836,4657,3398,1476,1602,6836,4657,3398,1476,1602,7531,1
credit_classification_train_000581,120000,27,0,0,0,0,0,0,15234,8247,9624,20129,10388,13316,1137,1514,1069,278,3000,0,1
credit_classification_train_000582,80000,38,0,0,0,0,0,0,77204,73940,47627,48482,49153,46995,2938,1853,1708,1824,1704,1641,0
credit_classification_train_000583,160000,38,0,0,0,0,0,0,151963,141884,143428,146289,128133,124606,5100,7100,7500,4500,5000,4800,0
credit_classification_train_000584,240000,30,1,1,-2,-2,-2,-2,9028,-1868,-1868,-1868,-1868,-1868,0,0,0,0,0,0,1
credit_classification_train_000585,70000,34,2,2,2,0,0,2,64913,63387,58840,56431,56859,54449,3000,0,2000,4219,1700,323,0
credit_classification_train_000586,450000,32,0,0,0,0,0,0,14237,17907,14127,15988,19747,13986,5016,1139,2000,3938,1000,0,0
credit_classification_train_000587,130000,26,0,0,0,2,2,2,131336,123443,132517,133747,134230,131986,6000,12600,4900,5105,0,5050,0
credit_classification_train_000588,220000,48,0,0,0,0,2,0,113061,115294,117945,130365,126780,129570,5600,6000,16000,0,5000,6300,0
credit_classification_train_000589,650000,44,-2,-2,-2,-2,-2,-2,2119,5094,5158,7139,1034,2127,5115,5180,7201,1035,2139,3463,0
credit_classification_train_000590,210000,37,0,0,0,0,0,0,162518,138078,134428,129871,131091,118405,8006,7009,5000,5000,17137,3863,0
credit_classification_train_000591,400000,44,0,0,0,0,0,0,18432,24198,22584,22655,23417,16845,6838,2159,1000,3000,1008,1000,0
credit_classification_train_000592,200000,37,-1,2,-1,-1,-1,-1,446,123,123,200,123,280,0,123,200,123,280,151,1
credit_classification_train_000593,30000,23,0,0,0,0,0,0,27275,26948,28183,25484,27062,28703,2000,2000,1400,2000,2100,2500,0
credit_classification_train_000594,100000,22,1,2,0,0,0,0,74001,72222,73859,75427,76587,78711,0,3400,3400,3000,3500,3200,1
credit_classification_train_000595,360000,30,0,0,0,0,0,0,40514,31871,27793,19409,18093,10800,1800,2025,3000,2000,1000,2000,0
credit_classification_train_000596,260000,29,0,0,0,0,0,0,193000,149410,138021,98578,84967,83224,5072,4439,3079,3020,3036,4554,0
credit_classification_train_000597,100000,35,2,2,0,0,2,2,101326,97751,92431,97227,88899,93766,0,3500,7000,0,7000,0,1
credit_classification_train_000598,70000,22,0,0,0,0,0,0,65793,26665,22630,14573,15127,12596,2000,1400,291,1500,5000,2000,0
credit_classification_train_000599,320000,24,0,0,0,0,0,0,64232,67516,70774,70089,71994,57805,4000,4002,3000,15000,5000,5000,0
credit_classification_train_000600,110000,36,0,0,0,0,0,0,141670,138542,120439,113273,81261,76051,6278,5485,3396,2844,3005,2510,0
credit_classification_train_000601,30000,27,4,4,3,2,2,3,10846,10533,10225,9912,11444,10975,0,0,0,1700,0,0,1
credit_classification_train_000602,460000,39,-1,-1,-1,2,0,-1,15950,13101,22551,21851,22214,80132,13101,10000,0,10000,80132,4882,0
credit_classification_train_000603,230000,35,-2,-2,-2,-2,-2,-2,0,0,0,0,0,0,0,0,0,0,0,0,1
credit_classification_train_000604,190000,37,1,2,0,0,0,-2,49541,48458,46423,38493,0,0,0,1400,770,0,0,0,0
credit_classification_train_000605,170000,31,0,0,0,0,0,0,24581,25611,26631,27383,27801,31337,1728,1748,1500,1011,4000,0,0
credit_classification_train_000606,50000,35,0,0,0,0,0,0,49878,46785,41728,41163,29408,30047,1718,2070,1505,1500,1242,1300,0
credit_classification_train_000607,110000,50,0,0,0,2,2,0,101084,103476,111998,112290,106721,107636,4700,11500,3925,0,5000,4100,0
credit_classification_train_000608,410000,34,0,0,0,-1,-1,-1,468749,411016,420393,1467,1421,-15,17259,18600,1474,1428,0,0,1
credit_classification_train_000609,20000,40,0,0,0,0,0,0,20167,37198,17858,16400,14711,18691,1308,2466,555,583,4275,973,0
credit_classification_train_000610,30000,31,-1,2,2,3,2,2,699,309,-471,1479,1320,930,0,0,1950,0,390,0,1
credit_classification_train_000611,390000,48,0,0,0,0,0,0,171189,176989,178698,182101,155517,154668,10000,10000,8004,10000,6000,10000,0
credit_classification_train_000612,130000,70,1,-2,-2,-2,-2,-2,0,0,0,0,0,0,0,0,0,0,0,0,1
credit_classification_train_000613,50000,37,0,0,0,0,0,-1,24380,23325,21940,20718,24048,5017,1366,1400,1200,5000,5017,71,0
credit_classification_train_000614,500000,39,0,-1,-1,-1,-1,-1,32647,1832,1920,21734,1837,96,1832,1920,21734,1837,0,19637,1
credit_classification_train_000615,180000,27,1,-2,-2,-2,-2,-2,-200,-200,-200,-200,-200,-200,0,0,0,0,0,0,1
credit_classification_train_000616,20000,26,0,0,0,0,0,0,16932,17938,18798,19347,8007,4890,1596,1456,1005,160,98,0,0
credit_classification_train_000617,150000,36,2,2,2,-2,-2,-2,167094,86193,-25443,-46627,-46627,-46627,5068,9,0,0,0,0,1
credit_classification_train_000618,200000,31,-2,-2,-2,-2,-2,-2,1507,0,218,4360,0,0,0,218,4360,0,0,0,0
credit_classification_train_000619,80000,54,0,0,0,0,0,0,76752,77528,68966,63972,50072,51239,3768,3009,2009,1818,2000,6000,0
credit_classification_train_000620,20000,28,0,0,0,2,0,0,19794,19519,20464,19756,19978,11680,1304,2900,0,773,626,8554,0
credit_classification_train_000621,70000,25,1,2,0,0,0,0,69447,67209,56580,24991,16036,16667,0,4000,1500,3000,2500,5000,1
credit_classification_train_000622,160000,34,2,2,0,0,0,0,160285,156328,159322,124363,126802,129365,0,7661,4607,4602,4671,4780,0
credit_classification_train_000623,30000,53,0,0,0,0,0,0,26891,28151,28827,29412,26199,27116,2000,1500,1000,1000,1351,1000,0
credit_classification_train_000624,150000,34,-2,-2,-2,-2,-2,-1,1464,1576,264,330,1350,386,1586,264,330,1350,386,1259,0
credit_classification_train_000625,80000,27,0,0,0,0,0,0,24003,21887,14799,6402,4950,4661,3028,1241,3010,2025,3500,26028,1
credit_classification_train_000626,40000,38,0,0,0,2,0,0,37539,38132,41217,40255,39135,37235,2000,4000,0,1700,3000,0,1
credit_classification_train_000627,50000,47,0,0,0,0,0,0,47695,49550,51636,53561,53283,53057,2657,2743,2668,1712,1762,1894,0
credit_classification_train_000628,120000,42,0,0,0,0,0,0,117059,117000,116955,109973,108693,104890,5026,4541,4100,4100,4000,4000,0
credit_classification_train_000629,20000,26,1,2,2,2,2,2,18194,19043,18451,19961,19229,19694,1446,0,1956,0,651,0,1
credit_classification_train_000630,180000,31,0,0,0,-1,-1,-1,6903,11489,5488,1635,1680,782,8000,3003,1635,1680,782,4374,0
credit_classification_train_000631,20000,41,1,-1,-1,-1,0,0,0,3793,1100,17982,18166,0,3793,1103,17982,384,8,17839,0
credit_classification_train_000632,500000,32,0,0,0,0,0,0,422713,406204,415664,423392,399250,362627,15000,16000,15000,14000,13180,14000,0
credit_classification_train_000633,250000,35,-2,-2,-2,-2,-2,-2,7244,8472,1738,6706,2391,11082,8514,1751,6739,2403,11137,13407,0
credit_classification_train_000634,350000,30,0,0,0,2,0,0,245211,255975,269446,219615,217851,222158,15000,20000,0,10000,8352,9500,0
credit_classification_train_000635,50000,47,2,2,2,2,2,2,43439,44769,43781,45021,28660,27807,2341,0,2554,0,1800,0,1
credit_classification_train_000636,500000,47,-2,-2,-2,-2,-2,-2,0,3270,30760,143791,-200,-200,3270,30760,143791,0,0,0,0
credit_classification_train_000637,10000,43,2,-1,-1,-1,-1,-1,654,608,654,5954,0,1308,608,700,5954,0,1308,0,1
credit_classification_train_000638,240000,29,0,0,0,0,0,0,17486,16262,6046,3774,889,5474,5005,3000,1000,18,5000,2500,0
credit_classification_train_000639,380000,55,0,0,0,0,0,0,59881,61070,62350,63623,64846,66204,2185,2263,2310,2282,2363,2380,0
credit_classification_train_000640,80000,32,-1,-1,-2,-2,-1,-1,1784,871,3179,3344,3552,0,871,3381,3384,3958,0,0,0
credit_classification_train_000641,20000,32,3,2,2,7,7,7,2400,2400,2400,2400,2400,2400,0,0,0,0,0,0,1
credit_classification_train_000642,10000,37,-1,-1,-1,-1,0,0,6993,4165,5794,9576,7818,7580,6495,5794,9585,7580,152,390,0
credit_classification_train_000643,70000,26,0,0,0,0,0,0,18757,19764,20539,23066,23684,24182,1625,1400,2882,1000,879,1033,0
credit_classification_train_000644,470000,35,0,0,0,0,0,0,64875,57920,59307,61500,59563,57368,2505,3000,3016,2200,3000,1600,0
credit_classification_train_000645,30000,22,2,0,0,0,0,3,18796,20489,22142,25438,28453,27699,2000,2000,4000,3600,0,2200,1
credit_classification_train_000646,20000,47,2,2,2,2,2,0,14328,17196,17418,17608,17187,17528,3114,800,770,0,776,549,1
credit_classification_train_000647,360000,34,-2,-2,-2,-2,-2,-2,0,0,0,0,0,0,0,0,0,0,0,0,1
credit_classification_train_000648,50000,46,0,0,0,0,0,0,44835,45989,47167,25142,4716,4840,1900,2050,2000,300,200,500,0
credit_classification_train_000649,90000,23,0,0,0,0,0,0,11989,18746,19670,14039,14218,9427,7000,1326,1095,377,288,342,0
credit_classification_train_000650,150000,47,-2,-2,-2,-2,-2,-2,39139,15269,12853,12531,5325,2086,15374,12904,12541,5330,2086,2627,0
credit_classification_train_000651,10000,25,1,2,2,2,0,0,9737,9947,9802,8450,4060,0,1352,1000,0,1000,900,0,1
credit_classification_train_000652,200000,29,0,0,0,0,0,0,61518,66541,53862,37056,19790,20842,25138,2569,793,49,15085,44701,0
credit_classification_train_000653,60000,32,0,0,0,0,0,0,60745,61085,56863,18473,15434,7301,2613,5900,1000,428,1000,2000,0
credit_classification_train_000654,130000,54,0,0,0,0,0,0,129049,63099,57700,53308,48722,48831,3000,2100,2500,2100,2100,1500,0
credit_classification_train_000655,80000,59,2,2,2,2,2,0,24756,29818,29060,31133,24135,22970,5500,13,4000,5,2005,2005,1
credit_classification_train_000656,30000,42,1,2,2,2,2,2,24335,23651,26346,26920,26194,27854,0,3401,1300,0,2400,2000,1
credit_classification_train_000657,50000,52,0,0,0,0,0,0,33743,22989,15843,16825,14637,15397,2000,1400,2000,5000,1000,1000,1
credit_classification_train_000658,260000,34,0,0,0,0,0,0,176688,179281,180957,165911,169863,71403,6929,5088,4138,4789,2450,1507,0
credit_classification_train_000659,50000,49,0,0,0,0,2,0,24282,23470,23297,22546,19563,20227,1500,1500,2150,0,1000,1000,0
credit_classification_train_000660,740000,50,0,0,0,0,0,0,321279,316083,317219,296560,285912,268257,13000,13200,11000,10000,10000,15000,0
credit_classification_train_000661,360000,37,-1,-1,-1,-2,-2,-2,1568,2500,0,0,0,0,2500,0,0,0,0,0,0
credit_classification_train_000662,200000,39,1,-2,-2,-1,-1,-1,0,0,0,522,0,1073,0,0,522,0,1073,0,0
credit_classification_train_000663,60000,46,0,0,0,0,0,0,16017,30073,18385,20732,21196,23175,22000,3000,3000,1000,3000,0,0
credit_classification_train_000664,240000,42,-1,-1,-1,-1,-1,-1,1986,1323,329,9228,7776,7500,1323,329,9228,7776,7500,635,0
credit_classification_train_000665,240000,33,-1,0,0,0,0,0,153062,156122,159998,161434,163403,167230,7000,8000,7000,6000,8000,7000,0
credit_classification_train_000666,420000,36,0,0,0,0,0,0,56068,55115,19304,22304,28465,38182,15005,10013,10000,10000,20000,20000,0
credit_classification_train_000667,340000,62,0,0,0,0,0,0,509365,522309,534137,466565,466774,471573,20309,20137,16565,16774,21573,21000,0
credit_classification_train_000668,420000,40,-2,-2,-2,-2,-2,-1,3976,2892,2890,3391,2409,4270,2916,7898,3401,2416,4281,3785,1
credit_classification_train_000669,270000,31,1,2,2,2,2,0,16616,16911,14692,13907,10660,10683,2500,0,1000,0,2000,1000,0
credit_classification_train_000670,50000,24,1,2,2,2,2,2,41974,43210,42368,44553,45679,46275,2200,150,3200,2000,1500,2000,0
credit_classification_train_000671,120000,40,0,0,0,0,0,0,31543,31641,32286,32692,32261,32644,1600,1600,1200,1200,1200,1500,1
credit_classification_train_000672,170000,38,-1,-1,-1,0,0,-2,521,5360,29271,26511,0,0,6439,29271,0,0,0,2730,0
credit_classification_train_000673,90000,23,2,0,0,0,0,0,87669,86653,57819,30895,14543,9329,3499,3000,3000,10000,2000,10000,0
credit_classification_train_000674,20000,22,0,0,0,0,0,0,7130,8185,9084,8667,8848,5328,1177,1076,249,258,500,500,0
credit_classification_train_000675,80000,29,0,0,0,0,0,0,80534,78179,79348,81099,80540,67069,3006,2641,2827,2671,2611,2417,0
credit_classification_train_000676,200000,40,-2,-2,-2,-2,-2,-2,-7,1765,5074,19268,5606,2534,1772,5099,19364,5634,2547,33300,0
credit_classification_train_000677,140000,39,0,0,0,0,0,0,136918,128636,127237,94159,95794,89345,5000,5900,4000,3000,5000,3000,0
credit_classification_train_000678,50000,46,0,0,0,2,0,0,11401,12506,14774,14233,14744,15252,1300,3000,0,1000,1000,3000,0
credit_classification_train_000679,50000,32,0,0,2,2,2,2,41114,44131,43121,45795,44929,48179,4000,0,3400,0,4000,0,1
credit_classification_train_000680,280000,35,0,0,0,0,0,0,210465,200959,146652,132527,70421,60235,10299,7200,5886,3000,5000,5000,0
credit_classification_train_000681,120000,30,0,0,0,0,0,0,104801,100502,86478,81902,78616,80307,4000,2960,3833,2855,3000,3000,0
credit_classification_train_000682,500000,34,-1,0,0,0,0,0,218570,218978,218778,236377,225650,15233,18978,18778,36377,10650,15233,0,0
credit_classification_train_000683,60000,24,2,0,0,0,0,0,27019,25100,21023,16973,12410,11944,1686,2000,1000,1000,6000,5000,1
credit_classification_train_000684,210000,28,0,0,-1,0,0,-2,2162,61,259323,139861,1684,826,61,130000,10000,1684,826,1793,0
credit_classification_train_000685,580000,32,-1,0,0,0,0,0,49193,46367,38111,33497,26800,22202,11686,8348,6593,7197,10097,133081,0
credit_classification_train_000686,320000,39,0,0,0,0,0,0,38332,63396,66871,69339,31525,30861,30000,4700,3000,5000,5000,7000,0
credit_classification_train_000687,30000,48,0,0,0,0,0,2,14834,15844,18883,17901,19241,18794,1261,3300,1301,1641,0,860,1
credit_classification_train_000688,250000,49,-1,-1,-2,-2,-1,0,1104,0,0,0,3000,1500,0,0,0,3000,0,3212,0
credit_classification_train_000689,10000,27,2,0,0,2,0,0,6100,7274,9596,9289,9593,9795,1281,2603,0,1000,500,421,1
credit_classification_train_000690,350000,48,-2,-2,-2,-2,-2,-2,0,7900,7620,790,0,0,7900,0,790,0,0,1948,0
credit_classification_train_000691,200000,35,0,0,0,0,0,0,136264,138994,142744,146363,149920,153107,5000,6000,6000,6000,6000,6000,0
credit_classification_train_000692,360000,27,0,0,0,-1,-1,-1,6449,3885,3113,1347,2179,5575,1108,1024,1353,2188,5602,776,1
credit_classification_train_000693,160000,38,0,0,0,-1,-1,-1,73902,119408,134243,12670,6349,10775,50000,20000,30037,6349,11000,4000,0
credit_classification_train_000694,360000,39,-1,2,2,-2,-2,-2,655,655,0,0,0,0,0,0,0,0,0,0,0
credit_classification_train_000695,50000,29,0,0,0,0,0,0,49660,47359,45517,29699,28877,29531,2000,1500,2000,1100,2000,12000,1
credit_classification_train_000696,20000,34,0,0,0,2,3,2,6827,7759,9618,10313,9863,9558,1200,2000,1000,0,0,508,1
credit_classification_train_000697,320000,30,-2,-2,-2,-2,-2,-2,1259,5152,4257,-3,-3,670,5177,4278,0,0,673,11288,0
credit_classification_train_000698,30000,46,2,2,2,2,3,2,22352,23392,23908,24815,24133,25087,1700,1200,1600,0,1500,0,1
credit_classification_train_000699,150000,32,0,0,0,0,0,0,76215,72149,58228,38495,35807,24871,22365,10000,3993,15838,10000,7780,0
credit_classification_train_000700,70000,24,-2,-2,-2,-1,-1,0,63912,53137,45078,6823,28989,29059,2400,2000,1000,30848,975,863,0
credit_classification_train_000701,170000,31,0,0,0,0,-2,-1,63948,62090,63000,0,0,3300,5000,4000,0,0,3300,0,0
credit_classification_train_000702,50000,51,2,2,0,0,0,0,51264,48695,32617,18834,15810,15786,68,1510,1724,0,366,1455,1
credit_classification_train_000703,190000,40,0,0,0,0,0,0,124082,125032,129167,130331,132958,135814,4500,6147,4800,4800,5000,10600,0
credit_classification_train_000704,150000,25,-1,-1,-1,-1,-2,-2,3125,8418,797,-3,-3,-3,8443,799,0,0,0,0,0
credit_classification_train_000705,230000,45,0,0,0,0,0,0,41414,42420,44234,45684,46653,47779,2000,2500,2500,2000,2000,2000,0
credit_classification_train_000706,120000,43,2,3,2,2,2,2,41439,42455,44872,45636,46388,47398,2000,3400,1800,1800,1900,2059,1
credit_classification_train_000707,360000,47,-1,-1,-1,-1,-2,-2,229,4240,2500,0,0,0,4261,2500,0,0,0,0,0
credit_classification_train_000708,50000,35,1,2,2,2,0,0,18544,17954,21678,21032,21465,24103,0,4351,0,784,3000,0,0
credit_classification_train_000709,100000,30,0,0,0,0,0,0,27869,29329,30294,31734,32323,33648,3500,3000,3500,1500,2000,2300,0
credit_classification_train_000710,300000,29,-1,-1,-1,-1,-1,-1,696,696,696,696,696,696,696,696,696,696,696,696,0
credit_classification_train_000711,80000,25,0,0,0,0,0,0,63771,62642,60005,53384,55060,54583,2500,2500,1900,2500,2500,2000,0
credit_classification_train_000712,130000,40,0,0,0,0,0,0,129548,129438,129388,127628,64345,62373,6000,6000,5161,2239,3000,2291,0
credit_classification_train_000713,300000,30,0,0,0,0,-1,-1,185327,29446,21689,12500,12500,12500,1500,5000,3500,12500,12500,12500,0
credit_classification_train_000714,30000,59,-1,-1,-1,-1,-1,0,390,390,390,1389,3684,2744,390,390,1389,3684,0,4794,0
credit_classification_train_000715,230000,34,0,0,0,0,0,0,165090,135706,122232,82007,80811,81914,6500,6000,3400,2500,2000,1800,0
credit_classification_train_000716,200000,37,-1,-1,0,-1,-1,0,29312,19203,9544,15296,7045,10712,19313,9455,15306,7055,10700,12389,0
credit_classification_train_000717,350000,33,-1,0,-1,-1,-1,-1,61937,65343,1355,7069,0,180,5343,1359,14615,0,180,1340,0
credit_classification_train_000718,110000,34,0,0,0,2,0,0,45302,44980,46987,45165,44636,45094,2100,4100,0,1800,2000,2000,0
credit_classification_train_000719,20000,58,-1,-1,-1,-1,-2,-1,17895,13576,18286,-200,0,18486,13605,19352,0,200,18486,5656,0
credit_classification_train_000720,200000,47,0,0,0,0,2,0,185272,189657,103861,75480,70042,72157,10000,10000,6000,0,5000,3000,0
credit_classification_train_000721,210000,28,1,0,0,0,0,0,5397,5079,6020,6143,6268,399,5000,1000,123,125,0,1280,0
credit_classification_train_000722,20000,47,1,2,0,0,0,0,16289,15735,18164,19143,20143,20446,0,3000,1600,1600,1800,1000,1
credit_classification_train_000723,200000,35,-1,-1,-1,-2,-1,-1,1121,4621,4318,1640,6614,707,4621,4351,1654,6614,707,0,0
credit_classification_train_000724,170000,32,1,-2,-2,-2,-1,-1,0,0,0,0,500,500,0,0,0,500,500,500,1
credit_classification_train_000725,300000,31,0,0,0,0,-1,-1,31827,11158,1616,3658,658,662,1009,1000,2700,658,662,0,0
credit_classification_train_000726,410000,31,-1,-1,-1,0,0,-1,4182,0,4120,4120,0,3086,0,4120,0,0,3086,4320,1
credit_classification_train_000727,360000,29,-1,-1,-1,0,0,0,357,3050,9118,19183,36842,10621,3050,9118,11000,30000,428,3166,1
credit_classification_train_000728,230000,30,0,0,0,0,0,0,64062,56716,30038,22872,22567,21973,5000,3000,3616,3000,2000,0,0
credit_classification_train_000729,50000,22,2,2,-2,-2,-2,-2,4536,0,0,0,0,0,0,0,0,0,0,0,1
credit_classification_train_000730,500000,33,0,-1,-1,0,0,0,76440,1397,56449,55121,54797,19732,1397,56449,1515,1426,747,1476,0
credit_classification_train_000731,290000,61,0,0,0,0,0,0,281967,288456,296084,218399,200461,204637,10492,12447,8973,6761,6983,5980,0
credit_classification_train_000732,80000,38,-1,-1,-2,-2,-2,-2,604,0,0,0,0,0,0,0,0,0,0,0,0
credit_classification_train_000733,360000,30,-2,-2,-1,-1,-1,-1,323,1986,196,2855,0,463,1986,196,2855,0,463,430,0
credit_classification_train_000734,330000,34,0,0,0,0,0,0,138009,141253,130567,128257,116988,105961,7015,7000,10007,6500,6600,9000,1
credit_classification_train_000735,30000,34,-1,-1,-1,-2,-2,-2,220,2500,0,0,0,0,2500,0,0,0,0,0,0
credit_classification_train_000736,30000,52,1,2,2,3,2,2,23819,23144,28066,27321,27571,29300,0,5637,0,1000,2332,0,1
credit_classification_train_000737,220000,60,2,2,2,2,2,0,19024,20424,19798,21468,20986,22469,2000,0,2000,0,2000,2000,1
credit_classification_train_000738,50000,26,1,2,0,0,2,2,16412,15851,16889,19909,19291,20675,0,1294,3314,0,1700,0,0
credit_classification_train_000739,160000,30,2,2,2,2,2,2,75406,76907,78047,79362,81089,82796,3300,3000,3200,3152,3200,3100,0
credit_classification_train_000740,50000,23,0,0,0,0,0,0,25421,26704,26952,15673,13903,27775,2000,1000,3400,1500,25298,3961,0
credit_classification_train_000741,20000,23,0,0,0,0,0,0,4731,6642,11508,16953,17310,18466,2000,5000,6000,626,1441,0,0
credit_classification_train_000742,120000,26,-1,-1,-1,-1,-2,-1,9267,29600,1980,0,0,10853,29600,1980,0,0,42138,26341,0
credit_classification_train_000743,60000,34,-1,2,2,2,2,-1,2084,145,145,145,145,1195,0,0,0,0,1200,0,1
credit_classification_train_000744,260000,30,0,0,0,0,0,0,27855,28307,27842,25366,19533,14214,1259,1305,1113,528,406,211,0
credit_classification_train_000745,110000,37,2,0,0,0,2,0,103356,85352,55489,49958,50524,50361,2700,1827,5400,1473,2100,1848,1
credit_classification_train_000746,50000,24,0,0,0,0,0,0,50603,50116,48063,43787,9226,9628,2500,2505,2531,530,2000,1000,0
credit_classification_train_000747,150000,28,0,-1,-1,-1,-1,-1,12780,850,850,430,840,430,850,850,430,840,430,860,1
credit_classification_train_000748,240000,24,0,0,0,0,0,0,75830,50787,51524,31783,33993,36783,1480,1601,1400,3000,3180,37102,0
credit_classification_train_000749,80000,44,0,0,0,0,-1,-1,55297,56677,57687,4500,4500,0,2300,2200,1005,4500,0,0,1
credit_classification_train_000750,70000,29,-1,0,0,0,0,0,71232,71262,71509,70695,71189,70554,2751,3600,2694,2800,2743,2700,0
credit_classification_train_000751,190000,67,2,2,2,2,0,0,186797,191210,195681,190545,191478,187875,9000,9000,0,7033,7348,10000,0
credit_classification_train_000752,500000,31,-2,-2,-2,-2,-2,-2,26760,747,2652,-11,-213,-213,750,2676,1,0,0,0,0
credit_classification_train_000753,60000,32,0,0,0,0,0,0,59274,59240,59631,58105,57194,60650,2131,2133,2050,2191,5300,0,0
credit_classification_train_000754,210000,42,1,-1,-1,0,0,-1,0,1200,12466,16870,17741,13049,1200,12466,6004,6000,7282,9731,1
credit_classification_train_000755,80000,26,0,0,0,0,0,0,63677,64162,38141,38190,38586,39962,2000,1905,1350,1388,2401,1410,0
credit_classification_train_000756,50000,50,2,2,2,2,2,2,27525,28669,28569,30097,29858,31229,1900,650,2300,550,2000,0,1
credit_classification_train_000757,410000,36,-2,-2,-2,-2,-1,-1,3827,9921,28961,2954,9942,2628,10534,29750,3483,10470,2636,122005,0
credit_classification_train_000758,230000,53,-2,-2,-2,-2,-2,-2,0,742,0,0,596,4870,742,0,0,596,4870,0,0
credit_classification_train_000759,190000,54,0,0,0,0,0,0,142032,40883,42835,31982,36329,26964,5883,2835,5982,33329,1964,11849,0
credit_classification_train_000760,30000,40,-1,-1,2,2,2,2,142,215,139,19,19,79,355,120,0,0,60,60,0
credit_classification_train_000761,20000,39,0,0,0,0,0,0,19064,20356,18186,16524,19026,16309,2000,2000,2000,5000,1000,6000,0
credit_classification_train_000762,50000,29,1,2,2,2,2,2,5931,5690,8023,7748,8269,7992,0,2600,0,800,0,800,0
credit_classification_train_000763,320000,37,-2,-2,-2,-2,-2,-2,-5700,-5700,-5700,197300,-2300,227835,0,0,203000,400,310135,1000,0
credit_classification_train_000764,550000,44,-2,-2,-2,-2,-2,-2,21788,0,1091,2291,1000,150,0,1091,2309,1000,150,750,0
credit_classification_train_000765,20000,22,1,2,0,0,0,3,15712,15162,16188,17212,19363,18771,0,1276,1300,2443,0,0,0
credit_classification_train_000766,50000,27,0,0,0,0,0,0,45557,46763,43000,29241,29115,28804,2300,1803,1200,1400,1500,1500,0
credit_classification_train_000767,250000,35,0,0,0,0,0,0,154878,152677,134445,136219,117625,107642,5200,5200,10000,4014,4057,4000,0
credit_classification_train_000768,200000,39,-1,-1,-1,-1,-1,-1,10140,9956,16636,38409,8958,4573,9984,16754,38522,8983,4585,4549,0
credit_classification_train_000769,150000,40,0,0,0,0,0,0,141697,144833,137737,140047,144557,133716,7000,7000,6000,7000,5021,9000,0
credit_classification_train_000770,530000,32,-2,-2,-1,0,0,0,12451,24095,15688,24511,12144,34963,24120,15791,12808,8090,34110,90231,0
credit_classification_train_000771,90000,31,2,2,3,3,3,2,20052,79532,79872,80662,80740,83275,59872,2200,2700,2000,4000,2200,0
credit_classification_train_000772,290000,36,-2,-2,-2,-2,-2,-2,754,-98,-309,63,227,946,0,0,500,590,1045,0,0
credit_classification_train_000773,160000,33,-1,-1,-2,-2,-2,-2,100,0,0,0,0,0,0,0,0,0,0,0,0
credit_classification_train_000774,200000,46,-1,0,0,0,0,0,154875,140376,129962,124282,118956,121449,5216,8000,20000,15653,3793,10000,0
credit_classification_train_000775,160000,27,-1,-1,-2,-2,-2,-2,165,0,0,0,0,0,0,0,0,0,0,0,1
credit_classification_train_000776,50000,38,0,0,0,0,0,0,38945,39498,38272,29810,18674,19391,2511,2000,3000,4000,1000,1000,0
credit_classification_train_000777,50000,28,0,0,0,0,0,0,42046,47356,47445,49701,49068,0,11000,5000,5000,31507,0,0,0
credit_classification_train_000778,160000,34,0,0,0,0,0,0,144953,112501,115108,104295,61950,0,6000,5950,5128,3500,0,0,0
credit_classification_train_000779,210000,34,0,0,0,0,0,0,44947,45610,47836,50344,51074,52229,2000,3000,3942,2000,2000,2050,0
credit_classification_train_000780,30000,35,1,3,2,2,2,2,14320,13808,13289,14068,14596,14212,0,0,1000,900,0,1431,1
credit_classification_train_000781,200000,28,-1,-1,-1,0,-1,-1,2816,316,632,316,316,316,316,632,0,316,316,316,0
credit_classification_train_000782,210000,75,0,0,0,0,0,0,205601,203957,199882,203776,205901,210006,9700,8810,9000,7300,7500,7600,0
credit_classification_train_000783,130000,36,1,2,0,0,0,0,98469,96054,97910,96744,97444,95630,0,4400,4000,3500,3600,10000,0
credit_classification_train_000784,90000,32,2,3,2,3,2,2,76442,76633,78174,78800,77417,82369,2000,3400,2500,0,6250,3100,0
credit_classification_train_000785,50000,42,0,0,0,-2,-2,-2,47454,30680,-220,-1000,-1000,0,3000,220,780,0,1000,0,0
credit_classification_train_000786,60000,43,0,0,0,0,0,-1,58777,40584,12617,22670,17701,950,5005,5000,10216,876,1252,0,0
credit_classification_train_000787,90000,36,0,0,0,0,0,0,91552,88751,54704,37660,32074,18372,55000,5023,5030,11000,9765,10000,0
credit_classification_train_000788,360000,35,1,-2,-2,-2,-2,-2,-103,-103,-103,-103,-103,-103,0,0,0,0,0,0,0
credit_classification_train_000789,120000,25,0,0,2,0,0,-1,81129,72699,39909,18334,7382,19801,7504,29,10004,6,19824,18129,0
credit_classification_train_000790,210000,31,0,0,0,0,0,0,189650,127111,93208,88223,84175,80305,5000,4200,3100,3000,3100,3000,0
credit_classification_train_000791,100000,48,2,-1,0,0,0,0,10514,8408,5250,9360,4098,800,13008,1119,7110,110,102,0,1
credit_classification_train_000792,170000,33,0,0,0,2,0,0,144031,147135,158528,138030,139444,148093,5500,14000,0,5200,11100,0,0
credit_classification_train_000793,260000,38,0,0,0,0,0,0,162820,153457,143580,133477,122545,120772,6024,6012,6000,5000,5000,4000,0
credit_classification_train_000794,270000,36,-2,-2,-2,-2,-2,-2,72364,65094,30704,12383,143874,15081,65140,30773,12383,144570,20081,112791,0
credit_classification_train_000795,460000,35,-2,-1,-1,-1,-1,-2,0,737,4856,6696,1327,0,737,4872,6696,1327,0,1782,0
credit_classification_train_000796,180000,47,-1,-1,-1,-1,-1,-1,1473,1473,390,390,390,780,1473,390,390,390,780,0,1
credit_classification_train_000797,50000,25,2,0,0,0,0,-1,49805,50654,41776,17083,9412,1038,2025,2062,2016,1022,1388,19000,1
credit_classification_train_000798,20000,32,2,3,2,2,2,0,17757,17193,16602,19521,18925,18806,0,0,3200,0,900,633,0
credit_classification_train_000799,50000,39,2,0,0,0,0,-1,42245,42022,45811,48192,9498,6733,30003,13000,9036,6190,10135,16000,0
credit_classification_train_000800,720000,45,0,0,0,0,0,0,125529,112933,105582,104501,83504,79411,8019,8043,10092,3020,2591,10081,0
credit_classification_train_000801,220000,43,-1,-1,-1,-1,-1,-1,316,316,316,956,1087,316,316,316,956,1087,316,4342,0
credit_classification_train_000802,150000,28,0,0,0,0,0,0,86787,89610,86738,75859,74108,75898,5120,4021,2500,3000,2800,1700,0
credit_classification_train_000803,20000,33,0,0,0,0,0,0,36658,19253,20179,18800,19500,0,4000,1409,0,1000,0,0,0
credit_classification_train_000804,120000,32,-1,-1,-1,-1,-1,2,3556,326,326,476,802,326,652,326,476,802,0,326,1
credit_classification_train_000805,270000,31,0,0,0,0,0,0,9526,10418,6436,7196,7137,5587,1116,1500,2000,1000,194,1005,0
credit_classification_train_000806,340000,36,-2,-2,-2,-2,-2,-2,19628,14586,15018,12062,3894,7957,14594,15047,12064,3894,7957,18191,0
credit_classification_train_000807,130000,27,0,-1,-1,0,0,0,15700,250,7671,12088,74088,63593,250,7671,5000,65000,3000,41803,0
credit_classification_train_000808,500000,28,-2,-2,-2,-1,2,-1,17155,0,0,1116,969,6745,0,0,1116,3,6745,5003,0
credit_classification_train_000809,180000,27,0,0,0,0,0,0,147310,152047,143809,112323,112208,113887,7503,30018,4011,3802,4106,4006,0
credit_classification_train_000810,60000,31,0,0,2,2,2,2,37549,40603,39676,42407,41428,45576,4000,0,3700,0,5000,2000,1
credit_classification_train_000811,200000,40,-2,-2,-2,-2,-2,-2,0,0,2479,0,0,0,0,2479,0,0,0,0,0
credit_classification_train_000812,50000,47,0,0,0,2,0,0,11752,13244,14722,15181,15928,16671,2000,2000,1000,1000,1000,1000,0
credit_classification_train_000813,220000,30,1,-2,-2,-2,-2,-2,0,0,0,0,0,0,0,0,0,0,0,0,0
credit_classification_train_000814,500000,43,0,0,0,0,0,0,374802,355323,352868,353297,377371,365278,14000,14500,13000,13000,15000,15000,0
credit_classification_train_000815,380000,32,0,0,0,0,0,0,387851,349973,689643,334456,329981,292421,13070,13000,26000,20095,11000,11000,0
credit_classification_train_000816,230000,24,0,-1,-1,-1,-1,0,14979,2480,1434,1420,9225,19013,2480,1434,1420,9225,10000,15000,0
credit_classification_train_000817,30000,23,1,2,2,2,2,2,11174,11989,12997,12491,13374,13017,1300,1500,0,1090,0,2000,1
credit_classification_train_000818,200000,40,0,0,-1,0,0,0,1296,2035,120921,126429,85500,81305,2564,124500,8000,3500,4000,3000,0
credit_classification_train_000819,260000,32,0,0,0,0,0,0,251330,256988,234260,227884,202178,198467,10000,9014,11002,7503,7502,7500,1
credit_classification_train_000820,210000,31,-1,-1,-1,0,0,-1,15332,10000,19875,57751,25456,10625,10000,19875,50000,15456,10625,213,0
credit_classification_train_000821,50000,34,0,0,0,2,0,0,42050,51328,51053,43611,19785,20104,10000,4100,0,900,2000,1000,0
credit_classification_train_000822,460000,55,0,0,-1,0,0,0,5352,8240,76653,75117,76616,78248,3000,76653,20000,2481,2600,2600,0
credit_classification_train_000823,410000,25,-1,-1,-1,-1,-1,-1,4151,4357,10513,9137,7781,28870,4357,10513,9137,7781,28870,15000,0
credit_classification_train_000824,280000,42,0,0,0,0,0,0,172886,175152,172505,175967,178548,176939,6232,12104,7002,6302,6417,6502,0
credit_classification_train_000825,500000,33,0,0,0,0,0,0,5322,5920,6061,7289,8313,6490,1125,1280,1791,1528,1512,1370,0
credit_classification_train_000826,160000,42,1,-1,-1,-2,-1,0,0,1564,-436,-436,436,436,1564,0,0,872,0,0,0
credit_classification_train_000827,210000,32,-1,0,-1,-1,-1,-1,7544,5525,6876,2692,5560,2866,5255,7067,2696,5560,2866,8680,0
credit_classification_train_000828,50000,23,0,0,0,0,0,0,50105,51099,50269,28553,30196,30208,2205,2204,1000,2013,5004,2009,0
credit_classification_train_000829,290000,30,0,0,0,0,0,0,65369,67270,65357,66893,69740,56411,3360,3000,3000,4000,2500,8000,0
credit_classification_train_000830,180000,30,0,0,0,0,0,0,174297,152251,96399,87026,78137,58332,22000,4000,2000,5000,3000,3000,0
credit_classification_train_000831,150000,28,2,2,2,0,0,0,145096,147384,143225,147115,145015,110635,5000,0,6000,0,3000,23747,1
credit_classification_train_000832,250000,34,2,0,0,0,0,0,212681,193296,194659,196481,196256,195370,9917,7350,7231,6603,6797,7557,0
credit_classification_train_000833,80000,45,0,0,0,0,0,0,28775,28951,26813,27383,27475,27823,1442,1459,1500,1000,1003,1100,0
credit_classification_train_000834,20000,23,0,0,0,0,0,0,16931,17644,18679,18275,7953,8323,1300,1340,1207,300,500,500,0
credit_classification_train_000835,100000,33,1,-2,-1,2,-1,0,0,0,1991,1991,93536,95373,0,1991,0,93536,3500,8000,0
credit_classification_train_000836,180000,46,0,0,-2,-2,-2,-2,184650,0,0,0,0,0,0,0,0,0,0,0,0
credit_classification_train_000837,30000,44,2,2,2,0,0,0,18659,22544,21889,22721,23401,25000,4500,0,1500,1200,2000,3000,1
credit_classification_train_000838,30000,42,-1,-1,-1,-1,-1,-1,2782,2975,2230,1390,4040,3080,2975,2230,1390,4040,3080,2190,0
credit_classification_train_000839,100000,36,1,2,2,2,0,0,79695,77855,83945,81702,83232,84947,0,7400,0,3000,3100,3400,1
credit_classification_train_000840,190000,31,0,0,0,0,0,0,132946,136809,140664,144395,147642,151410,6000,6000,6000,5500,6000,5500,0
credit_classification_train_000841,200000,32,-2,-2,-2,-2,-1,-1,47244,92754,57928,523,223,7037,62330,57928,523,223,7037,11000,0
credit_classification_train_000842,50000,36,0,0,0,0,0,0,44510,42564,38181,30805,28252,28783,3000,3000,3000,2000,2000,5000,0
credit_classification_train_000843,50000,51,0,0,0,0,0,0,42462,43684,42256,6501,6638,7027,1928,1200,300,242,500,500,1
credit_classification_train_000844,40000,48,0,0,0,0,0,0,36581,37896,40262,40370,39970,39970,1926,3292,1400,0,0,0,0
credit_classification_train_000845,20000,41,0,0,0,0,0,0,7472,9304,9369,5873,5990,6231,2000,2002,3098,215,338,2164,0
credit_classification_train_000846,100000,36,0,0,0,-2,-2,-2,51713,25272,0,0,0,0,1000,0,0,0,0,0,0
credit_classification_train_000847,50000,46,0,0,0,2,0,0,15220,16961,19930,19328,37113,19165,2000,3258,0,679,1528,587,0
credit_classification_train_000848,280000,38,0,0,0,0,0,0,242864,237821,223180,237301,201226,207802,11000,11000,20000,10000,10000,15000,0
credit_classification_train_000849,260000,43,1,-1,2,0,-1,-1,-10,5172,2800,3804,5009,3035,5182,9,2998,5034,3050,2965,0
credit_classification_train_000850,250000,53,1,-1,-1,-1,-1,-1,0,4190,21500,0,10180,7680,4190,25690,0,10180,7680,0,1
credit_classification_train_000851,200000,50,-1,-1,-2,-1,-1,-2,4608,-200,0,12141,0,0,0,200,12141,0,0,0,1
credit_classification_train_000852,170000,39,0,0,0,0,0,0,171160,187853,171095,137986,141319,139463,13000,6154,15000,6000,7000,5000,0
credit_classification_train_000853,330000,30,-1,-1,-1,-1,-1,-1,13204,12500,865,15387,5945,896,12500,865,15500,6000,896,0,1
credit_classification_train_000854,310000,39,-2,-2,-2,-2,-2,-2,360,360,360,360,360,360,360,360,360,360,360,360,0
credit_classification_train_000855,180000,34,0,0,0,0,0,0,115700,119834,121342,124337,127181,130147,6000,5000,5000,5000,6000,5000,0
credit_classification_train_000856,100000,28,0,0,0,0,0,0,74269,59948,56323,48985,23894,23402,2812,2081,2077,1003,1015,1000,0
credit_classification_train_000857,390000,45,2,2,0,0,0,0,185204,180455,131386,131879,115183,75131,0,6000,3500,5000,4500,3000,1
credit_classification_train_000858,180000,32,-1,-1,0,0,0,0,166,1484,2526,3452,3522,4909,1484,1074,1000,70,1387,28,0
credit_classification_train_000859,20000,29,0,0,0,0,0,0,12742,8438,9792,10990,13990,10000,1500,1500,1500,3000,2000,0,0
credit_classification_train_000860,310000,39,-1,-1,-1,-1,-1,2,1989,4566,5329,5724,1518,1336,4566,5433,5724,1336,0,3167,0
credit_classification_train_000861,200000,32,0,0,0,0,0,0,270160,275565,282023,286199,265201,271381,11000,12003,11010,15000,10004,11004,0
credit_classification_train_000862,340000,36,-1,-1,-1,-1,-1,0,3474,1974,2774,43824,11308,3540,1974,2774,43831,11308,0,824,0
credit_classification_train_000863,50000,23,0,-1,0,0,0,0,14465,48796,50206,50831,42731,43224,50295,2500,2031,1274,1500,1600,0
credit_classification_train_000864,290000,60,1,-2,-2,-2,-2,-2,0,0,0,0,0,0,0,0,0,0,0,0,0
credit_classification_train_000865,250000,44,0,0,0,0,0,0,254933,244433,249882,248013,99071,98928,8754,10866,5592,2212,2565,2156,0
credit_classification_train_000866,240000,28,0,0,-1,-1,-1,-2,2276,3188,454,2500,0,0,1000,454,2500,0,0,0,0
credit_classification_train_000867,170000,28,0,0,0,0,0,0,73254,68005,63311,57304,51663,45795,2500,3000,2200,2000,1700,1500,0
credit_classification_train_000868,190000,42,0,0,0,0,0,0,113516,116157,115639,115849,118313,119973,6000,5581,4237,4423,5000,8888,0
credit_classification_train_000869,20000,25,0,0,0,0,0,0,15810,15947,6012,5689,4587,2293,1249,1125,1000,92,0,20505,0
credit_classification_train_000870,110000,42,0,0,0,0,0,0,116292,118781,121030,119267,116142,113887,5836,5780,5000,4206,5000,5000,0
credit_classification_train_000871,260000,40,0,0,-2,-2,-2,-2,34471,0,0,0,0,0,0,0,0,0,0,0,0
credit_classification_train_000872,130000,38,-1,-1,-1,-1,-1,-1,780,0,11440,3752,1824,390,0,11440,3752,1824,390,390,0
credit_classification_train_000873,240000,27,-2,-2,-2,-2,-2,-2,3293,9051,2804,3958,12157,3874,9079,2804,3958,12157,3874,937,0
credit_classification_train_000874,160000,30,2,2,0,0,0,0,164082,157663,159094,132809,100693,97181,17,7342,3675,2910,3904,2900,1
credit_classification_train_000875,130000,42,-1,-1,-1,-1,-1,-1,396,396,396,396,396,396,396,396,396,396,396,396,0
credit_classification_train_000876,30000,24,0,0,0,0,0,0,22280,23671,24233,22893,3332,3400,1748,1310,490,67,68,0,0
credit_classification_train_000877,320000,51,-2,-2,-2,-2,-2,-2,1834,556,1622,7728,5781,3896,556,1622,7762,5781,3896,2182,0
credit_classification_train_000878,70000,23,0,0,0,0,0,0,65026,29549,29705,29012,28355,16579,4000,1595,775,1000,600,2000,0
credit_classification_train_000879,120000,27,1,-2,-2,-2,-1,-1,0,0,0,0,940,170,0,0,0,940,170,2018,1
credit_classification_train_000880,270000,51,0,0,0,0,0,-1,32108,32784,29891,24531,19391,8850,15000,10000,10000,10000,8850,22123,0
credit_classification_train_000881,90000,24,2,2,2,2,0,0,14085,13558,12193,12986,11831,12488,0,2000,1300,700,1000,3500,1
credit_classification_train_000882,360000,36,1,-2,-2,-2,-2,-2,-1,-1,-1,-1,-1,-1,0,0,0,0,0,0,0
credit_classification_train_000883,30000,43,2,2,2,2,2,2,15246,17838,17272,18131,17711,19007,3141,0,1434,0,1581,1705,1
credit_classification_train_000884,130000,36,1,2,2,2,0,0,128190,131094,132549,128646,100845,101545,6500,5000,0,3512,3606,3699,0
credit_classification_train_000885,220000,40,2,2,0,0,0,0,222418,206473,208464,175407,175170,174726,4,8027,6218,6220,6316,6504,0
credit_classification_train_000886,130000,26,0,0,0,0,0,0,113707,115323,120461,121177,4623,5402,5000,7000,5000,2000,2000,5000,0
credit_classification_train_000887,320000,30,0,0,0,0,0,0,91029,84644,87765,83094,66463,63977,5005,15055,16752,10012,10071,10039,0
credit_classification_train_000888,180000,27,2,2,0,0,2,2,153198,151128,152785,168657,165872,173667,1813,5667,18483,0,11000,1842,1
credit_classification_train_000889,30000,28,0,0,0,0,0,0,25198,25988,27107,27450,29193,27372,1500,1600,1000,2100,1400,500,0
credit_classification_train_000890,500000,42,-2,-2,-2,-2,-2,-2,0,0,0,0,0,0,0,0,0,0,0,0,1
credit_classification_train_000891,230000,44,-1,-1,-2,-1,0,0,756,0,0,11660,11898,14898,0,0,11660,238,3000,1252,1
credit_classification_train_000892,20000,22,0,0,0,0,0,0,15247,16561,17280,18431,18341,19569,1575,1294,1596,655,1669,0,1
credit_classification_train_000893,80000,46,0,0,0,2,0,0,79812,80717,80366,74782,47767,49278,2854,7014,44,1693,4000,0,0
credit_classification_train_000894,60000,42,0,0,0,0,0,0,49244,48310,41746,25488,26199,28200,2000,2000,1000,1501,3000,1500,0
credit_classification_train_000895,50000,48,0,-1,-1,0,0,0,20944,4696,47225,16483,9343,9693,2360,49325,3001,1882,500,503,0
credit_classification_train_000896,20000,21,0,0,0,0,0,-1,17471,14129,13937,9429,1393,2055,1400,3500,1567,162,2055,0,0
credit_classification_train_000897,160000,34,-1,-1,-1,-1,-1,-1,1072,3297,5923,158,11030,158,3297,5939,158,11030,158,158,0
credit_classification_train_000898,50000,24,1,2,0,0,0,2,27087,26372,26992,27693,29237,28607,0,1400,1100,2100,0,1000,0
credit_classification_train_000899,20000,23,1,2,0,0,0,0,19403,18541,19254,19456,19323,19265,0,1298,1000,692,766,998,1
credit_classification_train_000900,70000,42,0,0,2,0,0,0,69362,71775,70050,70415,48405,46514,6000,0,3000,1000,1500,2000,1
credit_classification_train_000901,200000,28,0,0,0,0,0,0,87390,115312,142912,161874,176431,180153,30002,30002,21876,16433,5661,5349,0
credit_classification_train_000902,210000,30,0,0,0,0,0,0,134664,136326,135173,124843,125294,104545,6006,5005,8500,4392,4000,4000,0
credit_classification_train_000903,170000,31,-2,-2,-2,-2,-2,-2,757,4319,1489,362,451,620,4319,1499,362,451,620,1400,0
credit_classification_train_000904,270000,58,-2,-2,-2,-2,-2,-2,936,1188,2078,795,828,1251,1188,2078,795,828,1251,2267,0
credit_classification_train_000905,170000,26,-1,-1,-1,-1,-1,-1,23594,1512,1362,1591,3524,8545,1512,1362,1591,3524,8545,1485,0
credit_classification_train_000906,360000,28,0,0,0,0,0,0,264971,257086,253407,259551,265149,340930,9043,8847,10000,10000,80016,15000,0
credit_classification_train_000907,370000,39,0,0,0,0,0,0,141552,67739,49097,48216,47675,48074,2157,2000,1668,2000,3000,1000,0
credit_classification_train_000908,190000,36,0,0,0,0,0,0,185788,185959,179458,162482,158137,157956,7483,5902,7061,4902,6057,5381,0
credit_classification_train_000909,310000,24,0,0,0,0,0,0,165477,167227,103601,102895,101017,95530,6000,4500,4348,3407,4000,4000,0
credit_classification_train_000910,50000,45,-1,-1,-2,-2,-1,2,4736,0,0,0,4881,4634,0,0,0,4881,0,0,0
credit_classification_train_000911,320000,39,-1,-1,-1,-1,-1,0,42442,3336,7210,6091,24641,30005,3336,7210,6091,24641,30000,5645,0
credit_classification_train_000912,220000,32,-2,-2,-2,-2,-2,-2,8757,-2323,-3322,-3322,-3622,-2852,9,23000,0,0,3000,0,0
credit_classification_train_000913,80000,46,0,0,0,0,0,0,81283,80390,79080,77850,80330,80000,2892,3000,5390,4106,3000,0,1
credit_classification_train_000914,260000,41,-1,-1,-2,-1,-1,-1,1145,-4,-4,2177,158,0,4,0,2181,158,0,0,0
credit_classification_train_000915,200000,27,-1,-1,-2,-1,-1,-2,1171,0,0,680,0,0,0,0,680,0,0,442,0
credit_classification_train_000916,200000,57,0,0,0,0,0,0,79761,79515,80592,86216,88071,90842,3500,3000,7000,3400,4400,6500,0
credit_classification_train_000917,200000,36,1,-2,-2,-1,-1,-1,-5,-5,-5,2999,4804,4402,0,0,3004,4804,5008,169,0
credit_classification_train_000918,50000,24,-1,0,0,-1,-1,-2,25437,25873,0,100,0,0,2000,0,100,0,0,0,1
credit_classification_train_000919,100000,25,0,0,0,0,0,0,59219,60464,61956,63228,64561,66025,2197,2500,2300,2350,2540,4920,0
credit_classification_train_000920,320000,40,1,2,2,2,2,0,298343,304421,298042,315502,310308,306056,12300,0,24000,0,11000,14000,1
credit_classification_train_000921,20000,44,0,0,0,0,2,0,12346,13615,13674,27524,13490,15261,1500,2000,2500,500,2000,5000,0
credit_classification_train_000922,50000,29,1,2,0,0,0,0,22446,21799,23130,24432,26862,29244,0,1698,2000,3000,3000,5000,0
credit_classification_train_000923,140000,35,0,0,0,0,0,0,119184,130939,90894,85805,85907,88615,14113,5000,3000,4000,4000,10000,0
credit_classification_train_000924,200000,27,-1,0,-1,0,0,0,31789,22289,29815,35442,8321,20718,22091,29851,283,1387,20057,51281,0
credit_classification_train_000925,100000,26,-1,-1,-1,0,0,0,1370,4192,4159,3542,1980,3980,4210,4159,1000,1080,2000,1525,0
credit_classification_train_000926,60000,40,0,0,0,-1,-1,-1,25158,18473,7506,4790,6388,5816,5000,1508,4790,6388,6046,17806,0
credit_classification_train_000927,160000,40,1,-1,-1,-1,-1,-1,0,372,-7,3298,455,-325,372,0,3305,455,0,0,0
credit_classification_train_000928,50000,38,0,0,0,0,-2,-2,6350,3239,4166,0,0,0,1100,1000,0,0,0,0,1
credit_classification_train_000929,10000,22,0,0,-1,-1,-1,-1,2946,0,390,390,390,0,0,390,390,390,0,780,1
credit_classification_train_000930,50000,54,0,0,0,0,0,0,43099,44233,35147,12236,11013,11388,2212,2126,415,401,559,554,0
credit_classification_train_000931,270000,28,-1,-1,-1,0,0,0,475,475,5691,37526,50565,48888,475,5691,34000,14000,8000,15000,0
credit_classification_train_000932,160000,30,0,0,0,0,0,0,155967,151161,132051,93367,84622,87255,7541,5500,4200,3032,4000,2609,0
credit_classification_train_000933,150000,40,-1,-1,-1,-2,-2,-2,1221,176,0,0,0,0,176,0,0,0,0,0,0
credit_classification_train_000934,250000,42,1,1,1,1,2,2,352016,341600,321232,307354,285901,272322,15210,8273,8100,100,8942,254000,1
credit_classification_train_000935,270000,33,-1,-1,-1,-1,-1,-1,10148,625,14430,7320,5500,500,625,14430,7325,5500,500,6921,0
credit_classification_train_000936,150000,31,2,-1,-1,-1,-1,-1,390,390,390,4825,5202,780,390,390,4825,5202,780,0,1
credit_classification_train_000937,120000,31,0,0,0,0,2,2,46736,75853,79570,106523,108614,107519,30000,5000,30000,3900,4000,3800,1
credit_classification_train_000938,380000,31,0,0,2,0,0,0,66979,70289,69790,71506,74078,77088,5700,2500,3500,5000,5000,3400,0
credit_classification_train_000939,120000,45,-1,-1,-1,-1,-1,-1,380,3175,380,380,2402,696,3175,380,380,2402,696,1093,0
credit_classification_train_000940,160000,42,1,2,2,0,0,0,152699,152630,95758,97251,98010,99669,4462,0,4385,3639,3762,3800,1
credit_classification_train_000941,20000,30,0,-1,0,0,0,0,12755,832,2800,1231,1052,0,832,1000,900,500,0,0,0
credit_classification_train_000942,70000,24,0,0,0,0,0,0,69039,68609,69217,69327,68582,68677,3000,4000,3200,3000,3000,3000,0
credit_classification_train_000943,120000,37,-1,2,0,0,0,0,200,200,42200,42000,42000,0,0,42000,200,0,0,0,0
credit_classification_train_000944,250000,33,3,2,2,-2,-2,-2,2500,2500,0,0,0,0,0,0,0,0,0,0,1
credit_classification_train_000945,30000,36,2,0,0,0,0,0,24796,26088,27032,26723,23143,17106,2000,1804,2014,1521,1204,1500,1
credit_classification_train_000946,50000,27,0,0,0,0,0,0,6105,7347,8000,8000,10000,0,1500,1000,0,2000,0,2556,0
credit_classification_train_000947,80000,27,0,0,0,0,0,0,80658,70963,73411,75331,55011,56271,3800,3600,3200,2000,2100,3001,0
credit_classification_train_000948,20000,26,-1,-1,0,-1,0,0,587,2195,1758,3720,3820,0,2195,1500,3720,100,0,0,0
credit_classification_train_000949,200000,49,-1,-1,-1,-1,-2,-2,413,0,103,0,0,0,0,103,0,0,0,225,0
credit_classification_train_000950,220000,30,-1,-1,2,-1,2,2,776,1552,776,221876,223986,204957,1552,0,221876,7500,4,10000,1
credit_classification_train_000951,50000,31,2,0,0,2,2,2,28133,29461,32067,31252,32633,33965,1800,3400,0,1900,2000,0,1
credit_classification_train_000952,500000,35,0,0,0,0,0,0,207237,224007,275615,220088,216482,136086,20001,30168,6022,6375,5005,5000,0
credit_classification_train_000953,180000,27,0,0,0,0,0,0,152158,155181,158437,161664,164873,168344,5539,5741,5852,5881,7607,6135,0
credit_classification_train_000954,280000,27,0,0,0,0,0,0,56144,58180,34855,36000,37684,22478,5000,5000,2000,2000,2000,2000,0
credit_classification_train_000955,70000,29,0,0,0,0,0,0,20244,65072,61652,62788,57325,53415,50005,2312,2237,2038,2000,2127,0
credit_classification_train_000956,200000,31,-1,2,-1,2,-1,-1,2905,1258,1863,390,390,390,0,2253,0,390,390,390,0
credit_classification_train_000957,130000,33,2,2,-1,-1,-2,-2,2183,2000,700,0,0,0,13,700,0,0,0,0,0
credit_classification_train_000958,380000,52,1,-1,-1,-1,-1,-2,0,2879,1395,3261,0,0,742,1395,3261,0,0,0,0
credit_classification_train_000959,210000,39,-2,-2,-2,-1,-1,-2,980,0,650,3446,0,0,0,650,3446,0,0,0,1
credit_classification_train_000960,140000,33,0,0,0,0,0,0,136302,127178,78950,80457,41150,-10193,6000,5000,4000,2000,0,71000,0
credit_classification_train_000961,90000,29,1,-1,-1,-2,-2,-2,0,194,0,0,0,0,194,0,0,0,0,217,0
credit_classification_train_000962,340000,29,0,0,0,0,0,0,182441,181085,179607,177506,176233,173279,6550,6500,5830,6053,5200,5076,0
credit_classification_train_000963,350000,35,-1,-1,2,-1,-1,-1,439,884,421,267,575,932,884,0,267,575,932,0,1
credit_classification_train_000964,90000,43,2,-1,2,-1,0,-1,390,780,390,780,390,780,780,0,780,0,780,0,1
credit_classification_train_000965,470000,39,-1,0,0,0,0,0,235490,125853,143646,113422,96921,94405,25853,20745,13422,6921,5645,6114,0
credit_classification_train_000966,140000,24,0,0,0,0,0,0,103884,105697,101636,97298,77081,72592,4000,4000,3800,3000,3300,2300,0
credit_classification_train_000967,20000,53,2,2,-2,-2,-1,-1,19369,3888,3167,-129,9703,9871,3900,3179,773,9832,10084,4380,0
credit_classification_train_000968,50000,26,2,2,-1,0,0,0,2467,-368,1465,2282,2397,2470,0,2000,1000,300,300,2000,1
credit_classification_train_000969,500000,36,0,0,0,0,0,-1,4952,6607,8544,15351,5839,9192,3008,4005,8048,131,9213,111,0
credit_classification_train_000970,110000,51,-1,-1,-1,0,0,0,2132,1946,27162,26693,25243,23783,1946,27162,2000,812,799,933,0
credit_classification_train_000971,150000,30,-2,-2,-2,-2,-2,-2,456,9664,3420,2527,0,0,9664,3420,2612,0,0,0,1
credit_classification_train_000972,420000,47,1,-1,-1,0,0,0,0,14165,53697,50081,44875,42691,14165,55732,1563,1594,1454,1535,0
credit_classification_train_000973,430000,26,0,0,0,0,0,0,438795,438691,437284,435832,345499,228818,18000,18000,16570,11803,10563,10000,0
credit_classification_train_000974,150000,23,0,0,0,0,0,0,151669,152794,147323,112904,77642,78542,5900,5598,4440,2800,3000,3000,0
credit_classification_train_000975,90000,26,0,0,0,2,0,0,86183,87561,92996,89866,48574,41746,4100,8548,0,1527,1617,1490,0
credit_classification_train_000976,90000,33,0,0,0,2,0,0,27180,26772,70398,56266,47804,44230,1405,56388,112,1779,1786,5414,1
credit_classification_train_000977,140000,50,0,0,0,0,0,-2,98668,88727,27203,27209,-20006,-30177,4410,1804,14000,10968,0,82000,0
credit_classification_train_000978,430000,51,0,-1,-1,-1,0,-1,4704,9714,13247,27555,17389,2919,9723,13298,27570,0,2919,96117,0
credit_classification_train_000979,220000,35,-1,-1,-1,-1,-1,-1,7443,5572,5572,5572,5774,3264,5600,5600,5600,5802,3279,5613,0
credit_classification_train_000980,310000,46,-2,-2,-2,-2,-2,-2,53474,11913,6629,34342,1900,5807,11919,6629,17171,3800,5807,1380,0
credit_classification_train_000981,360000,32,-2,-2,-2,-2,-1,0,-16,3194,430,1982,211250,215670,3210,436,1991,211250,7762,7823,0
credit_classification_train_000982,230000,30,1,-2,-2,-2,-1,-1,0,0,0,0,625,514,0,0,0,625,514,3,0
credit_classification_train_000983,360000,42,-2,-2,-2,-2,-2,-2,0,4435,0,3666,2749,2921,4435,0,3666,2878,2921,5270,0
credit_classification_train_000984,300000,48,-1,-1,-1,-1,-1,-1,5036,32897,6493,23292,1254,7808,32898,6493,23324,1254,7808,3023,0
credit_classification_train_000985,40000,27,0,0,0,0,0,0,33077,34055,32644,29645,22930,0,1554,3071,1384,1047,0,0,0
credit_classification_train_000986,200000,32,-1,-1,-1,-1,-1,2,5494,19614,628,628,1604,668,19614,628,628,1604,0,168,1
credit_classification_train_000987,380000,30,0,0,0,0,0,0,295543,299922,307166,311716,306830,303453,11000,12602,11500,10500,11000,10152,0
credit_classification_train_000988,10000,46,0,0,-2,-2,-1,0,10400,0,0,0,1864,1720,0,0,0,1864,50,1500,0
credit_classification_train_000989,160000,25,0,0,0,0,0,0,83005,84023,81765,84265,84437,81265,3900,3300,3906,3000,3100,3120,0
credit_classification_train_000990,270000,33,0,0,2,0,0,0,117705,123812,125284,126708,134352,108585,8000,5000,5000,10000,5000,5000,0
credit_classification_train_000991,30000,25,2,-1,2,-1,-1,-1,581,1312,731,7300,6071,7849,1312,0,7300,6071,8000,16000,1
credit_classification_train_000992,80000,55,0,0,0,0,0,0,69116,64325,59653,55159,56277,57347,2500,2000,2000,2000,2000,2000,0
credit_classification_train_000993,320000,29,1,2,0,0,3,2,93070,90725,92697,106221,104313,103251,0,3500,15100,11,3129,11,1
credit_classification_train_000994,360000,35,0,0,0,0,0,0,10424,10197,85777,81919,75332,47622,1104,81970,3261,1886,3035,2068,0
credit_classification_train_000995,30000,35,1,-2,-2,-1,3,2,-2221,-8152,-4220,30821,30071,28767,0,0,35821,0,0,1000,0
credit_classification_train_000996,30000,38,0,0,2,2,2,2,29770,27400,28935,28934,30313,30330,6000,2273,780,2635,1033,611,0
credit_classification_train_000997,240000,37,0,0,0,0,-1,0,51277,51999,52613,21696,22807,22877,10006,10000,10000,22807,10000,11109,0
credit_classification_train_000998,170000,38,0,0,0,0,0,0,153123,151050,148362,142223,126060,123978,7000,6000,5012,5000,5000,5000,0
credit_classification_train_000999,330000,50,1,-1,-1,-1,-1,-1,-13,2750,-27,5344,16566,995,2763,0,5371,16648,1000,997,1
credit_classification_train_001000,80000,26,0,-1,0,0,0,-1,509,437,3586,2248,2222,4822,525,3519,2201,2203,8389,8048,0
credit_classification_train_001001,30000,38,2,0,0,0,0,-2,28484,29242,30037,29682,0,0,1905,1700,1108,0,0,0,0
credit_classification_train_001002,50000,35,3,2,0,0,0,0,50437,49317,42052,22679,19099,19648,0,2000,1500,1000,1000,1000,0
credit_classification_train_001003,50000,44,2,2,2,3,2,2,41755,40793,44084,44763,44939,46078,0,3949,1700,1200,2000,2000,0
credit_classification_train_001004,180000,40,0,0,0,-2,-2,-2,20831,1537,-43,-43,-43,-43,1000,0,0,0,0,0,0
credit_classification_train_001005,240000,35,0,0,0,0,0,0,86508,86596,87475,89253,91128,127950,3583,2768,2817,2928,37950,4303,0
credit_classification_train_001006,370000,39,1,2,0,0,0,0,343248,334394,337272,340152,345904,322168,5,14005,12004,12362,12006,9555,1
credit_classification_train_001007,460000,39,0,0,0,0,0,0,168182,165850,163366,151904,146707,140104,6051,5677,5350,5473,5218,4542,0
credit_classification_train_001008,20000,35,1,2,2,2,2,2,15668,15119,17976,19088,18500,20712,0,3108,1700,0,3500,0,1
credit_classification_train_001009,170000,32,0,0,0,0,0,0,166470,159880,161445,152549,122948,120277,5809,7334,6699,4315,4410,4309,0
credit_classification_train_001010,20000,27,0,0,0,0,0,0,5635,5735,4941,4236,3200,1375,1186,1300,1246,264,375,700,0
credit_classification_train_001011,150000,38,2,0,0,0,0,0,146057,142325,143548,146332,145993,146600,6527,6714,6705,5181,5437,5700,0
credit_classification_train_001012,110000,28,2,2,2,2,0,0,111541,113676,114223,110876,107710,90071,5400,4000,0,4000,3700,4000,1
credit_classification_train_001013,280000,57,-1,-1,-1,-1,0,-1,7640,9369,12261,12610,3160,9380,9369,12277,12610,0,9380,2098,0
credit_classification_train_001014,30000,24,0,0,0,0,0,0,21540,22236,23574,24583,24915,25280,1358,1696,1705,1037,915,929,0
credit_classification_train_001015,20000,46,0,0,0,0,0,0,19113,20068,17481,15572,15902,35565,1292,1323,1111,441,2158,2400,0
credit_classification_train_001016,120000,27,-1,2,-1,0,-1,-1,6553,2752,10834,2016,3589,1569,0,10834,280,3589,1569,2527,0
credit_classification_train_001017,120000,54,0,0,0,0,0,0,67094,69010,70683,71504,73230,73613,3000,3000,2300,2600,2500,1500,0
credit_classification_train_001018,200000,26,-2,-2,-2,-2,-2,-2,2364,442,33442,2140,964,2075,442,33448,2140,964,2075,7511,0
credit_classification_train_001019,360000,44,-1,-1,-1,-1,-1,-1,2877,1852,2068,2185,9561,321,1861,2078,2361,9608,322,322,0
credit_classification_train_001020,180000,27,0,0,0,0,0,0,172511,177587,175867,159053,126688,122947,8008,6528,6500,5000,5000,5000,0
credit_classification_train_001021,110000,24,1,2,0,0,0,0,72184,69650,70172,48720,48540,43692,0,3200,2478,2000,1900,2000,0
credit_classification_train_001022,350000,32,-2,-2,-1,0,0,0,19637,239770,8111,198877,191248,183157,242247,8111,198748,7000,6509,7022,0
credit_classification_train_001023,130000,39,0,0,0,0,0,0,125816,125804,124030,119966,89588,91178,7166,7501,6621,3501,3501,3612,0
credit_classification_train_001024,170000,39,-1,-1,-1,-1,-1,-1,2860,15643,1104,190,4786,2714,15643,1108,191,4786,2714,7714,0
credit_classification_train_001025,60000,28,0,0,2,2,-1,-1,20729,14486,12163,8891,1723,40276,3016,1000,0,1723,40276,3000,0
credit_classification_train_001026,120000,30,0,0,0,0,0,0,77413,70630,61181,52187,49327,41096,5000,3000,2000,2000,1500,1500,0
credit_classification_train_001027,330000,34,-1,-1,-1,-1,0,-1,316,310,6994,632,316,38277,310,7006,2000,0,38277,6000,0
credit_classification_train_001028,120000,24,-1,-1,-1,-1,-1,-1,2946,384,1914,390,0,780,384,1920,390,0,780,0,1
credit_classification_train_001029,300000,45,-1,-1,-1,-1,-1,-1,5045,688,6431,3645,2041,1800,688,6495,3681,2448,1910,360,0
credit_classification_train_001030,30000,36,-1,-1,-1,-1,0,-1,1493,1555,390,780,390,390,1858,390,780,0,390,0,0
credit_classification_train_001031,220000,32,0,0,0,0,0,0,100226,102103,103701,103673,99429,93487,5200,5500,4700,4000,4000,4000,0
credit_classification_train_001032,50000,53,1,-1,-1,-1,0,-1,0,3333,0,8796,6346,3600,3333,0,8796,1000,4000,0,0
credit_classification_train_001033,170000,31,0,0,0,0,0,0,166701,164561,166894,170102,165015,165571,5887,6894,6102,5807,6241,7000,0
credit_classification_train_001034,300000,39,0,0,0,0,2,0,89792,91558,93741,99802,97711,99538,4500,5000,8000,0,4000,4200,0
credit_classification_train_001035,430000,41,-2,-2,-2,-2,-2,-2,2830,21419,15555,6705,6705,5673,21419,0,6705,0,5673,7791,0
credit_classification_train_001036,80000,24,-1,-1,-1,-1,0,-1,3940,4115,84,8708,8728,2793,4117,84,8708,20,2795,0,0
credit_classification_train_001037,70000,51,0,0,0,2,0,0,43048,43257,44115,41112,39922,40150,3000,4000,0,1500,3000,5000,0
credit_classification_train_001038,230000,30,1,2,2,2,0,0,6168,5951,8698,8398,10898,7299,0,3000,0,2500,0,11236,0
credit_classification_train_001039,20000,34,0,0,0,0,0,0,15907,17142,17844,18009,17356,17200,1498,1200,365,347,344,0,0
credit_classification_train_001040,130000,32,0,0,0,0,0,2,119312,116259,103438,49319,91191,82168,20021,40354,20000,43608,103,10000,0
credit_classification_train_001041,280000,30,-1,-1,-1,-1,-1,-1,3510,-32,4628,2589,3120,4334,0,4660,2601,3135,4354,3027,0
credit_classification_train_001042,170000,24,0,0,0,0,0,0,19103,14434,160153,160823,128646,124547,3000,157541,8020,5260,5000,6000,0
credit_classification_train_001043,60000,34,2,2,2,2,2,0,24898,27976,27233,30184,29566,30225,3800,0,3720,0,1300,1291,1
credit_classification_train_001044,20000,36,0,0,0,2,0,0,16419,17139,20159,19533,19928,19695,1300,3300,0,1000,1000,900,0
credit_classification_train_001045,90000,29,2,2,2,2,2,2,11512,12524,13523,13704,13882,14015,1500,1500,700,700,500,0,1
credit_classification_train_001046,140000,39,0,0,0,0,0,0,27942,29472,30579,31227,34898,35528,2000,1600,2000,5000,2000,30000,0
credit_classification_train_001047,350000,41,0,0,0,0,0,0,15407,17826,23489,29037,36213,38163,3000,6000,6000,8027,8000,8000,0
credit_classification_train_001048,150000,51,0,0,0,0,0,0,71776,72909,74722,77865,78819,80607,2046,2413,3776,2224,2448,2500,0
credit_classification_train_001049,20000,21,0,0,0,0,0,0,22291,15999,12874,8350,7500,8500,1700,1174,4000,150,1000,0,0
credit_classification_train_001050,280000,31,2,-1,-1,-2,-2,-2,103,168,0,0,0,0,168,0,0,0,0,0,0
credit_classification_train_001051,60000,46,0,0,2,2,2,2,24677,26963,28210,27473,29176,28242,3000,2000,0,2289,0,1500,1
credit_classification_train_001052,400000,45,-2,-2,-1,-1,-1,-1,10985,2441,16046,2483,10719,1722,2441,16046,2483,10719,1722,2836,0
credit_classification_train_001053,310000,29,0,0,0,0,0,0,29906,14780,18261,41540,50803,59927,14750,5000,24000,10000,10000,30000,0
credit_classification_train_001054,50000,31,0,0,0,0,0,0,46512,47716,49675,30929,30078,29170,1974,4406,1061,1073,1046,1047,1
credit_classification_train_001055,20000,32,0,0,2,2,2,0,3677,6002,5758,12619,12274,15049,2400,0,7000,0,3000,4000,1
credit_classification_train_001056,360000,33,0,0,0,0,0,0,21936,35331,30580,34985,39585,49735,14000,5000,5000,5000,10150,60000,0
credit_classification_train_001057,110000,40,0,0,0,0,0,0,5457,6660,7590,8657,9013,9367,1300,1200,1200,500,500,1000,0
credit_classification_train_001058,220000,30,0,0,0,0,0,0,32357,30971,31277,23258,4546,6470,2000,1377,8011,165,2000,1000,0
credit_classification_train_001059,360000,28,0,0,0,0,0,0,152072,151168,153306,144485,145601,140336,5708,6059,5009,5021,5027,100017,0
credit_classification_train_001060,410000,32,0,0,0,0,0,0,198954,202511,199348,201941,101962,104837,7000,9000,9000,5000,5000,5000,0
credit_classification_train_001061,290000,30,-1,-1,-1,0,0,0,8452,7718,237648,236463,146420,148600,7728,237648,8900,5300,5541,4700,0
credit_classification_train_001062,260000,44,0,0,0,0,0,0,148803,137561,130539,112300,105517,108011,5100,5300,4303,3600,4000,4000,0
credit_classification_train_001063,100000,44,0,0,0,0,0,2,68444,71722,73525,75303,79994,78550,5000,3000,3000,5900,0,5000,1
credit_classification_train_001064,60000,45,0,0,0,0,0,0,6471,7487,9356,10392,11214,12028,1131,2000,1200,1000,1000,1000,0
credit_classification_train_001065,20000,23,0,0,0,0,0,0,14605,14532,15700,16346,16837,18298,2000,2000,1000,1000,2000,2000,0
credit_classification_train_001066,200000,28,-1,-1,-1,-1,-1,-1,6023,3621,2659,1708,1629,13037,3632,2659,1708,1629,13037,450,0
credit_classification_train_001067,260000,33,-1,-1,-1,-1,-1,0,5188,12357,28656,7497,7685,15434,13000,29022,7500,27769,12000,6200,1
credit_classification_train_001068,30000,42,0,0,0,2,0,0,24317,28401,30910,30155,30389,30418,4491,3000,0,1068,2257,0,0
credit_classification_train_001069,80000,25,0,0,0,0,0,-2,11521,5219,4560,5450,0,0,1500,2000,1000,0,0,0,0
credit_classification_train_001070,90000,26,0,0,0,0,0,0,92472,92518,91504,91706,91801,91753,4600,4100,3900,4000,3700,3700,0
credit_classification_train_001071,160000,24,0,0,0,0,0,0,13038,158725,155808,98160,99057,100984,155000,5000,5000,3537,5000,4000,0
credit_classification_train_001072,150000,35,1,-2,-2,-2,-2,-2,-18,-18,-18,-18,-18,-18,0,0,0,0,0,0,0
credit_classification_train_001073,200000,28,0,0,0,0,0,0,106519,107255,111522,114171,115777,118749,4000,6000,6000,5000,5000,11500,0
credit_classification_train_001074,100000,41,0,0,0,0,0,0,95326,97972,99147,74548,76284,77841,4825,4600,3000,2940,3000,3000,0
credit_classification_train_001075,20000,45,4,3,2,0,0,0,21605,20987,20200,19600,19600,20000,0,0,0,0,400,0,0
credit_classification_train_001076,200000,27,1,2,2,2,3,4,104307,101788,110000,115000,120000,127640,0,10000,5000,5000,7661,6608,0
credit_classification_train_001077,60000,25,0,-1,0,0,0,-1,3075,59808,58058,59679,5575,1733,61058,2186,5667,1200,2000,0,1
credit_classification_train_001078,250000,26,0,0,0,0,0,-1,46467,17787,18852,24097,19152,1547,1500,1500,5645,500,1547,0,0
credit_classification_train_001079,140000,59,0,0,0,0,2,0,129684,130838,131910,136810,133090,134415,6193,6200,10000,0,5000,5000,0
credit_classification_train_001080,170000,28,1,-2,-2,-2,-2,-2,0,0,0,0,0,0,0,0,0,0,0,0,0
credit_classification_train_001081,500000,32,-2,-1,0,0,0,0,11086,22919,35937,31227,21135,2632,23008,20046,5075,5103,2646,20642,0
credit_classification_train_001082,140000,41,0,0,0,0,0,0,132758,83498,84837,85663,79852,81090,4002,3900,3000,2892,3059,3003,0
credit_classification_train_001083,300000,32,0,0,-1,0,0,-1,30749,50185,3342,1287,0,3899,20000,3342,0,0,3899,2346,0
credit_classification_train_001084,240000,56,-1,-1,-1,-1,-1,-1,390,390,390,390,390,390,390,780,390,390,390,540,0
credit_classification_train_001085,60000,29,0,0,0,0,0,0,31235,31462,31499,16773,11568,9727,6050,6037,5084,6000,4000,3832,0
credit_classification_train_001086,80000,35,-2,-2,-2,-2,-2,-2,17087,1617,8140,7258,20171,5483,1617,8179,7285,20171,5483,42081,0
credit_classification_train_001087,180000,27,-1,0,0,0,0,0,3210,13852,6482,3246,2016,2334,12000,5004,1000,1000,2300,3000,0
credit_classification_train_001088,10000,41,3,2,2,7,7,7,2400,2400,2400,2400,2400,2400,0,0,0,0,0,0,1
credit_classification_train_001089,500000,69,-2,-2,-2,-2,-2,-2,1149,203,15183,3399,8311,-2,205,15259,3416,8353,0,0,0
credit_classification_train_001090,30000,25,1,2,-1,0,-1,0,3997,2522,261,1261,772,390,0,261,1000,772,8,390,1
credit_classification_train_001091,140000,30,-1,-1,-1,-1,-1,-1,44300,54700,34050,3000,3000,49128,54700,34050,3000,3000,49128,5000,0
credit_classification_train_001092,190000,31,-2,-2,-1,-1,0,0,-579,0,400,579,579,-421,579,400,579,0,421,0,1
credit_classification_train_001093,180000,32,-1,-1,2,2,-1,-1,3139,5853,2821,0,2821,0,2821,0,0,2821,0,176,0
credit_classification_train_001094,200000,48,0,0,-2,-2,-2,-2,205150,0,0,0,0,0,0,0,0,0,0,0,0
credit_classification_train_001095,90000,32,0,0,0,0,0,0,88729,88533,91001,90661,51620,52668,3500,3908,4328,2100,2500,1308,0
credit_classification_train_001096,400000,37,-2,-2,-2,-2,-2,-2,14889,929,1191,11930,11286,5766,929,1191,11930,11286,5766,16520,0
credit_classification_train_001097,250000,45,2,0,0,0,0,0,237510,241605,240337,242803,240521,245310,9076,9007,9031,9000,10011,9008,1
credit_classification_train_001098,50000,24,1,2,2,0,-1,0,59197,55551,54083,50000,10135,9952,2000,0,1000,10135,358,403,1
credit_classification_train_001099,130000,40,-1,-1,-1,0,-1,-1,1445,1445,1651,1651,390,0,1445,1651,0,390,0,780,0
credit_classification_train_001100,50000,22,0,0,0,0,-1,0,50784,50670,50222,20013,39721,30526,2300,2000,1682,41803,1261,1200,0
credit_classification_train_001101,300000,29,0,0,0,0,0,-2,8857,8102,12214,27299,0,0,3000,5000,21312,0,0,0,0
credit_classification_train_001102,160000,74,0,0,0,-1,-1,-1,79201,69376,66192,16905,0,19789,3783,2268,16905,0,19789,26442,0
credit_classification_train_001103,500000,26,0,0,0,0,0,0,16162,18581,19321,21986,22440,25070,3000,1335,3000,811,3000,3500,0
credit_classification_train_001104,90000,23,-1,-1,-2,-1,-1,-1,3030,0,0,4220,1130,212,0,0,4220,1130,212,298,0
credit_classification_train_001105,290000,39,0,0,0,0,0,0,228342,235380,240049,107993,110691,50143,10600,10200,4000,4534,2670,700,1
credit_classification_train_001106,180000,28,-1,-1,-1,-1,-1,-1,26000,5480,5960,600,6800,12627,5488,5960,600,6800,12627,0,0
credit_classification_train_001107,360000,36,-2,-2,-2,-2,-2,-2,8162,3141,587,1647,1745,597,3144,590,1670,1748,600,11883,0
credit_classification_train_001108,180000,34,0,0,0,0,0,0,37671,39009,40213,41702,43687,44982,1800,2000,2000,2500,2000,2000,0
credit_classification_train_001109,100000,42,2,2,2,2,2,2,46195,47166,46112,48925,49794,50823,2000,0,3900,1800,2000,2000,1
credit_classification_train_001110,50000,49,-1,-1,-1,-1,-1,-1,12515,9115,1198,198,1198,11198,9115,1198,198,1198,11198,29358,1
credit_classification_train_001111,360000,37,-2,-1,-1,0,0,-2,-5,3584,2280,2280,0,0,3589,2280,0,0,0,0,0
credit_classification_train_001112,210000,35,0,0,0,-2,-2,-1,84018,23953,0,0,0,239,2000,0,0,0,239,323,0
credit_classification_train_001113,200000,33,0,0,0,0,0,0,64932,66223,68261,69133,70689,72201,2365,3100,2600,2700,2800,2700,0
credit_classification_train_001114,10000,24,0,0,0,0,2,0,9035,5845,6793,8668,8382,8595,1300,1200,2000,0,500,396,1
credit_classification_train_001115,90000,39,0,0,0,-1,-1,-1,4968,4713,2290,1764,1728,1954,1203,1005,1764,1728,1954,1416,0
credit_classification_train_001116,190000,33,0,0,0,0,0,0,153962,161376,162437,117364,100765,112095,10000,6000,30000,5000,13000,34000,0
credit_classification_train_001117,240000,43,0,0,0,0,0,2,67120,68473,69899,71946,75425,74377,2200,2263,2930,5000,0,3000,0
credit_classification_train_001118,20000,24,0,0,0,0,2,0,15451,16789,18203,19602,16121,15321,1600,2000,4000,0,1500,2000,1
credit_classification_train_001119,10000,22,-1,-1,0,0,0,0,656,8748,9644,9541,8971,9645,10128,1200,400,323,1600,300,0
credit_classification_train_001120,30000,24,1,2,2,0,0,0,26690,27954,27226,28427,28752,28447,2000,0,2000,1000,1100,1500,0
credit_classification_train_001121,290000,37,-1,-1,-1,-1,-1,-1,396,396,396,396,396,396,396,396,396,396,396,396,0
credit_classification_train_001122,130000,37,0,0,0,0,0,0,81731,84383,87518,89360,90481,92858,4000,4500,4190,3500,4000,4000,0
credit_classification_train_001123,140000,32,0,0,0,0,2,0,86627,78142,68336,64648,58319,55251,3455,3110,5000,0,2100,2602,0
credit_classification_train_001124,30000,24,2,2,6,6,5,4,1800,1800,1800,1800,1200,600,0,0,0,0,0,0,0
credit_classification_train_001125,50000,52,0,0,0,0,0,0,50557,49214,50156,20186,17966,19659,2283,2225,1008,757,2601,700,1
credit_classification_train_001126,100000,40,0,0,0,0,0,0,95600,87442,60737,66077,68990,70724,15037,5003,8058,8000,3000,5000,0
credit_classification_train_001127,360000,29,-1,-1,-1,-2,-2,-2,1146,2500,0,0,0,0,2500,0,0,0,0,0,1
credit_classification_train_001128,50000,25,3,3,2,2,2,0,26798,27274,27529,28280,27691,28278,1200,1000,1500,0,1200,1200,1
credit_classification_train_001129,110000,50,0,0,0,0,0,0,110406,109550,109921,67212,49120,49772,4600,3348,2444,3869,1808,1751,0
credit_classification_train_001130,80000,39,1,-1,-1,2,2,2,0,174,2071,2036,840,1081,174,2071,150,0,931,0,1
credit_classification_train_001131,130000,31,0,0,0,0,0,0,95292,97544,99208,102946,103750,105818,4600,4000,5300,3700,3600,3700,0
credit_classification_train_001132,50000,24,0,0,0,0,0,0,2757,3776,4785,5031,5134,5138,1070,1079,325,332,238,1180,0
credit_classification_train_001133,340000,29,-1,0,0,0,0,0,11806,13535,18784,26069,20007,15857,10000,6000,23000,400,5857,6500,0
credit_classification_train_001134,180000,25,0,0,0,0,0,-1,33322,29500,28418,16084,14210,711,1900,1864,600,600,711,2576,0
credit_classification_train_001135,50000,31,0,0,0,0,0,0,49139,49281,42472,44810,45699,46675,1707,1948,11746,1635,1712,4000,1
credit_classification_train_001136,420000,40,-2,-2,-2,-2,-2,-2,1794,7748,2950,17827,23711,63784,7786,2965,18048,23831,64101,30731,0
credit_classification_train_001137,370000,35,0,0,-2,-1,-1,0,40229,-101,-101,2329,156619,155988,0,0,2430,161450,6035,6439,0
credit_classification_train_001138,130000,43,0,0,0,0,0,2,74020,71527,66370,43882,41063,29215,5000,3000,2500,4100,0,5000,0
credit_classification_train_001139,50000,49,0,0,0,0,0,0,48321,48890,30272,31080,15315,15238,1839,1640,1901,526,537,577,1
credit_classification_train_001140,50000,31,-1,3,2,-1,2,0,780,780,390,2724,2183,2638,0,0,2724,0,1004,2032,0
credit_classification_train_001141,130000,30,0,0,0,0,-1,-1,9255,10264,7060,4480,3000,0,1204,1000,3990,3000,0,200,0
credit_classification_train_001142,70000,40,0,0,0,0,0,0,65198,65674,58599,49179,49080,49705,2924,1924,1726,1763,2136,1384,0
credit_classification_train_001143,190000,37,-1,-1,-1,0,0,0,752,1302,18666,19623,21268,23038,1302,18666,2000,3000,3000,1200,1
credit_classification_train_001144,200000,30,-2,-2,-2,-2,-2,-2,0,0,441,653,500,600,0,441,653,500,600,751,0
credit_classification_train_001145,240000,51,0,0,0,0,0,0,225614,232072,204121,171051,175416,179754,10473,8000,30000,6000,6000,20000,0
credit_classification_train_001146,150000,30,-1,-1,0,0,0,0,107799,16332,13837,15855,9049,3244,16363,10149,10000,7000,0,0,0
credit_classification_train_001147,180000,32,0,0,0,0,0,-2,5244,8135,12621,17987,-99,-99,3000,5000,15000,0,0,0,0
credit_classification_train_001148,20000,28,0,0,0,0,0,0,17027,34235,18478,19215,15915,0,1500,3000,1200,400,0,0,0
credit_classification_train_001149,260000,44,-1,2,2,-1,-1,-2,1215,856,291,803,98,431,0,291,803,98,431,1104,1
credit_classification_train_001150,20000,24,0,0,0,0,0,0,3724,5646,6808,14046,13924,16924,2000,1262,7500,278,3000,0,0
credit_classification_train_001151,70000,24,0,0,2,2,2,2,48432,52650,53099,51648,55409,54366,5000,1900,0,4600,0,2300,0
credit_classification_train_001152,80000,29,0,0,0,0,0,0,78265,79364,73622,75092,75976,77511,3070,2623,2644,2743,2783,2909,1
credit_classification_train_001153,150000,29,-2,-2,-2,-2,-2,-2,4583,6917,831,6469,5138,7810,6989,833,6488,5153,7833,7130,0
credit_classification_train_001154,200000,28,0,-1,2,2,-1,-1,7464,22182,10373,2669,1024,170722,22182,7,0,6177,180722,5000,0
credit_classification_train_001155,30000,21,0,0,0,0,0,0,28871,28430,29051,29265,28267,28925,1802,1802,1358,1100,1151,1568,0
credit_classification_train_001156,180000,30,-1,-1,-2,-2,-2,-2,2743,0,0,0,0,0,0,0,0,0,0,0,1
credit_classification_train_001157,360000,30,-2,-1,-1,-2,-2,-2,0,2500,0,0,0,0,2500,0,0,0,0,0,0
credit_classification_train_001158,20000,38,-1,0,0,0,0,0,18596,19245,19744,14999,15121,19283,1342,1231,524,741,5000,1000,0
credit_classification_train_001159,340000,31,4,3,2,-1,-1,-1,581775,572677,384060,304508,247178,228349,0,0,1000,4320,287982,8007,1
credit_classification_train_001160,110000,33,0,0,0,0,0,0,104151,106217,108884,112149,112507,114200,3791,4368,5500,3971,6280,10300,1
credit_classification_train_001161,160000,38,0,0,0,0,0,0,47268,47269,45688,47690,48712,49525,2725,2767,2769,1791,1928,1960,0
credit_classification_train_001162,210000,32,0,0,0,0,0,0,44304,46255,50486,54019,58091,61630,3000,5000,5000,5000,4500,5000,0
credit_classification_train_001163,110000,36,-1,0,0,0,0,0,3385,31169,50526,51816,34262,23366,28000,20000,3000,3000,3000,3000,0
credit_classification_train_001164,180000,25,-2,-2,-2,-2,-2,-2,0,0,0,0,0,0,0,0,0,0,0,0,0
credit_classification_train_001165,360000,42,0,0,0,0,0,0,118368,124934,131328,137605,140729,146194,10000,10000,10000,5500,8000,6000,0
credit_classification_train_001166,60000,29,0,0,0,0,0,0,63578,61347,57138,51026,24213,5295,2188,2285,1429,169,426,29350,0
credit_classification_train_001167,20000,26,2,2,2,2,2,0,10372,12897,12393,14185,13817,14434,3000,0,2000,0,1000,3000,1
credit_classification_train_001168,50000,43,1,2,0,0,2,2,43791,42809,45085,48020,47120,50319,0,3000,4000,0,4000,2000,0
credit_classification_train_001169,250000,30,1,-2,-2,-1,-1,-1,0,0,0,700,150,200,0,0,700,150,200,0,0
credit_classification_train_001170,50000,44,0,0,0,0,0,0,47505,48471,44301,19052,17569,17976,2100,2100,800,1000,700,818,1
credit_classification_train_001171,230000,42,1,-2,-1,-1,-1,-1,0,0,324,0,2600,3007,0,324,0,2600,3407,200,1
credit_classification_train_001172,150000,31,0,0,0,0,0,0,104014,108229,109374,111279,125353,126913,5500,4005,3241,15500,4000,3568,0
credit_classification_train_001173,60000,36,-1,-1,0,0,2,-1,39212,45987,42778,25163,7784,12332,45994,20052,20007,7,12332,500,0
credit_classification_train_001174,20000,24,-1,-1,2,-1,0,-1,1371,796,398,796,398,716,796,0,796,0,716,12111,0
credit_classification_train_001175,30000,54,2,2,2,2,4,3,22147,24770,26068,28842,28094,27361,3000,2000,3500,0,0,1000,0
credit_classification_train_001176,390000,32,0,0,0,0,0,0,16566,20213,15204,13529,14139,14496,9076,8000,1500,1500,519,7000,0
credit_classification_train_001177,50000,45,-1,-1,-1,-1,-1,-1,7963,1664,5408,2734,7976,0,1669,5413,2734,7976,0,7000,0
credit_classification_train_001178,20000,33,1,2,0,0,0,-2,17439,16872,17483,9152,0,0,0,1000,183,0,0,0,0
credit_classification_train_001179,80000,25,0,0,0,0,0,0,53685,15291,20694,25435,30510,36101,3291,5694,5435,5510,6101,6742,0
credit_classification_train_001180,50000,23,0,0,0,0,0,0,40698,42018,43344,16951,16989,17230,2000,2230,1600,600,500,19742,0
credit_classification_train_001181,150000,26,1,2,0,0,0,0,156387,148656,150963,152607,103113,96518,0,6000,10000,4000,4000,7000,1
credit_classification_train_001182,130000,27,0,0,0,-2,-2,-2,49964,50000,0,0,0,0,1000,0,0,0,0,0,0
credit_classification_train_001183,210000,32,0,0,2,0,0,0,155913,165227,161427,164860,187329,186079,13000,0,5666,24886,6282,6494,0
credit_classification_train_001184,310000,32,1,-2,-1,0,0,-2,0,0,326,326,-235,-235,0,326,0,0,0,1200,0
credit_classification_train_001185,100000,27,1,1,-1,0,0,0,3856,-1278,7571,5386,1133,4143,2,9586,1014,500,3010,1,0
credit_classification_train_001186,60000,24,1,2,0,0,0,2,59201,58493,58820,57827,61055,56668,2300,2700,2200,4500,0,2200,0
credit_classification_train_001187,90000,34,0,0,0,0,0,0,53105,54154,55683,56798,58508,63177,2525,3000,2637,3242,6783,0,0
credit_classification_train_001188,300000,26,-1,-1,0,0,-1,-1,1946,2612,3408,1908,1108,530,2612,1914,0,1108,530,100,1
credit_classification_train_001189,90000,60,-1,-1,-1,0,0,0,1933,63201,5322,27878,27243,27799,63201,5322,26400,545,556,1274,0
credit_classification_train_001190,260000,40,0,0,0,0,0,0,18503,19616,20725,21807,21216,22331,3000,3000,3000,1000,2000,5000,0
credit_classification_train_001191,400000,53,0,0,0,0,-1,0,15090,17934,21264,29811,58472,101092,4004,5002,10004,70001,84003,20000,0
credit_classification_train_001192,130000,28,0,0,0,0,0,0,31283,32045,28974,23386,23958,24740,1900,1500,1000,1100,1337,1500,1
credit_classification_train_001193,50000,28,0,0,0,0,0,0,48591,48896,48587,37211,28248,28430,2300,2000,1432,988,1600,1600,0
credit_classification_train_001194,140000,36,-1,-1,-1,-1,-1,-1,326,501,1251,0,2106,652,501,1251,0,2106,652,0,1
credit_classification_train_001195,240000,39,-1,-1,-1,-1,-1,-1,5357,4397,11204,3403,2223,1761,4437,11237,4293,2229,1766,591,0
credit_classification_train_001196,50000,43,0,0,0,0,0,0,28287,28924,29521,29876,30201,15611,1485,1472,1217,1347,558,550,0
credit_classification_train_001197,50000,35,0,0,2,2,0,0,5219,7633,8562,8276,8638,8851,2500,1200,0,500,500,500,1
credit_classification_train_001198,60000,49,0,0,2,2,0,0,59902,61336,61792,57619,12996,2054,3400,4500,17,500,1500,1000,1
credit_classification_train_001199,100000,34,-1,2,-1,-1,0,0,296,148,620,296,148,0,0,620,296,0,0,563,0
credit_classification_train_001200,50000,37,2,2,2,2,2,2,47676,48896,49325,48033,27019,26450,2300,1500,0,3400,0,1200,1
credit_classification_train_001201,320000,44,-1,-1,-1,-1,-1,-1,3493,12444,46163,1373,6064,2145,12498,46185,1387,6094,2155,1273,0
credit_classification_train_001202,60000,29,-1,-1,2,0,-1,-1,816,2440,1444,1634,1335,1825,2440,0,1000,1335,888,150,0
credit_classification_train_001203,50000,27,2,2,0,0,0,0,49882,44110,44443,19522,19775,20325,0,1280,662,837,1000,1120,1
credit_classification_train_001204,120000,30,-2,-2,-2,-2,-2,-2,0,0,0,0,0,0,0,0,0,0,0,0,0
credit_classification_train_001205,450000,61,-1,0,0,0,0,0,156875,154853,152936,150996,149094,147297,11000,11000,11000,11000,11000,11000,1
credit_classification_train_001206,60000,23,0,0,0,0,0,0,60876,60606,58227,60538,45018,38086,2523,2155,45088,1722,1523,2000,0
credit_classification_train_001207,90000,24,0,0,0,0,0,-2,35865,32764,25348,9580,0,0,1546,1176,1000,0,0,0,0
credit_classification_train_001208,50000,24,0,0,0,-1,0,0,20173,15509,7085,10358,8606,2740,1500,2008,10358,1000,1000,4438,0
credit_classification_train_001209,300000,39,0,0,0,0,0,0,127237,114506,115420,118149,110223,110449,4100,4600,7384,3500,3900,4500,0
credit_classification_train_001210,30000,31,2,3,2,2,2,0,30057,29280,30206,30496,29731,29047,0,1700,1100,3,1053,1303,0
credit_classification_train_001211,50000,42,1,2,2,2,2,2,44350,43360,45892,46886,48037,47551,0,3300,2000,2000,396,1600,0
credit_classification_train_001212,70000,27,0,0,0,0,-2,-1,64317,59944,30206,0,0,5000,2500,1000,0,0,5000,5862,0
credit_classification_train_001213,30000,44,4,3,2,2,-2,-2,7221,6962,6700,0,0,0,0,0,0,0,0,0,1
credit_classification_train_001214,150000,38,-1,-1,-1,-1,-1,2,476,476,476,476,1102,476,476,476,476,1102,0,476,0
credit_classification_train_001215,100000,41,0,-1,-1,-1,0,-1,96832,2590,-11925,21289,17236,1238,2592,12,38525,0,1238,0,0
credit_classification_train_001216,280000,25,0,0,0,0,0,0,139019,141146,129252,103317,101085,104181,4074,4232,4022,3000,4010,100022,0
credit_classification_train_001217,120000,24,2,0,0,0,0,0,67714,51385,35160,13425,8517,6174,2102,1021,274,3001,1004,4005,1
credit_classification_train_001218,30000,31,3,2,2,2,2,0,29078,28312,29733,29183,28082,27434,0,1900,2600,11,1500,1700,1
credit_classification_train_001219,140000,31,0,0,0,0,0,0,92636,94641,96667,98883,79972,81642,3500,3600,3900,3000,3000,3200,0
credit_classification_train_001220,30000,23,-1,-1,-1,-1,-1,-1,1393,1393,1393,1543,1596,2970,1393,1393,1543,1596,2970,0,0
credit_classification_train_001221,200000,40,0,0,0,0,0,0,22065,23382,21522,8815,4280,0,2000,1128,4280,0,0,0,0
credit_classification_train_001222,80000,51,0,0,0,0,0,0,77499,77838,77790,80528,23567,25171,3000,3013,4000,2000,2000,2000,0
credit_classification_train_001223,270000,27,0,0,0,0,0,0,24689,29520,29722,36276,19065,17937,10058,10339,10034,54,10088,6368,0
credit_classification_train_001224,380000,37,0,0,0,0,0,2,13415,14381,13277,14291,15949,15556,1204,1300,1242,1900,0,3000,0
credit_classification_train_001225,120000,28,0,0,0,0,0,0,92677,92809,93392,93609,95055,96761,4516,5005,5006,5014,5008,4008,0
credit_classification_train_001226,110000,38,0,0,0,0,-2,-2,106113,57228,10018,0,0,0,1635,1000,0,0,0,0,0
credit_classification_train_001227,160000,25,0,0,0,0,0,0,85748,86473,89120,88854,84598,86309,4000,5000,3096,3100,4000,5000,0
credit_classification_train_001228,300000,26,-1,-1,-1,-1,-1,-1,1121,699,3131,5180,1780,0,699,3152,5180,1780,0,6200,0
credit_classification_train_001229,20000,45,0,0,0,0,-1,-1,16392,16367,12426,11449,341,20875,2000,2426,1000,407,21769,793,0
credit_classification_train_001230,80000,34,0,0,-1,-1,0,0,8413,4942,989,2799,2818,3638,1029,1225,2799,2000,2000,2000,0
credit_classification_train_001231,30000,24,0,0,0,0,0,0,23729,27889,29500,29639,27546,6718,10000,2061,1200,551,0,0,1
credit_classification_train_001232,80000,36,0,0,0,0,0,0,68931,67706,67017,65159,64152,65208,2500,3000,2244,2478,4800,0,0
credit_classification_train_001233,280000,27,-2,-2,-2,-2,-2,-2,747,0,5737,922,107,980,0,5737,922,107,980,648,0
credit_classification_train_001234,20000,26,-1,-1,-1,-1,-2,-1,1438,1261,451,-810,-420,1320,1261,451,0,780,2130,0,0
credit_classification_train_001235,110000,57,-1,-1,-1,-1,-1,-1,390,390,390,390,390,390,390,390,390,390,390,390,0
credit_classification_train_001236,20000,25,2,2,4,4,3,2,2902,6888,7638,7388,6991,33327,4200,1000,0,0,27150,900,1
credit_classification_train_001237,360000,39,-1,2,2,-1,-1,-1,1220,330,165,5773,3598,3598,170,0,5773,3598,3598,6208,0
credit_classification_train_001238,60000,24,0,0,0,0,0,0,27295,27403,23837,23078,22618,23950,1724,1600,1000,1000,2500,1300,0
credit_classification_train_001239,500000,35,1,-2,-1,0,0,0,458863,16818,37596,62845,80212,20494,16918,37596,31802,30615,21346,10678,0
credit_classification_train_001240,500000,37,-1,-1,-1,-1,-1,-1,37443,24110,28593,22707,23495,40283,24197,28832,22784,23536,40542,12169,0
credit_classification_train_001241,270000,38,0,0,0,0,0,0,60654,59464,54715,51796,53256,59733,3000,3019,5000,5000,10000,10000,0
credit_classification_train_001242,360000,40,0,-1,-1,-2,-1,2,21489,40715,-34041,-34503,43013,11654,41088,2,38,85155,58,13652,0
credit_classification_train_001243,30000,40,-1,0,0,-1,2,2,2208,7808,0,196,46,5346,7006,0,196,0,5300,0,0
credit_classification_train_001244,70000,24,0,0,0,0,0,0,66915,68852,69390,64457,66021,67267,3167,2521,2400,2600,2614,2376,0
credit_classification_train_001245,210000,27,0,0,0,0,0,0,196963,201741,219122,223267,227841,228377,7000,20000,8200,7100,6800,7000,0
credit_classification_train_001246,170000,34,0,0,0,0,-1,0,85235,81462,59800,20650,127601,121774,5000,3400,3000,127601,4600,5100,0
credit_classification_train_001247,50000,30,2,0,0,0,0,0,2989,4008,4861,4958,5244,8134,1228,1081,178,366,3156,0,0
credit_classification_train_001248,50000,25,0,0,0,0,0,0,23529,27889,22800,21930,23183,17613,4820,1500,1000,2000,1000,500,0
credit_classification_train_001249,10000,36,0,0,0,0,2,0,6470,7404,8415,9075,8785,8959,1200,1440,800,0,320,900,1
credit_classification_train_001250,180000,37,0,0,0,0,0,0,22121,31681,32552,34004,35792,36645,10000,1700,2000,2500,1600,2000,0
credit_classification_train_001251,80000,53,2,2,2,2,0,0,6469,8947,9853,9546,9890,10479,2600,1200,0,503,900,0,1
credit_classification_train_001252,50000,24,0,0,0,0,0,0,49144,20818,17890,18310,17931,18633,1500,1300,700,1000,1000,1000,0
credit_classification_train_001253,120000,25,0,0,0,0,0,0,30925,73143,73130,74898,76779,79594,43272,3120,2888,3001,4500,2500,0
credit_classification_train_001254,220000,33,-1,-1,-1,-1,-1,-1,3217,11428,16838,22237,10684,4262,11435,16876,22237,10684,4262,6500,0
credit_classification_train_001255,50000,49,5,4,3,2,0,0,52321,51210,50125,48640,17450,60,0,0,0,2000,1003,1076,0
credit_classification_train_001256,190000,25,0,0,0,0,0,0,26023,24995,23130,28126,26104,18840,1615,1200,26703,2104,7000,11747,0
credit_classification_train_001257,140000,27,-1,0,-1,-1,-2,-2,24602,12526,9032,0,0,0,5063,9032,0,0,0,0,0
credit_classification_train_001258,250000,35,0,0,0,0,-1,0,70767,78906,84078,70507,2841,12606,10000,10000,10000,3000,10000,5000,0
credit_classification_train_001259,200000,48,0,0,-1,2,2,2,26465,20435,8475,8162,10962,7350,1000,8475,0,3000,0,7505,0
credit_classification_train_001260,330000,42,0,0,0,0,0,0,18516,24202,32912,36710,40442,42283,10000,10000,5000,5000,5000,5000,0
credit_classification_train_001261,180000,46,0,0,0,0,0,0,171768,164274,165923,169038,172388,165165,7400,6100,6200,6543,6251,14614,0
credit_classification_train_001262,270000,37,0,0,0,0,0,0,174532,167536,171865,176167,105523,45258,6900,7900,8800,4700,2100,60000,1
credit_classification_train_001263,30000,23,0,0,-2,-2,-2,-2,30830,0,0,0,0,0,0,0,0,0,0,0,0
credit_classification_train_001264,150000,37,-2,-2,-2,-2,-2,-2,0,0,0,283,0,0,0,0,283,0,0,0,0
credit_classification_train_001265,50000,25,1,3,2,2,0,0,52207,51067,51278,49425,30113,29644,0,2536,13,1199,1058,1073,0
credit_classification_train_001266,360000,53,-2,-2,-2,-2,-2,-2,826,4741,6336,937,766,1065,4765,6395,941,769,1070,1088,0
credit_classification_train_001267,70000,57,0,0,0,0,0,0,70051,69398,70352,69936,68118,65942,3567,2667,2321,2391,2316,2466,0
credit_classification_train_001268,90000,36,0,0,-1,0,0,0,79642,79001,18318,18982,19371,19608,1580,19789,1295,1000,849,1000,0
credit_classification_train_001269,180000,43,0,0,0,0,0,0,171992,175427,150965,71478,72955,74426,6099,4427,1949,2007,2030,2000,0
credit_classification_train_001270,20000,26,-1,3,2,0,0,0,20780,20172,19400,20000,20000,0,0,0,1000,0,0,0,0
credit_classification_train_001271,100000,28,1,2,2,2,0,0,96469,99750,100783,89898,58404,35078,7000,4000,49,5000,4000,10000,0
credit_classification_train_001272,180000,38,0,0,0,0,0,0,25895,26173,26260,26805,8992,10906,2000,2000,2000,1000,2000,2000,0
credit_classification_train_001273,50000,51,-1,-1,-1,-1,-1,0,17453,7802,22214,4985,6551,7117,8338,22232,4985,6551,5000,5000,0
credit_classification_train_001274,80000,27,1,2,0,0,-2,-2,83062,81150,82150,0,0,0,0,3800,0,0,0,0,0
credit_classification_train_001275,110000,24,0,0,0,0,0,0,49782,50858,51780,53647,53308,54366,1878,1800,2647,1892,1901,1728,0
credit_classification_train_001276,110000,30,0,0,0,-2,-1,0,47755,15484,-41,0,67942,53947,1525,0,41,109332,2400,2000,0
credit_classification_train_001277,130000,27,-1,-1,0,-1,-1,-1,1439,3548,1958,1462,2573,2402,3555,1010,1466,2581,2509,3013,0
credit_classification_train_001278,60000,42,2,2,2,2,2,0,4136,6355,7604,7603,7332,7712,2300,1500,270,0,500,500,1
credit_classification_train_001279,230000,27,0,0,0,0,0,0,34592,23689,27652,8430,9811,9865,1816,5105,1293,2000,528,3000,0
credit_classification_train_001280,50000,47,-1,-1,-1,-1,-1,-1,390,390,390,2728,0,780,390,390,2728,0,780,0,0
credit_classification_train_001281,80000,24,0,0,0,0,0,0,81908,83597,157646,79061,79834,81257,5501,3450,3000,3059,2915,2758,1
credit_classification_train_001282,150000,42,1,-2,-2,-2,-2,-1,-874,-874,-874,-874,-874,4126,0,0,0,0,5000,0,0
credit_classification_train_001283,170000,29,-1,2,-1,2,-1,-1,14479,27045,19041,12769,6283,3093,70,19136,64,6314,3107,3494,0
credit_classification_train_001284,30000,42,1,2,0,0,0,0,30607,29849,30653,28410,29068,30383,10,2000,2000,2000,2000,3000,0
credit_classification_train_001285,50000,45,0,0,0,0,0,0,42931,45556,43809,36493,20069,20210,6004,1805,1255,1003,1111,3002,0
credit_classification_train_001286,70000,28,1,2,0,0,0,0,35155,26598,22793,23156,24810,27433,23,1637,1000,2000,3007,3014,0
credit_classification_train_001287,360000,40,-1,-1,-1,-1,0,0,9325,10741,45619,37459,31747,26899,10741,46378,46347,0,0,19607,0
credit_classification_train_001288,50000,49,2,0,0,0,-2,-2,48297,50487,51400,0,0,0,3000,2400,0,0,0,0,1
credit_classification_train_001289,240000,28,-1,0,0,0,-1,-1,5740,5639,3428,4634,4590,9675,1215,2000,2000,4590,9675,15000,0
credit_classification_train_001290,100000,27,0,0,0,0,2,0,90118,88435,90147,94425,92853,93816,4110,4101,6623,0,3503,3360,0
credit_classification_train_001291,240000,29,0,0,0,0,0,-1,156362,132280,99174,65372,28797,184922,5233,3289,2072,3018,184922,6100,0
credit_classification_train_001292,30000,23,2,2,2,2,2,2,28224,29276,28635,30127,30525,29793,1800,150,2250,1000,0,700,1
credit_classification_train_001293,170000,56,-1,-1,-1,-1,-1,-1,4767,0,451,0,424,1482,0,451,0,424,1482,688,1
credit_classification_train_001294,100000,28,0,0,0,0,0,0,46430,47679,48783,49981,44211,48568,2000,2000,2000,1514,5000,0,0
credit_classification_train_001295,40000,49,0,0,0,0,0,0,34203,33885,34605,35970,35711,39360,1880,1600,22703,1280,4632,0,0
credit_classification_train_001296,180000,46,0,0,0,-2,-2,-2,142826,61650,0,0,0,0,3000,0,0,0,0,0,0
credit_classification_train_001297,80000,38,-1,-1,-1,0,0,-2,330,0,330,330,0,0,0,660,0,0,0,0,0
credit_classification_train_001298,90000,28,1,2,2,2,2,0,56889,55407,64428,64767,65579,67328,0,10000,2000,2000,3000,3000,1
credit_classification_train_001299,230000,34,1,-2,-1,2,2,0,0,0,33,33,33,1133,0,33,0,0,1100,704,1
credit_classification_train_001300,300000,33,0,0,0,0,0,0,62951,64491,65692,64969,67771,66428,4007,5000,5000,6000,6000,6000,0
credit_classification_train_001301,60000,28,0,0,0,0,0,0,59650,51176,42368,35730,28670,27979,3376,1900,1908,1133,1015,1153,0
credit_classification_train_001302,360000,31,-1,-1,-1,0,0,-1,735,51,20007,18498,18422,1842,51,20007,1590,1000,1842,390,0
credit_classification_train_001303,30000,45,0,0,0,0,0,0,28185,28296,23455,24179,24289,24649,1377,1370,1294,1015,900,913,0
credit_classification_train_001304,400000,42,0,0,0,0,0,0,286710,280752,284624,237176,211342,208432,11011,9816,8000,7824,8700,6500,0
credit_classification_train_001305,210000,46,-2,-2,-2,-2,-2,-2,4065,0,4160,2540,1055,0,0,4160,2540,1055,0,408,0
credit_classification_train_001306,250000,35,-1,-1,-1,-1,0,0,4807,10446,17904,99464,86180,36038,10446,17911,99738,4055,0,0,0
credit_classification_train_001307,140000,33,-2,-2,-2,-2,-2,-2,0,935,1490,0,3938,0,935,1490,0,3938,1160,0,0
credit_classification_train_001308,200000,40,2,0,0,0,0,0,58118,205712,194265,139360,82750,0,150000,7673,5000,5000,0,0,0
credit_classification_train_001309,370000,39,2,0,0,0,0,0,334394,337272,340152,345904,322168,272461,14005,12004,12362,12006,9555,11005,1
credit_classification_train_001310,60000,32,-1,2,-1,2,0,0,2178,1755,58197,50485,37710,38073,0,58197,0,2000,1366,2000,0
credit_classification_train_001311,20000,29,0,0,0,0,0,-2,8624,9972,9799,9999,0,0,1500,1000,200,0,0,0,0
credit_classification_train_001312,340000,56,-1,-1,-1,-1,0,0,5610,5399,12347,8612,5479,0,5399,12353,8619,0,0,0,1
credit_classification_train_001313,220000,28,-1,-1,-2,-2,-2,-2,3700,0,0,0,0,0,0,0,0,0,0,0,1
credit_classification_train_001314,150000,27,-2,-2,-2,-1,0,0,-3706,-6108,32662,59350,41136,28596,3449,46128,60260,30218,17000,20133,0
credit_classification_train_001315,20000,30,4,3,2,2,2,3,19379,18775,19612,18864,20556,20211,0,1433,0,2125,0,0,0
credit_classification_train_001316,130000,35,0,0,0,0,0,0,128649,100902,127102,65517,66925,68344,5500,7328,5000,2500,2500,3000,0
credit_classification_train_001317,50000,25,0,0,0,0,0,0,43785,38971,34836,18488,19716,17932,1795,1660,1272,1500,644,704,1
credit_classification_train_001318,220000,43,0,0,0,0,0,0,215050,211239,207821,209795,144729,148139,9029,10000,9084,10042,10000,10000,0
credit_classification_train_001319,390000,35,0,0,0,0,0,0,42286,30038,27402,28352,28066,28215,2389,2414,2378,892,925,938,0
credit_classification_train_001320,80000,25,0,0,0,0,0,0,83931,82122,81028,81331,60614,63153,3500,3820,3220,4010,6700,7,0
credit_classification_train_001321,80000,30,2,0,0,0,0,0,79629,78010,5976,5812,4788,3758,1691,1106,1060,154,147,127,1
credit_classification_train_001322,90000,48,-1,-1,-1,-1,-1,-1,316,316,316,316,316,316,316,316,316,316,316,316,1
credit_classification_train_001323,230000,41,-2,-2,-2,-2,-2,-2,34578,495,502,944,5814,965,495,502,950,5820,965,1028,0
credit_classification_train_001324,150000,35,0,0,0,0,0,0,102007,93116,84302,74986,67369,60434,5000,5045,2563,3006,3000,2218,1
credit_classification_train_001325,20000,24,-2,2,2,2,2,0,18252,19650,19054,20285,19563,17899,2000,0,2000,0,356,3431,1
credit_classification_train_001326,230000,40,-2,-2,-2,-2,-2,-2,273,273,2418,1428,4398,5748,273,3588,1428,4398,5748,3768,0
credit_classification_train_001327,150000,33,-1,0,0,0,0,0,46006,45425,32139,53639,51873,64675,2000,3000,40009,5000,20000,62339,0
credit_classification_train_001328,80000,41,0,0,0,0,0,0,80920,80956,73875,75949,44167,45362,3500,4000,3900,2000,2000,1500,0
credit_classification_train_001329,10000,24,0,0,0,0,0,0,6632,7095,7565,8854,9229,8376,2000,2000,2000,1000,1000,1000,0
credit_classification_train_001330,400000,48,-2,-2,-2,-2,-2,-2,3173,4265,8403,9096,28896,52196,4265,8427,9096,28896,52196,396,0
credit_classification_train_001331,80000,37,1,-2,-2,-2,-2,-2,0,0,0,0,0,0,3000,0,0,0,0,0,0
credit_classification_train_001332,220000,41,0,0,0,0,0,0,219198,114930,100749,74457,68604,53333,5068,5000,2000,3000,3000,1000,0
credit_classification_train_001333,90000,44,-1,-1,-1,-1,-1,-1,1473,1473,1473,1473,1473,1473,1473,1473,1473,1473,1473,34619,0
credit_classification_train_001334,170000,45,-1,-1,-1,-1,0,-1,1638,1638,1638,3276,1638,1638,1638,1638,3276,0,1638,1638,0
credit_classification_train_001335,500000,46,-2,-1,-1,-1,-1,-1,33332,163500,60560,104734,41018,6258,163500,70160,104734,41018,6258,70356,0
credit_classification_train_001336,210000,33,-2,-2,-1,-1,-1,-1,0,0,106669,13333,12780,18472,0,106669,13333,12780,19136,18660,1
credit_classification_train_001337,200000,35,1,-1,2,-1,0,0,-3258,7244,3498,10494,6996,3498,14000,0,10494,0,0,16248,0
credit_classification_train_001338,100000,29,2,2,2,2,3,3,81839,82781,85536,90018,91151,89429,3200,5000,6800,3500,0,3400,1
credit_classification_train_001339,100000,45,1,-1,-1,-2,-2,-2,0,5220,0,0,0,0,5220,0,0,0,0,0,1
credit_classification_train_001340,30000,31,0,0,0,0,0,0,9388,10387,10624,11539,11771,9075,1162,1229,1144,376,329,345,0
credit_classification_train_001341,340000,40,0,0,0,0,0,0,194380,183139,179156,170491,158370,151685,7000,9000,9000,7000,6000,5400,0
credit_classification_train_001342,230000,36,0,0,0,2,0,0,3745,4632,4979,631,1635,10244,3000,2023,0,1004,10019,1141,0
credit_classification_train_001343,230000,35,0,0,-1,-1,-1,0,30798,28806,2425,2425,3850,2425,1000,2425,2425,3850,1000,15244,0
credit_classification_train_001344,90000,37,2,-1,-1,0,0,0,117793,93777,87401,38144,39177,36687,6732,92113,1317,1598,1461,1354,0
credit_classification_train_001345,50000,30,1,3,2,0,0,0,52515,51424,49967,20036,20076,37615,0,0,2000,1000,1000,1600,1
credit_classification_train_001346,10000,41,0,0,0,0,0,3,6270,7303,8375,9268,10630,10188,1300,1350,1200,1500,0,0,0
credit_classification_train_001347,290000,39,1,-1,-1,-1,-2,-2,-9,698,728,-2,-2,-2,707,730,0,0,0,0,1
credit_classification_train_001348,260000,44,0,0,0,0,0,0,259346,234428,176632,129022,131447,135699,9428,6729,5022,4447,5699,5498,1
credit_classification_train_001349,120000,28,-1,2,2,-2,-2,-2,200,200,0,0,0,0,0,0,0,0,0,0,1
credit_classification_train_001350,50000,41,0,0,0,0,0,0,22824,22664,5631,5933,6433,6828,1100,1100,1100,600,500,300,0
credit_classification_train_001351,80000,35,0,0,0,0,0,0,26994,28659,57803,27562,28224,28867,2000,30000,1000,1000,1000,1500,0
credit_classification_train_001352,110000,49,-2,-2,-2,-2,-2,-2,115672,109892,67912,50994,40652,5785,5085,2044,2026,2097,1011,48179,0
credit_classification_train_001353,250000,43,-2,-2,-2,-2,-2,-2,34200,0,110801,0,18805,0,0,110801,0,18805,0,0,0
credit_classification_train_001354,230000,31,0,0,0,-1,0,-1,33109,29830,11750,5194,15450,9368,5000,5000,15897,12000,9368,6000,0
credit_classification_train_001355,290000,45,0,0,0,0,0,0,212643,192933,174184,163792,120754,236402,6755,6900,6733,5632,235024,8700,0
credit_classification_train_001356,20000,22,-1,0,0,-1,-1,-2,11999,3617,4165,6323,0,0,1062,1000,10488,0,0,0,1
credit_classification_train_001357,30000,22,0,0,0,0,0,0,19502,8999,11797,11972,16482,9082,3000,3000,4000,5000,5000,5000,0
credit_classification_train_001358,130000,43,2,3,2,2,2,2,19690,19085,18491,20579,19950,21625,0,0,2400,0,2000,0,1
credit_classification_train_001359,150000,50,3,2,0,0,-2,-1,3227,3029,3964,0,0,2322,0,1000,0,0,2322,0,0
credit_classification_train_001360,120000,38,-1,-1,-2,-1,2,2,500,0,0,974,974,1624,0,0,974,0,650,0,0
credit_classification_train_001361,340000,34,0,0,0,0,0,0,254219,252984,252180,250359,203580,192415,9500,9780,9425,7500,6800,7200,0
credit_classification_train_001362,50000,40,0,0,0,0,-1,0,117191,48729,49929,-596,28348,30530,2325,2525,283,29334,3000,2000,0
credit_classification_train_001363,280000,46,0,0,0,0,0,0,100858,107768,111858,83428,73908,81908,7768,5000,10000,0,8000,0,0
credit_classification_train_001364,140000,34,1,2,2,0,0,0,94153,100214,97720,98997,101439,103840,8500,0,3800,4200,4250,4100,0
credit_classification_train_001365,280000,37,0,-1,-1,0,0,-1,1908,12699,7819,7831,5428,2295,12763,7819,12,27,2309,13004,0
credit_classification_train_001366,50000,29,3,3,2,3,2,2,49624,48530,50255,49104,51044,50933,0,2800,0,3000,800,3000,1
credit_classification_train_001367,230000,27,-1,-1,-1,-1,0,0,416,568,1427,14947,13255,8226,568,1427,14947,437,1000,900,1
credit_classification_train_001368,20000,27,0,0,0,0,0,0,18833,19404,18699,19324,16234,16609,1290,2000,2000,1000,1000,3000,0
credit_classification_train_001369,40000,48,0,0,0,0,0,0,37896,40262,40370,39970,39970,0,3292,1400,0,0,0,0,0
credit_classification_train_001370,290000,34,0,0,0,0,0,0,310403,315048,314085,317631,315820,305498,12012,12012,11016,11088,12031,12031,0
credit_classification_train_001371,150000,34,-1,-1,-1,-1,-1,-1,9779,60911,19796,1725,1150,0,61168,19796,1725,1150,0,0,0
credit_classification_train_001372,230000,29,-1,-1,-1,-1,-1,-1,8916,318,725,2586,3198,4260,318,725,2592,3198,4260,4944,0
credit_classification_train_001373,120000,31,1,-2,-2,-2,-2,-2,-94,-2090,-2390,-2390,-2390,-2390,3,0,0,0,0,0,1
credit_classification_train_001374,30000,48,0,0,0,-1,-1,-1,29428,19950,24514,4083,6234,0,1402,10096,4083,6255,0,0,0
credit_classification_train_001375,70000,47,0,0,0,0,0,0,53239,54351,56480,57253,59150,0,2000,3000,2500,3000,0,0,0
credit_classification_train_001376,210000,31,0,0,0,0,0,0,140839,119171,119680,118070,111841,111716,4500,6000,5102,5000,5000,4000,0
credit_classification_train_001377,100000,24,2,0,0,0,0,0,76831,72100,66575,68499,69584,71247,4037,3000,3000,3000,3000,2600,0
credit_classification_train_001378,460000,46,0,0,0,0,0,0,305814,315479,328208,320056,326599,337552,15000,20065,12000,12070,17000,12400,0
credit_classification_train_001379,30000,35,2,0,0,0,0,0,28852,29777,29478,30290,27803,25762,1700,1700,1500,1500,1500,1500,1
credit_classification_train_001380,200000,45,-2,-2,-2,-2,-2,-2,399,2430,0,399,1396,0,2430,0,399,1396,0,0,0
credit_classification_train_001381,20000,50,0,0,0,0,0,2,19657,20141,17703,18954,19582,19866,1273,1321,1572,1200,700,400,0
credit_classification_train_001382,50000,42,0,0,0,0,0,0,47691,48738,48565,48301,50851,51153,3304,2300,2000,3500,3000,4000,0
credit_classification_train_001383,360000,33,1,-2,-2,-2,-2,-2,0,0,0,0,0,0,0,0,0,0,0,0,0
credit_classification_train_001384,60000,23,0,0,0,2,0,0,22241,22719,25585,24053,17154,19316,2000,4000,0,2000,3000,0,0
credit_classification_train_001385,70000,43,0,0,0,0,0,0,59829,57240,29079,28562,29155,29448,1586,1739,1002,1033,1142,1014,0
credit_classification_train_001386,500000,42,0,0,0,0,0,-1,60246,74832,126778,82611,71338,29756,40000,85000,139,20000,29761,70000,0
credit_classification_train_001387,260000,35,-2,-2,-2,-2,-2,-2,3439,10034,256,274,388,766,10127,258,274,388,766,1185,0
credit_classification_train_001388,280000,30,0,0,0,0,0,0,71770,74066,75907,77723,79550,81801,4000,3000,3000,3000,3500,4000,1
credit_classification_train_001389,220000,32,0,0,0,0,0,0,209259,192365,184198,171391,178742,164793,7000,15000,6000,10000,10000,7000,0
credit_classification_train_001390,120000,24,1,-2,-2,-2,-1,0,0,0,0,0,4629,5551,0,0,0,4629,1000,1915,0
credit_classification_train_001391,20000,24,0,0,0,0,-1,0,17599,18920,19000,0,80,540,1920,1000,0,40,1000,844,0
credit_classification_train_001392,70000,57,0,0,0,0,0,0,69398,70352,69936,68118,65942,62495,2667,2321,2391,2316,2466,1451,0
credit_classification_train_001393,130000,29,1,2,0,0,0,-1,162757,143233,130477,99119,101535,89883,5,6000,5000,5000,100207,1622,1
credit_classification_train_001394,50000,45,0,-1,-1,2,-1,-1,10522,261,1305,1134,1073,1312,261,2305,0,1200,1500,0,1
credit_classification_train_001395,130000,25,0,0,0,0,0,0,5279,7887,10116,9110,6500,5874,4000,4000,2500,236,1700,74,0
credit_classification_train_001396,10000,22,2,0,0,0,-1,0,7720,10063,9272,-8758,8989,9202,2500,1000,0,30000,500,953,1
credit_classification_train_001397,500000,37,-1,-1,-1,-1,0,0,4168,19169,22893,52002,16521,-38,19169,22893,53198,0,0,12000,0
credit_classification_train_001398,20000,46,0,0,0,0,0,3,16294,17327,18335,18935,20624,20702,1600,1600,1200,2600,700,0,1
credit_classification_train_001399,220000,34,0,0,0,0,0,0,154029,153012,154508,152829,152842,152747,5700,6000,6814,5500,5800,5700,0
credit_classification_train_001400,30000,45,2,2,2,3,5,4,25161,24476,28721,31262,30217,29158,0,5000,3300,0,0,0,1
credit_classification_train_001401,90000,31,2,2,2,0,0,2,90322,92257,89939,91176,91331,87588,4300,0,3656,7100,0,7200,1
credit_classification_train_001402,200000,38,0,0,0,0,0,0,101254,105254,121893,109647,56157,37293,16002,30039,15019,10000,10000,8000,0
credit_classification_train_001403,200000,26,0,0,0,0,2,2,71574,74755,76945,82914,83733,80498,5000,4000,8000,2900,0,5700,1
credit_classification_train_001404,360000,42,-2,-1,-1,-1,-1,-2,45603,29788,2950,6366,11480,222,29882,2950,6366,11480,222,4285,0
credit_classification_train_001405,20000,24,2,2,2,2,4,3,15586,16649,16090,20648,19759,19160,1609,0,5148,0,0,0,1
credit_classification_train_001406,230000,61,1,-2,-2,-2,-2,-2,0,0,0,0,0,0,0,0,0,0,0,0,1
credit_classification_train_001407,100000,52,4,5,4,3,2,0,101762,102832,100328,97883,96238,96160,3504,0,0,0,3469,3422,1
credit_classification_train_001408,230000,46,1,-1,-1,-1,-1,-1,378,907,1599,378,756,0,907,1599,378,756,0,754,0
credit_classification_train_001409,200000,32,-1,-1,-1,-1,-1,-1,11494,9085,5455,26975,8734,10756,9139,5481,27110,29889,10809,2648,0
credit_classification_train_001410,50000,45,-1,-1,0,0,0,0,2618,1969,20771,20231,19485,18280,2007,20275,1204,1001,1003,1210,0
credit_classification_train_001411,180000,39,1,2,0,0,0,0,101526,101957,104317,106583,108811,111160,3000,4000,4000,4000,4100,4100,0
credit_classification_train_001412,20000,49,0,0,0,0,0,0,15237,16030,17948,18647,19193,19721,1600,2500,1000,846,1000,593,0
credit_classification_train_001413,430000,41,-2,-2,-2,-2,-2,-2,2663,20679,6698,2104,888,888,20679,6698,2104,888,888,4232,0
credit_classification_train_001414,50000,27,0,0,0,-1,2,0,50679,45126,37800,51457,50463,41758,2033,1900,51457,0,1642,1538,1
credit_classification_train_001415,120000,39,-1,0,0,0,0,0,32598,51662,30285,24879,29479,27553,20092,10000,6000,5000,7553,14587,0
credit_classification_train_001416,140000,31,-2,-2,-2,-2,-2,-2,518,518,518,518,518,668,518,518,518,518,668,518,0
credit_classification_train_001417,50000,50,0,0,0,0,0,0,8925,9208,10238,10700,10762,11587,1200,1200,1000,1000,1000,1000,0
credit_classification_train_001418,80000,33,1,2,0,0,0,0,83367,81409,78790,80567,78047,82942,0,2873,3101,3000,6328,0,1
credit_classification_train_001419,260000,28,-2,-2,-2,-2,-2,-2,-28,5735,693,1557,685,11625,5763,703,1564,688,11683,6997,0
credit_classification_train_001420,290000,55,0,0,2,0,0,0,7970,10320,10005,10838,11663,13301,2482,0,1000,1000,2000,2000,1
credit_classification_train_001421,320000,34,-2,-2,-2,-2,-2,-2,5250,-3,988,6420,7174,-19,0,991,6452,9757,0,3995,0
credit_classification_train_001422,290000,36,0,0,0,0,0,0,72774,67311,66183,61332,62445,59213,3500,3000,3000,3000,3000,3000,0
credit_classification_train_001423,30000,39,2,2,0,0,0,0,31207,30399,30147,29366,29555,29793,0,2000,1500,1010,1055,1089,1
credit_classification_train_001424,150000,39,2,2,0,0,0,0,153994,147038,122498,75782,71306,69737,0,5000,3000,3000,3000,5000,0
credit_classification_train_001425,180000,36,2,2,-2,-2,-2,-2,83538,0,0,0,0,0,0,0,0,0,0,0,1
credit_classification_train_001426,180000,37,-2,-2,-2,-2,-2,-2,0,0,621,3762,0,0,0,621,3762,0,0,0,0
credit_classification_train_001427,300000,30,0,0,0,0,0,0,237372,243409,250477,254808,260562,266200,10000,11000,10000,10000,10000,10000,0
credit_classification_train_001428,80000,25,0,0,2,-1,-1,-1,57994,17695,7987,2622,2449,-331,3327,44,2629,2457,0,0,0
credit_classification_train_001429,450000,36,1,-1,-1,-2,-2,-2,0,2500,2500,0,0,0,2500,2500,0,0,0,0,0
credit_classification_train_001430,150000,32,0,0,0,0,0,0,150201,125858,105266,51456,35288,29818,5039,4030,1500,706,1000,0,0
credit_classification_train_001431,30000,26,2,2,2,2,0,0,30028,26208,28804,22335,17448,17448,0,3400,0,0,0,0,1
credit_classification_train_001432,200000,26,2,0,0,0,0,0,72763,53839,34228,26418,22196,15973,5041,14031,15021,15007,14004,14012,1
credit_classification_train_001433,500000,29,0,0,0,0,0,0,455042,364288,261185,215575,174736,118438,12564,10000,6476,5489,5000,5000,0
credit_classification_train_001434,180000,31,-2,-2,-2,-2,-2,-2,0,0,0,0,0,0,0,0,0,0,0,0,0
credit_classification_train_001435,60000,27,0,0,0,2,2,2,27921,29954,33166,33528,32690,34661,2500,3700,1200,0,2500,2500,0
credit_classification_train_001436,160000,30,1,-1,-1,-1,0,-1,0,650,0,650,325,325,650,0,650,0,325,325,1
credit_classification_train_001437,150000,45,-1,-1,-1,-2,-2,-2,16611,18540,18204,16132,-5880,-20544,18552,18267,16142,5880,13707,1088,0
credit_classification_train_001438,400000,32,1,2,2,2,2,2,29864,29104,31379,27969,9513,1346,0,3000,0,1000,0,10025,1
credit_classification_train_001439,60000,27,0,0,0,0,0,0,48307,48602,48750,48916,27743,28646,1768,1967,1424,972,2000,1300,0
credit_classification_train_001440,360000,30,0,0,0,0,0,0,20992,40125,44454,48382,51951,55957,20000,5000,5000,5000,5000,3000,0
credit_classification_train_001441,90000,50,0,0,0,0,0,0,83939,86583,87014,46293,47576,46663,4000,2500,2000,2000,2000,2000,0
credit_classification_train_001442,90000,39,1,2,2,2,0,0,90880,87502,91442,89804,87213,90441,0,7300,1144,3265,6788,0,0
credit_classification_train_001443,80000,27,0,0,0,-1,0,0,36406,31472,10246,20202,20077,20247,2000,5056,20202,726,891,10000,1
credit_classification_train_001444,130000,34,0,0,0,0,0,0,66803,27910,24976,27648,29962,27422,3000,3000,3000,3000,5000,3000,0
credit_classification_train_001445,150000,34,2,0,0,0,0,0,30821,33009,34867,24438,18883,14737,3000,3000,1000,2000,4500,0,0
credit_classification_train_001446,110000,26,1,3,2,0,0,0,117274,116911,112706,108302,46774,48300,3000,0,4400,2000,3000,4000,0
credit_classification_train_001447,50000,28,0,0,0,0,0,0,17141,18361,19214,15519,15129,13747,1500,1211,516,520,622,5000,0
credit_classification_train_001448,50000,32,0,0,0,0,0,0,40992,35215,29156,18891,19443,19478,2026,2021,1000,1001,1000,707,0
credit_classification_train_001449,50000,26,0,0,0,0,0,0,50952,50836,50055,50641,40672,39960,2700,2000,2700,1700,1600,1800,0
credit_classification_train_001450,20000,22,0,0,0,0,0,0,16439,17140,18269,38082,19923,6825,1279,1408,1180,1000,500,500,0
credit_classification_train_001451,290000,30,0,0,0,0,0,0,53476,52089,49979,36439,33231,32131,2009,2569,1532,987,1002,1035,0
credit_classification_train_001452,50000,47,0,0,0,0,0,0,48593,48653,15433,15037,10527,10736,1278,1469,463,381,383,398,0
credit_classification_train_001453,310000,32,0,0,0,0,0,0,217464,217951,222465,142935,147857,150442,8500,9100,5200,7300,7000,3939,0
credit_classification_train_001454,80000,30,1,2,2,2,0,0,69942,68219,75688,73563,43255,35852,0,8600,0,1600,1300,1300,1
credit_classification_train_001455,100000,26,1,2,0,0,2,2,6056,5810,6860,8337,8054,8921,0,1150,1600,0,1000,0,1
credit_classification_train_001456,320000,36,-2,-2,-2,-2,-2,-2,29862,33785,4900,15813,0,0,5000,4905,15873,0,0,21657,1
credit_classification_train_001457,180000,36,-2,-1,-1,-1,-2,-2,0,1290,2985,0,0,0,1290,2985,0,0,0,0,0
credit_classification_train_001458,150000,48,0,0,0,2,0,0,36717,37800,40874,39922,40953,42136,2000,4000,0,2000,2000,2000,0
credit_classification_train_001459,180000,28,0,0,0,0,0,0,176802,179271,180382,132104,129772,124734,6963,6208,3749,4365,4517,177,0
credit_classification_train_001460,710000,51,1,-2,-2,-2,-2,-2,0,0,0,0,0,0,0,0,0,0,0,0,0
credit_classification_train_001461,50000,26,0,0,0,0,0,0,35429,30626,30241,20284,19166,19567,1537,1947,800,1000,718,683,0
credit_classification_train_001462,340000,32,0,0,0,0,0,0,80174,82761,83636,85282,87070,88828,3871,3136,3014,3123,3168,4855,0
credit_classification_train_001463,180000,39,0,0,0,0,0,0,177893,134212,128505,130078,128771,106396,6200,6000,5000,5001,4100,3600,1
credit_classification_train_001464,20000,49,0,0,0,-2,-2,-2,10823,11180,0,0,0,0,1400,0,0,0,0,0,1
credit_classification_train_001465,30000,45,-1,2,2,2,-1,2,5239,3434,4845,3048,8314,5080,0,3048,0,8314,0,4132,1
credit_classification_train_001466,50000,28,0,0,0,0,-2,-1,28249,19304,5742,0,-30481,58,1196,2000,8,0,40058,49163,1
credit_classification_train_001467,50000,34,0,0,0,0,0,0,45398,37433,30609,30432,30254,30088,2008,2000,1500,1501,2105,2219,0
credit_classification_train_001468,440000,30,-2,-2,-2,-2,-2,-2,390512,200426,170209,136020,101744,78482,10063,7784,4632,3458,2671,2027,0
credit_classification_train_001469,140000,26,0,0,0,0,0,0,21513,23147,24766,25782,27348,30820,2000,2000,1434,2000,4100,0,0
credit_classification_train_001470,100000,28,0,0,0,0,0,0,72610,72596,74331,75491,78244,77478,3500,3500,3000,4000,3000,3000,0
credit_classification_train_001471,20000,29,2,0,0,0,0,0,15037,16078,17210,18098,18843,19586,1600,1700,1500,1000,1000,500,1
credit_classification_train_001472,30000,22,0,0,0,0,0,0,14533,16534,17213,17723,17431,17882,3002,2002,1553,1002,2002,1000,0
credit_classification_train_001473,120000,32,-1,-1,-1,-1,-1,-1,4158,2682,0,6440,0,5930,2682,0,6440,0,5930,5120,0
credit_classification_train_001474,50000,52,1,-2,-2,-1,-1,-1,0,0,0,831,138,658,0,0,831,138,658,0,0
credit_classification_train_001475,560000,47,-1,-1,-1,-1,-1,-1,10501,69458,23445,105199,47519,73537,69803,23560,109726,48237,74014,19443,0
credit_classification_train_001476,50000,22,0,0,0,0,0,-1,29637,30805,30336,13378,-1022,29857,1826,1200,268,0,31448,792,0
credit_classification_train_001477,90000,24,2,2,2,2,2,2,86643,87249,86858,86373,85875,82150,3881,3000,2800,1500,2299,2500,1
credit_classification_train_001478,240000,29,0,0,0,0,0,0,243774,242529,242079,243114,213930,219009,8891,12350,15969,7968,8700,17500,0
credit_classification_train_001479,140000,28,0,0,0,0,0,0,132070,134766,106450,106422,104337,106886,6000,4000,4000,4000,4300,3600,0
credit_classification_train_001480,240000,29,0,0,0,0,0,0,187431,186968,187967,187731,188603,185252,8200,8000,8000,7025,6500,7000,0
credit_classification_train_001481,20000,29,2,2,2,0,0,0,19098,19953,18756,19968,15333,10056,1474,0,2403,0,6000,0,0
credit_classification_train_001482,450000,37,0,0,-1,-1,0,0,457627,38692,4549,16885,6440,7440,1000,4549,16885,129,1000,0,0
credit_classification_train_001483,50000,26,-1,0,0,0,0,0,49713,50581,46567,27211,28274,29005,2000,2000,1000,1500,1500,2000,0
credit_classification_train_001484,50000,35,-1,-1,-1,-1,-1,0,3056,0,4091,0,6592,2728,0,4091,0,6592,0,1456,0
credit_classification_train_001485,150000,24,-1,-1,-1,-1,-1,-1,291,291,291,291,658,441,291,291,291,658,441,1197,1
credit_classification_train_001486,170000,57,-1,-1,-1,-1,0,-1,792,-2604,396,792,396,396,0,3396,792,0,396,396,1
credit_classification_train_001487,200000,34,-2,-2,-2,-2,-1,0,12322,25851,35691,-24303,38674,30784,13871,74000,882,124264,14692,8640,1
credit_classification_train_001488,130000,43,-1,-1,-1,-1,-1,-1,2292,6776,2811,3589,11151,1543,6776,2811,3589,11351,1543,1109,0
credit_classification_train_001489,60000,53,0,0,0,0,0,0,55505,57374,35751,25824,25831,27393,3000,2015,2000,1000,2000,2000,0
credit_classification_train_001490,130000,29,1,2,0,0,0,0,118723,117323,38765,33349,33463,33795,3001,3000,2000,1000,666,2000,0
credit_classification_train_001491,20000,23,0,0,0,0,0,0,10478,11193,12207,14402,16399,20929,1193,1207,2402,2399,5000,0,0
credit_classification_train_001492,320000,40,0,0,0,0,0,0,247276,241167,238196,231580,229683,235837,10000,10000,10000,19000,13000,8000,0
credit_classification_train_001493,80000,30,0,0,-1,-1,-1,-1,31299,37446,539,16673,21473,10715,20000,539,16673,21473,10715,10000,0
credit_classification_train_001494,160000,43,1,-2,-2,-2,-2,-1,0,0,0,0,0,695,0,0,0,0,695,0,0
credit_classification_train_001495,130000,24,0,0,0,0,0,0,90141,91948,94067,96604,97706,121027,4200,4500,5000,3600,25000,5000,1
credit_classification_train_001496,70000,30,0,0,0,0,0,0,19758,8960,9949,10298,10511,9764,1162,1151,500,513,424,195,0
credit_classification_train_001497,240000,27,1,-2,-2,-2,-2,-2,0,0,0,0,0,0,0,0,0,0,0,0,1
credit_classification_train_001498,240000,40,2,3,3,2,2,2,213732,217347,217329,211132,219202,223434,8500,5000,0,16000,8000,0,1
credit_classification_train_001499,60000,45,0,0,0,0,0,0,20959,20822,17973,18403,17898,17388,1500,1500,2000,1000,1000,1000,0
credit_classification_train_001500,30000,28,0,0,0,0,0,-2,26054,25144,25775,18585,0,0,2000,2000,2000,0,0,0,0
credit_classification_train_001501,220000,41,8,7,6,5,4,3,246915,243234,238172,232446,227800,225044,0,0,0,0,0,0,1
credit_classification_train_001502,120000,28,1,-2,-2,-2,-2,-2,0,0,0,0,0,0,0,0,0,0,0,0,0
credit_classification_train_001503,20000,23,-1,-1,-1,0,0,0,1706,6354,6849,4113,3910,2547,6394,6849,82,78,51,16522,0
credit_classification_train_001504,10000,41,2,2,2,0,0,2,3983,4764,5528,7420,8298,8019,1000,1000,2000,1000,0,1390,1
credit_classification_train_001505,130000,25,2,2,0,0,0,0,138910,119948,135259,95956,97770,92206,0,18259,3456,3770,3706,3708,1
credit_classification_train_001506,700000,35,-1,0,-1,0,0,0,8277,18282,130130,105055,70896,41509,17599,130370,3381,145,4639,12235,0
credit_classification_train_001507,50000,49,0,0,0,0,0,0,25277,27209,23740,19448,19594,19762,3000,3014,684,1000,713,677,0
credit_classification_train_001508,50000,49,0,0,0,2,0,0,26116,27192,29535,28761,29298,30111,1500,2803,0,1000,1300,1200,1
credit_classification_train_001509,150000,27,0,0,0,0,0,0,146778,139111,134382,134593,91112,68482,6554,10000,4749,3304,2285,700,0
credit_classification_train_001510,20000,29,-1,-1,-1,-1,0,-1,1199,15586,344,2340,6702,339,15586,344,2340,4702,339,330,0
credit_classification_train_001511,180000,35,2,0,0,0,0,0,57991,58587,59497,60356,60209,60522,2700,3000,3000,2500,2500,3000,1
credit_classification_train_001512,80000,46,0,-1,-1,2,-1,0,31290,780,390,780,780,390,780,390,0,1560,0,390,0
credit_classification_train_001513,280000,43,0,0,0,0,0,0,149803,131171,132165,133948,133070,135089,6150,6256,6275,5012,5363,4000,0
credit_classification_train_001514,130000,58,0,0,0,0,0,-1,137671,139089,50093,49303,14772,150,4300,1500,0,0,1233,870,0
credit_classification_train_001515,50000,55,0,0,0,0,0,2,40247,41382,49943,50412,30970,30362,1800,9331,1500,4549,0,1092,1
credit_classification_train_001516,30000,25,0,0,0,0,0,2,7204,7453,7098,10148,22070,23182,1200,1114,4000,13000,2000,0,0
credit_classification_train_001517,20000,32,1,2,0,0,0,0,19844,19238,20205,19588,20037,19880,0,1302,685,748,697,690,0
credit_classification_train_001518,290000,44,-2,-2,-2,-2,-2,-2,7886,9636,10060,3946,7388,4482,9636,10060,3948,7388,4482,8106,0
credit_classification_train_001519,420000,31,-2,-2,-2,-2,-2,-2,1569,563,1914,1189,1208,4964,565,1923,1194,1214,4988,296,0
credit_classification_train_001520,30000,48,0,0,0,0,0,0,29757,29059,26386,9370,7290,0,1720,1450,1010,500,0,0,0
credit_classification_train_001521,500000,38,0,0,0,0,0,0,477468,488083,498839,411820,422671,394599,21000,22800,15200,19000,16000,10000,0
credit_classification_train_001522,350000,36,-1,-1,-1,2,-1,-1,326,326,652,326,3817,2802,326,652,0,3817,2802,0,0
credit_classification_train_001523,160000,28,-2,-2,-2,-2,-2,-2,2191,645,2102,5477,2258,1849,645,2118,5477,2276,1851,5543,0
credit_classification_train_001524,90000,29,0,0,0,0,0,0,91116,89047,91595,88197,59822,55345,3500,4000,3002,1974,2000,5000,0
credit_classification_train_001525,30000,36,0,0,0,0,0,0,36124,35538,34359,32450,30633,30628,2500,2215,1156,1200,3000,3000,1
credit_classification_train_001526,150000,48,0,0,0,0,0,0,175095,175522,173918,174074,178671,178869,10011,6200,5874,10000,6054,7108,0
credit_classification_train_001527,30000,22,0,-1,-1,-1,-1,-1,3118,2411,1260,1179,-101,890,2414,1260,1181,101,991,579,0
credit_classification_train_001528,220000,38,0,0,0,0,0,0,197600,201708,121499,124409,68319,0,8200,5100,5400,3300,0,0,0
credit_classification_train_001529,150000,24,0,0,0,0,0,0,52824,15214,16452,17281,18576,18783,4000,2000,2000,2000,2000,3000,0
credit_classification_train_001530,20000,46,1,2,2,2,0,0,14231,14893,16160,15603,15943,16286,1200,1800,0,600,600,751,1
credit_classification_train_001531,180000,29,-1,-1,-1,-1,-1,-2,9862,2896,2458,305,0,0,2903,2458,305,0,0,0,0
credit_classification_train_001532,640000,30,0,0,0,0,0,0,116714,77893,60259,40539,26432,5018,4000,4000,2003,7202,5314,3535,0
credit_classification_train_001533,160000,44,1,-1,0,0,0,-2,0,5621,6468,6600,0,0,5621,1000,132,0,0,0,0
credit_classification_train_001534,150000,29,-1,-1,-1,-1,-1,-1,1639,592,3784,2340,5920,5400,592,3791,2340,5920,5400,0,0
credit_classification_train_001535,140000,32,0,0,0,0,0,0,121508,99470,83330,57609,59526,31515,5000,4000,3000,3000,2500,0,0
credit_classification_train_001536,10000,33,1,-2,-2,-2,-2,-2,0,0,0,0,0,0,0,0,0,0,0,0,0
credit_classification_train_001537,50000,23,-1,-1,-1,0,-1,-1,780,0,780,390,390,500,0,780,0,390,500,18300,1
credit_classification_train_001538,430000,38,-2,-2,-2,-2,-2,-2,18517,23565,34028,28407,33608,52015,23565,34028,28418,33651,52015,21000,0
credit_classification_train_001539,30000,38,0,0,2,2,0,0,26664,29803,30766,29918,29071,29527,3582,1734,0,1148,1034,2667,0
credit_classification_train_001540,90000,33,-1,-1,-1,-1,-1,2,498,498,498,498,3482,2793,498,498,498,3482,0,483,0
credit_classification_train_001541,480000,31,0,0,0,0,0,0,241989,217460,242500,185344,164256,168433,9960,30902,7410,6368,7323,5837,0
credit_classification_train_001542,40000,25,0,0,0,0,0,0,11273,12307,13348,13530,13811,14132,1520,1550,700,648,700,700,0
credit_classification_train_001543,210000,37,-1,-1,-1,-1,-1,-1,53748,98002,10347,20198,2960,976,99737,11188,20564,3486,976,1060,0
credit_classification_train_001544,130000,37,2,2,2,2,2,2,41795,43914,44396,45365,46093,47185,3100,1500,2000,1600,2000,2000,1
credit_classification_train_001545,180000,41,0,0,-2,-2,-2,-2,184650,0,0,0,0,0,0,0,0,0,9000,0,0
credit_classification_train_001546,330000,33,0,0,0,0,0,0,137974,138692,141674,136790,141469,143453,7000,7000,5000,7004,6015,5012,0
credit_classification_train_001547,160000,52,0,0,0,0,0,0,157018,135516,117895,86943,23433,20000,5000,5000,2200,500,1000,0,0
credit_classification_train_001548,160000,53,0,0,0,0,0,0,95907,108036,110538,130873,134524,135264,15325,5731,24677,5753,5325,6000,0
credit_classification_train_001549,30000,25,2,3,2,2,0,0,21403,20766,21637,22473,23312,23419,0,1500,1500,1500,1500,1500,1
credit_classification_train_001550,130000,29,0,0,0,0,0,0,29252,30086,30680,30797,31147,31996,2000,1793,1300,1223,1851,1000,0
credit_classification_train_001551,380000,37,0,0,0,0,0,0,452092,442041,446224,419943,420016,426622,17400,16672,14088,14500,14700,14671,0
credit_classification_train_001552,140000,36,0,0,0,0,0,0,100594,78372,91502,90859,88616,88450,3000,30000,4000,4000,3400,3300,0
credit_classification_train_001553,60000,25,0,0,0,0,0,0,31493,32634,30312,22999,23484,24438,2000,2000,1000,1005,1500,2000,0
credit_classification_train_001554,50000,29,1,2,2,0,0,2,12460,13489,12987,13699,15868,15474,1530,0,1234,2403,0,711,0
credit_classification_train_001555,150000,23,0,0,0,0,0,0,11109,83376,79726,76986,78038,78321,78016,3048,4000,3500,3000,3000,0
credit_classification_train_001556,50000,33,1,2,2,2,0,0,25922,25154,16820,15860,16179,16915,55,4500,800,582,1000,634,0
credit_classification_train_001557,390000,31,1,2,0,0,-1,-1,20852,18376,15229,18229,9290,1826,0,1000,3000,9290,1826,3706,0
credit_classification_train_001558,10000,27,0,0,2,0,0,0,7015,10227,9560,9901,9963,10182,3507,0,500,370,393,700,1
credit_classification_train_001559,390000,38,-1,-1,-1,-1,0,0,4989,2056,8886,16396,12761,6707,2076,8926,16413,30,33,5900,0
credit_classification_train_001560,20000,32,0,0,0,3,2,0,11777,14851,17575,17063,15711,28600,3276,3000,3,7,2058,669,0
credit_classification_train_001561,180000,31,-1,-1,-1,-1,-1,0,326,326,326,326,76465,79695,326,326,326,76465,5000,5000,0
credit_classification_train_001562,150000,52,-1,3,2,0,0,-1,3391,3227,1129,2034,2140,6731,20,802,1705,1806,6427,16,1
credit_classification_train_001563,20000,25,-1,-1,-1,-1,-1,-1,1983,326,3242,1206,326,326,326,3242,1206,326,326,326,0
credit_classification_train_001564,210000,38,2,2,2,2,2,2,122157,130309,116004,78564,37154,0,12301,16,5812,218,0,0,1
credit_classification_train_001565,20000,21,0,0,0,-2,-2,-2,19030,19783,0,0,0,0,1500,0,0,0,0,0,0
credit_classification_train_001566,400000,35,-2,-1,0,0,0,0,11802,73011,79259,87413,92269,100973,73022,10000,10009,8000,10000,10029,0
credit_classification_train_001567,150000,27,-2,-2,-2,-2,-2,-2,5560,0,0,0,0,0,0,0,0,0,0,0,1
credit_classification_train_001568,70000,52,0,0,0,0,0,0,103570,105991,67243,67533,28653,29253,3500,2777,1751,969,1004,938,0
credit_classification_train_001569,50000,50,0,0,0,0,0,0,47721,48993,50280,18762,18290,19165,2037,2324,1000,1000,1165,1596,0
credit_classification_train_001570,90000,26,-1,-1,-1,-1,-1,-1,1224,3120,1712,5000,0,4210,3128,1712,5000,0,4210,750,0
credit_classification_train_001571,120000,32,0,0,0,0,0,0,37981,36149,37179,38500,38955,39926,1586,1616,1937,1392,1596,1684,0
credit_classification_train_001572,20000,43,0,0,0,0,0,0,12721,14102,14870,16116,16436,16781,1600,1300,1500,588,610,611,1
credit_classification_train_001573,200000,35,-1,-1,-1,-1,-1,-1,909,2708,3514,2297,928,0,2711,3514,2297,928,0,2308,0
credit_classification_train_001574,260000,34,-2,-2,-2,-1,0,0,8383,2976,11237,27500,27500,33880,2985,11247,27500,0,21380,0,0
credit_classification_train_001575,100000,45,2,2,2,2,0,0,65781,60114,59478,54336,50640,49113,0,4817,6,1700,3650,0,1
credit_classification_train_001576,50000,24,-1,-1,-1,0,-1,-1,1572,1572,6561,5091,353,26864,1572,6561,102,353,27000,1000,0
credit_classification_train_001577,110000,62,0,0,0,0,0,0,33536,30155,26054,22918,23216,14371,3000,2000,3000,6000,2340,111,0
credit_classification_train_001578,90000,33,0,0,0,0,0,0,77379,67092,61071,44821,24653,25254,2500,3908,2100,884,1000,1000,0
credit_classification_train_001579,490000,33,0,0,0,0,0,0,58308,64927,60011,49409,39945,49932,10000,8160,7000,2000,37000,3000,0
credit_classification_train_001580,360000,31,0,0,0,0,0,0,350752,354823,358920,363999,292332,294752,13016,13016,13625,11019,9439,8651,0
credit_classification_train_001581,80000,32,0,0,0,0,0,0,40478,38533,22243,8524,819,-181,5225,5091,3528,0,0,6740,0
credit_classification_train_001582,50000,45,2,0,0,0,0,0,71927,73514,75373,50947,51020,0,3000,3428,2002,1023,0,0,1
credit_classification_train_001583,140000,37,-1,2,-1,0,-1,-1,2081,991,1982,991,1091,1420,0,1982,0,1091,1420,7351,1
credit_classification_train_001584,190000,43,0,0,0,0,0,0,93359,95376,98954,101512,106708,109639,3404,4954,4512,6708,4639,4793,0
credit_classification_train_001585,50000,26,0,0,0,0,0,0,51212,50165,19814,20210,20125,19010,2000,1296,692,709,698,1000,0
credit_classification_train_001586,50000,47,1,-2,-1,0,0,0,-2012,-2012,47714,48685,18139,18519,0,50224,2195,649,672,749,0
credit_classification_train_001587,100000,47,1,-2,-1,2,2,2,-84,-474,800,410,20,-370,0,3000,0,0,0,2500,1
credit_classification_train_001588,220000,30,1,2,0,0,0,0,5627,5391,6442,7458,8177,111816,0,1300,1281,1000,103860,4346,1
credit_classification_train_001589,30000,39,0,0,0,0,0,0,29758,30454,30221,29376,29564,28762,1500,1518,1439,1017,1032,1367,0
credit_classification_train_001590,330000,29,0,0,0,0,0,0,132702,135972,137289,141844,143470,146596,6972,4989,6844,5470,5596,5577,0
credit_classification_train_001591,600000,36,-2,-2,-2,-2,-2,-2,-1,-1,1095,899,598,-2,0,1096,4,601,0,492,0
credit_classification_train_001592,140000,23,1,-2,-2,-2,-2,-2,0,0,0,0,0,0,0,0,0,0,0,0,1
credit_classification_train_001593,20000,22,3,2,2,7,7,7,2400,2400,2400,2400,2400,2400,0,0,0,0,0,0,1
credit_classification_train_001594,50000,26,0,0,0,0,0,0,28440,23228,21482,18029,18705,18698,1436,1162,2184,871,500,0,0
credit_classification_train_001595,20000,38,-1,-1,2,0,-1,-1,12193,11242,8015,3668,3508,5278,5015,0,0,3508,5278,780,0
credit_classification_train_001596,60000,28,1,-2,-2,-1,-1,0,0,0,0,619,39224,34881,0,0,619,39224,1500,1500,0
credit_classification_train_001597,50000,24,0,-1,-1,0,0,-2,14814,9631,36631,29150,0,0,10755,36671,583,0,0,0,0
credit_classification_train_001598,60000,25,0,0,0,0,0,0,50269,47809,42769,38855,38768,38846,4749,1621,1400,1395,1500,1795,0
credit_classification_train_001599,120000,50,2,2,2,0,0,2,38565,39997,39211,39917,42268,43192,2200,0,1500,3000,1600,1500,1
credit_classification_train_001600,50000,41,4,3,2,0,0,-1,52955,51847,50307,27707,28479,28979,0,0,0,974,31100,1200,1
credit_classification_train_001601,200000,28,-1,-1,-1,-1,-1,-1,2393,1726,1602,1040,3564,2031,1731,1606,1051,3574,2036,1703,0
credit_classification_train_001602,300000,36,0,0,0,0,0,0,141486,79474,80813,111116,13534,10379,6000,5000,30303,2011,856,1010,0
credit_classification_train_001603,60000,27,0,0,0,0,0,0,58982,59063,58440,59593,59642,60165,2097,2141,3000,2064,2672,2000,0
credit_classification_train_001604,50000,58,0,0,0,0,0,0,7308,7987,8582,9719,9692,9663,1200,1500,1300,500,500,500,0
credit_classification_train_001605,400000,41,0,0,0,0,0,0,10928,12730,14486,13419,14313,14524,2000,2002,2000,2000,3000,5000,0
credit_classification_train_001606,60000,25,1,2,2,0,0,0,61514,61748,58583,28301,29301,14400,1800,0,600,1000,300,28154,0
credit_classification_train_001607,120000,45,0,0,0,-2,-2,-2,11547,9836,0,0,0,0,5000,0,0,0,0,5562,0
credit_classification_train_001608,80000,42,0,0,0,-1,-1,0,43045,43024,9821,600,53900,55000,1301,5098,600,53900,1100,10000,1
credit_classification_train_001609,270000,39,0,0,0,0,0,0,18205,15984,17723,18634,19997,18948,1500,2000,1145,1508,900,2000,0
credit_classification_train_001610,240000,28,-2,-2,-2,-2,-2,-2,8451,1419,37307,1086,1494,7724,1419,37307,1086,1494,7724,1101,0
credit_classification_train_001611,290000,49,0,0,0,-1,-1,0,169004,166920,153092,3804,155233,148003,7600,7521,3804,160897,5198,6000,0
credit_classification_train_001612,50000,37,0,0,0,0,0,0,49045,50174,43647,19305,20025,18584,2000,2000,1000,1000,1000,1000,1
credit_classification_train_001613,20000,40,0,0,0,2,0,0,10934,13738,16567,10411,13057,14340,3000,3100,0,3000,1500,0,0
credit_classification_train_001614,20000,45,0,0,0,0,-2,-2,7221,8329,8840,-1560,-1560,-1560,1245,1400,0,0,0,0,0
credit_classification_train_001615,50000,38,2,0,0,2,2,0,37501,34942,37502,34653,31352,29605,2000,3455,1007,8,2002,2029,1
credit_classification_train_001616,130000,42,2,2,2,0,0,0,130623,131926,128380,126792,103497,96991,6400,0,4535,3900,4300,3700,1
credit_classification_train_001617,10000,24,0,0,0,0,0,0,6902,7922,8939,9533,9692,9829,1142,1159,1140,692,829,1000,1
credit_classification_train_001618,290000,29,1,-2,-2,-2,-2,-2,0,0,0,0,0,0,0,0,0,0,0,0,1
credit_classification_train_001619,50000,24,0,0,0,0,0,0,40751,30786,30285,14225,12668,10880,1627,3053,2005,550,400,1000,0
credit_classification_train_001620,210000,40,0,0,0,0,0,0,206803,207471,152365,146625,146163,146180,7876,5400,6000,6000,6000,10000,0
credit_classification_train_001621,120000,27,1,-2,-1,-1,-2,-2,0,0,2382,0,0,0,0,2382,0,0,0,0,1
credit_classification_train_001622,210000,41,-2,-2,-2,-2,-2,-2,16486,15725,18210,10784,41477,6879,15728,18213,10784,41477,6879,9498,0
credit_classification_train_001623,50000,41,2,2,2,2,2,2,5025,4805,46295,46885,47535,45994,0,42000,1600,1500,2000,2000,1
credit_classification_train_001624,50000,39,0,0,0,0,0,2,47990,43288,44569,47291,50398,23675,1997,2278,4000,4000,0,0,0
credit_classification_train_001625,190000,29,-2,-2,-2,-2,-2,-2,51632,9803,3427,924,-876,-969,1000,3524,929,869,7,1587,0
credit_classification_train_001626,50000,27,0,0,0,2,2,0,35215,36227,37876,39984,39041,40110,1600,2234,3042,0,1700,2000,0
credit_classification_train_001627,260000,33,-1,-1,-1,-2,-1,-1,1025,799,-1,-1,358,492,803,0,0,359,494,0,0
credit_classification_train_001628,200000,40,-2,-2,-2,-2,-2,-2,0,0,0,0,0,0,0,0,0,0,0,0,1
credit_classification_train_001629,20000,24,0,0,0,0,0,0,13542,14852,15571,16584,17067,34262,1543,1262,1275,758,638,1340,0
credit_classification_train_001630,180000,28,-2,-2,-2,-2,-2,-2,584,1133,572,803,916,1189,1133,572,803,916,1189,375,0
credit_classification_train_001631,130000,47,-1,-1,-1,-1,-1,-2,5837,21038,722,4399,0,0,21038,729,4399,0,0,5239,0
credit_classification_train_001632,320000,53,0,0,0,0,0,0,319711,33589,34608,38544,44486,52319,3000,3000,6000,8000,10000,1900,0
credit_classification_train_001633,360000,40,-2,-2,-2,-2,-2,-2,8736,969,6083,9852,27210,1765,974,6120,9901,27352,1768,2111,0
credit_classification_train_001634,100000,25,0,0,-1,0,0,0,7565,460,98796,52079,40183,35796,28,103350,1722,1100,1300,2000,0
credit_classification_train_001635,360000,39,-1,-1,-1,-1,-1,-1,396,396,396,396,396,846,396,396,396,396,846,396,0
credit_classification_train_001636,50000,48,1,2,0,0,0,0,18704,18106,19793,19378,18874,19361,0,2000,1500,1000,2000,1000,1
credit_classification_train_001637,180000,36,0,0,0,0,-1,-1,4524,6435,6894,8292,21866,0,2000,1200,2000,21866,0,0,1
credit_classification_train_001638,80000,32,2,0,0,0,2,0,26856,24758,23044,22919,21890,22003,1700,1400,2400,0,1000,1500,0
credit_classification_train_001639,50000,23,2,0,0,-2,-1,-1,8730,4388,0,0,5412,6414,1000,0,0,5412,2000,0,1
credit_classification_train_001640,130000,31,0,0,2,0,-1,-1,48628,52379,31247,40047,12450,2294,5207,0,9000,12450,2294,0,1
credit_classification_train_001641,100000,25,0,0,0,0,0,0,99203,97294,99377,101577,99453,101879,3485,3654,3900,3729,4200,3702,0
credit_classification_train_001642,170000,48,0,0,0,0,0,0,137823,137199,136331,123913,122657,122225,5396,5000,5000,5000,5000,4000,0
credit_classification_train_001643,220000,63,-2,-2,-2,-2,-2,-2,1293,494,1379,-1,272,1628,496,1385,0,273,1636,531,0
credit_classification_train_001644,320000,30,-2,-2,-2,-2,-2,-2,0,200,3663,992,1627,6661,200,3696,997,1635,6694,2508,0
credit_classification_train_001645,50000,56,1,-2,-2,-2,-1,-1,0,0,0,0,562,736,0,0,0,562,736,1269,1
credit_classification_train_001646,20000,30,-1,-1,3,2,0,0,323,24910,22469,21780,20363,20199,26703,0,0,1000,800,1000,1
credit_classification_train_001647,50000,25,0,0,2,2,2,0,44477,45425,48559,49065,48057,48942,2000,3134,1640,0,1968,1504,0
credit_classification_train_001648,160000,49,1,2,2,2,2,2,58943,60210,60755,59180,62835,61670,2800,2120,0,4611,0,2213,0
credit_classification_train_001649,500000,45,-1,-1,-2,-2,-2,-2,2900,0,0,0,0,0,0,0,0,0,0,0,0
credit_classification_train_001650,450000,34,0,0,0,0,0,0,372188,383052,74835,87584,95161,103398,20000,3703,15000,10000,10000,25000,0
credit_classification_train_001651,10000,37,0,0,-1,0,0,-2,8634,3192,1352,13352,0,0,1000,676,6000,120,0,0,0
credit_classification_train_001652,140000,26,0,0,0,0,-1,-1,12436,14910,13780,13710,488,-1450,3380,1200,2000,500,0,0,0
credit_classification_train_001653,180000,37,0,0,0,0,0,0,107337,48433,46325,47354,48323,49416,2000,1771,1800,1750,1893,2000,0
credit_classification_train_001654,180000,31,-2,-2,-2,-2,-2,-2,384,0,0,0,503,2156,0,0,0,503,2343,1988,1
credit_classification_train_001655,50000,25,0,0,0,0,0,0,24408,25169,13368,14142,14911,15660,1300,1500,1000,1000,1000,1000,0
credit_classification_train_001656,50000,22,1,-2,-2,-2,-2,-2,0,0,0,0,0,0,0,0,0,0,0,0,1
credit_classification_train_001657,280000,36,-1,-1,-1,-1,-1,-2,4480,2120,1627,2649,0,0,2120,1627,2649,0,0,0,1
credit_classification_train_001658,170000,37,-2,-2,-2,-2,-2,-2,0,0,0,0,0,0,0,0,0,0,0,0,0
credit_classification_train_001659,500000,39,1,-1,-1,-2,-2,-1,-397,227,-37,-37,-37,213,2200,0,0,0,250,0,0
credit_classification_train_001660,80000,46,0,0,0,0,0,0,79656,80382,61813,30457,30477,30506,3211,2800,1200,1300,1700,1700,0
credit_classification_train_001661,40000,35,-2,-2,-2,-2,-2,-2,0,2277,1521,0,2483,1396,2277,1521,0,2483,1396,1350,0
credit_classification_train_001662,80000,37,-2,-2,-2,-2,-2,-2,600,0,0,0,0,0,0,0,0,0,0,0,0
credit_classification_train_001663,130000,43,2,2,2,2,2,2,55544,57428,58917,60352,61167,63042,3400,3000,3000,2400,3000,2400,0
credit_classification_train_001664,80000,38,0,0,0,-2,-2,-2,39604,10635,0,0,0,0,1000,0,0,0,0,0,1
credit_classification_train_001665,90000,40,2,2,0,0,0,0,96249,91839,90758,90537,90263,90268,0,3273,3267,3212,3440,6898,1
credit_classification_train_001666,100000,38,2,2,0,0,0,0,50721,49635,50509,51666,52834,54955,0,2000,2000,2000,3000,3000,1
credit_classification_train_001667,50000,26,-1,0,0,0,0,0,6945,7185,3412,4158,6158,2133,2000,2000,1000,2000,2000,2000,0
credit_classification_train_001668,30000,33,0,0,0,0,0,0,29956,30536,30162,29819,14071,0,29000,1200,637,2000,0,0,0
credit_classification_train_001669,30000,27,-1,0,0,0,0,-1,418,1470,2418,2009,3009,7093,1052,1000,500,1000,7093,1000,0
credit_classification_train_001670,500000,44,-1,-1,-1,0,-1,-1,367,15272,12925,75667,67609,71946,16652,76146,67697,67609,71946,14000,0
credit_classification_train_001671,300000,61,-1,-1,-2,-1,2,2,274750,0,0,411,261,8561,0,0,411,0,8300,0,1
credit_classification_train_001672,220000,32,0,0,0,0,0,0,202010,103124,105226,107476,109746,111920,3746,3820,4000,4000,4000,4500,0
credit_classification_train_001673,80000,31,-2,-2,-2,-2,-2,-2,3506,2372,2988,273,0,1542,2372,2988,273,0,1542,3200,0
credit_classification_train_001674,250000,33,-1,-1,-1,-1,-2,-1,22824,6540,6686,-14795,-23003,4017,6573,6793,41,42,35602,3,0
credit_classification_train_001675,260000,38,-2,-2,-2,-2,-2,-2,-2,-2,725,2074,0,585,0,727,2074,0,585,0,0
credit_classification_train_001676,80000,27,0,0,0,0,0,0,47163,86021,44400,23954,24574,24772,1821,3600,1000,1000,1000,1000,0
credit_classification_train_001677,200000,32,-1,-1,-1,-1,-1,-1,8479,2021,1050,0,400,976,2021,1050,0,400,976,1123,0
credit_classification_train_001678,70000,24,0,0,0,0,0,0,27431,27163,18987,20170,15900,0,5006,1400,2013,370,0,0,0
credit_classification_train_001679,50000,44,0,0,0,0,0,0,48322,49057,48059,48097,8107,6934,3000,3000,3000,3000,3600,4800,0
credit_classification_train_001680,70000,34,0,0,0,0,0,0,63580,64688,66566,56942,58986,61031,3000,3002,2500,3000,3000,2502,0
credit_classification_train_001681,180000,60,2,2,2,0,0,0,178854,177159,177477,176197,170173,139649,2600,5022,5000,6000,7000,6000,1
credit_classification_train_001682,50000,37,1,2,2,2,0,0,47071,40218,24587,14999,13410,7378,148,3115,3,1000,415,565,1
credit_classification_train_001683,430000,37,-1,-1,-1,-1,-1,-1,1669,412,23547,5064,13258,2249,416,23547,5064,13258,2249,3686,0
credit_classification_train_001684,220000,26,0,0,0,0,0,-1,57222,160712,210445,74138,1808,95818,107789,54539,1483,1808,94020,2581,0
credit_classification_train_001685,270000,29,0,0,0,0,-1,-1,14728,20865,24812,12674,9486,2460,10000,5000,3900,9486,2460,0,0
credit_classification_train_001686,70000,24,0,0,0,0,0,-1,33602,41574,30777,30155,14298,1579,10096,3000,1005,2000,1579,2882,0
credit_classification_train_001687,430000,42,0,0,0,0,0,0,89756,89395,90052,90604,91200,92134,3169,3243,3200,3185,3500,3500,0
credit_classification_train_001688,280000,42,-2,-2,-2,-2,-2,-2,6425,3746,3863,5740,0,1170,3746,3863,5740,0,1170,4198,0
credit_classification_train_001689,160000,38,-1,-1,-1,-1,2,-1,4473,4664,5969,18941,16578,12652,4664,5969,18941,0,12652,1916,0
credit_classification_train_001690,300000,34,-2,-2,-2,-2,-2,-2,0,0,0,0,0,1280,0,0,0,0,1280,0,0
credit_classification_train_001691,210000,38,2,0,0,0,0,0,196426,194724,193397,195027,199236,203241,8405,8495,7800,7378,7800,6900,1
credit_classification_train_001692,10000,46,0,0,2,2,3,2,2496,4245,4525,5450,5073,4843,1800,500,1000,0,0,800,1
credit_classification_train_001693,360000,44,0,0,0,0,0,0,347696,329864,322159,289377,146946,130085,20000,20009,30000,10000,10000,10000,0
credit_classification_train_001694,50000,35,0,0,0,-1,-1,-1,41646,43257,31473,1473,1473,3873,4000,5300,1473,1473,3873,390,0
credit_classification_train_001695,50000,33,0,0,0,0,0,0,53282,50936,49911,19817,20492,20365,3000,2300,715,1000,878,1000,1
credit_classification_train_001696,50000,29,0,0,0,0,0,0,39124,40474,41220,42332,43227,44530,2000,1700,1800,1600,2000,2000,0
credit_classification_train_001697,80000,43,2,0,0,0,0,0,68612,69971,71846,72372,73475,74842,3100,3600,2720,2400,2224,3990,0
credit_classification_train_001698,110000,26,0,0,0,0,0,0,106417,103587,56676,47332,45171,47092,9026,6000,2000,2000,3000,4006,0
credit_classification_train_001699,230000,45,-1,-1,-1,-1,-1,0,12047,17091,8743,31886,14893,8343,17094,8786,32467,14893,0,8968,0
credit_classification_train_001700,230000,37,-2,-2,-2,-2,-2,-2,2283,50815,0,0,299,338,51315,0,0,299,338,0,0
credit_classification_train_001701,50000,31,1,2,2,2,0,0,23781,24900,25098,24396,25310,25740,1800,900,0,1310,1000,1000,0
credit_classification_train_001702,120000,28,0,0,0,0,0,0,57863,59456,57868,60790,50091,51113,5000,3588,10000,5000,5000,3000,0
credit_classification_train_001703,200000,30,-2,-2,-2,-2,-2,-2,0,0,0,0,0,0,0,0,0,0,0,20271,0
credit_classification_train_001704,300000,42,-2,-2,-1,0,0,0,-904,1096,928,2264,3090,5056,2000,1072,1500,1000,2000,1000,0
credit_classification_train_001705,80000,26,2,0,0,2,2,2,37097,38174,40550,41577,41595,43264,2000,3000,2000,1000,2500,1000,1
credit_classification_train_001706,20000,22,1,2,0,0,0,0,18761,18167,19202,20178,20281,20293,0,1634,1610,710,717,722,0
credit_classification_train_001707,210000,27,-1,2,-1,-1,-1,-1,780,390,390,1554,5705,6386,0,390,1554,5705,2000,0,1
credit_classification_train_001708,50000,49,0,0,0,0,0,0,48584,49070,50076,48995,19780,15102,2000,5000,2305,3000,559,3000,0
credit_classification_train_001709,150000,28,2,0,0,0,0,0,107603,109835,110255,110247,110955,105145,5500,5500,5300,3853,4000,4000,0
credit_classification_train_001710,50000,27,-1,-1,-1,-1,-1,-1,492,492,492,492,492,470,493,493,493,493,471,7739,0
credit_classification_train_001711,20000,25,-1,-1,-1,-1,0,0,769,1011,628,2198,365,-34,1500,700,2500,0,0,2000,0
credit_classification_train_001712,180000,58,-2,-2,-2,-2,-2,-2,0,0,750,1576,1504,0,0,750,1576,1504,0,1000,0
credit_classification_train_001713,150000,39,0,0,0,0,0,0,16878,7632,33019,31366,31709,42632,5000,30000,3000,5000,15000,6000,0
credit_classification_train_001714,200000,31,1,2,2,3,2,2,182307,186128,197509,193046,194368,182903,8300,15900,200,6100,7000,0,1
credit_classification_train_001715,30000,52,0,0,0,0,0,0,28889,30050,29797,18464,12235,0,2002,1025,1230,1042,0,0,0
credit_classification_train_001716,230000,35,0,0,0,0,0,0,170413,166858,170323,172136,175550,179291,5976,6158,6247,6276,6562,7769,0
credit_classification_train_001717,50000,27,0,0,-1,-1,-1,-1,7439,8280,3403,1999,500,0,1028,3423,2005,501,0,0,1
credit_classification_train_001718,20000,23,1,2,2,-2,-2,-2,14428,14310,0,0,0,0,480,0,0,0,0,0,1
credit_classification_train_001719,140000,29,-2,-2,-2,-2,-2,-2,0,0,0,0,0,0,0,0,0,0,0,0,1
credit_classification_train_001720,260000,52,-1,-1,-1,-1,-1,0,582,0,582,291,4471,5394,0,582,291,4471,1000,1000,0
credit_classification_train_001721,20000,27,0,0,0,-2,-2,-2,16203,4550,0,0,0,0,2000,0,0,0,0,0,0
credit_classification_train_001722,60000,22,0,0,0,0,2,2,60434,60935,56585,77520,29002,30274,2141,3085,3623,0,3158,0,0
credit_classification_train_001723,180000,23,0,0,0,0,0,0,177998,167021,148713,129518,125868,121823,7000,6000,5000,5000,4416,4577,0
credit_classification_train_001724,80000,29,0,0,0,0,0,0,60857,46724,35074,32812,25930,26414,2000,2000,2000,1100,1000,1100,0
credit_classification_train_001725,110000,29,2,2,2,2,0,0,55700,58362,56598,51908,48647,47862,5000,2500,0,2000,2000,1854,1
credit_classification_train_001726,20000,23,2,2,2,2,3,2,15034,17676,17100,19111,18525,18080,3200,0,2600,0,0,1700,1
credit_classification_train_001727,190000,52,-2,-2,-1,-1,-1,-1,175,1547,6101,4803,5039,0,1547,6101,4803,5039,0,0,0
credit_classification_train_001728,80000,25,0,0,0,0,0,0,81003,85894,87061,89008,93523,80288,8213,3491,3508,19523,3288,1570,1
credit_classification_train_001729,220000,44,0,0,0,0,0,0,5005,9880,10542,10903,10981,9931,5000,1147,508,374,384,1008,0
credit_classification_train_001730,50000,32,1,2,0,0,0,0,49340,48297,49255,8838,9011,9872,0,3000,1000,1000,1000,1000,0
credit_classification_train_001731,180000,28,-1,-1,-1,-1,-1,-1,47815,8473,950,13408,3819,1107,8480,957,13408,3819,1107,20679,0
credit_classification_train_001732,80000,42,0,0,2,0,0,0,11204,17587,17405,20207,23308,26406,6922,441,3450,3541,3545,3649,0
credit_classification_train_001733,90000,45,2,2,2,2,2,2,45820,46770,45741,48729,49628,50680,2000,0,3755,2000,2000,2100,1
credit_classification_train_001734,190000,40,0,0,0,0,0,0,182923,183436,162537,157497,155297,153594,8059,7741,7201,4815,4927,5380,1
credit_classification_train_001735,360000,44,-1,-1,-1,-1,-1,-1,18295,3199,6131,7662,19423,28351,3204,6195,7664,19423,28351,3250,0
credit_classification_train_001736,170000,30,-1,-1,-1,-2,-1,-1,364,14662,0,0,1861,-167,14662,0,0,1861,0,334,0
credit_classification_train_001737,200000,27,-2,-2,-2,-2,-2,-2,2436,3458,758,-2,750,26903,5963,760,0,752,26983,599,0
credit_classification_train_001738,170000,37,-2,-2,-2,-2,-2,-2,7365,255,4884,4442,1800,0,255,4892,4478,1800,0,150,0
credit_classification_train_001739,150000,30,0,-1,0,0,-2,-2,7674,432,2232,0,0,0,432,2000,0,0,0,5757,0
credit_classification_train_001740,330000,56,1,-1,-1,-2,-1,-1,-9,1520,1488,0,3965,8676,1529,1507,0,3965,8676,384,0
credit_classification_train_001741,50000,23,0,0,2,0,0,0,47378,50555,45532,47086,19045,19554,4000,0,2430,1000,800,700,0
credit_classification_train_001742,390000,53,-1,-1,-2,-2,-1,0,611,0,0,0,343,1343,0,0,0,343,1000,1076,0
credit_classification_train_001743,580000,34,1,2,0,0,0,0,420115,405932,437254,477809,486721,498316,0,38001,50000,16881,18887,16846,1
credit_classification_train_001744,50000,41,0,0,0,0,0,0,48537,36394,28278,16983,8888,9218,2022,2016,1272,1000,1000,1000,0
credit_classification_train_001745,60000,27,-1,-1,-2,-1,2,-1,14072,0,0,300,150,150,0,0,300,0,150,200,0
credit_classification_train_001746,470000,35,0,0,0,0,0,0,270005,262579,248080,232961,217802,202092,9500,9000,8086,14700,7000,9000,0
credit_classification_train_001747,360000,40,-1,-1,2,-1,-1,-1,1473,3125,1473,1473,1473,1473,3125,0,1473,1473,1473,1473,0
credit_classification_train_001748,20000,53,2,4,4,3,3,2,17474,18396,17826,18547,19118,18679,1500,0,1300,1170,0,1600,0
credit_classification_train_001749,100000,44,2,2,0,0,0,0,40199,39218,35464,30456,29420,27102,0,2005,1700,976,2000,3000,0
credit_classification_train_001750,310000,28,0,0,0,0,0,0,240846,220845,179260,116798,109647,114745,10500,7809,10000,10000,10334,10000,0
credit_classification_train_001751,380000,33,-2,-2,-2,-2,-2,-2,11924,16615,3273,9833,6580,6080,16615,3273,9833,6580,6080,4697,0
credit_classification_train_001752,150000,49,0,0,0,0,0,0,86035,86414,87852,88692,90211,91543,3090,3218,3196,3360,3310,3573,0
credit_classification_train_001753,160000,46,2,2,0,0,0,0,168501,160421,157661,73322,57835,41842,0,6322,2275,2343,3069,77005,0
credit_classification_train_001754,20000,34,2,0,0,2,2,2,6099,7559,8989,8436,12016,11404,2000,2000,0,4000,0,4000,0
credit_classification_train_001755,310000,36,0,0,0,0,0,0,101941,71874,70459,72958,55547,30970,3016,3031,10091,1429,1500,10207,0
credit_classification_train_001756,180000,26,-1,-1,-1,-1,-1,-1,2049,0,351,631,13359,384,0,351,631,13359,384,487,0
credit_classification_train_001757,500000,31,1,-1,-1,-1,0,0,0,5377,4131,44588,44388,5085,5377,4131,44588,0,0,3148,0
credit_classification_train_001758,50000,26,1,2,0,0,0,0,42207,42226,38859,39475,40187,40992,2200,1962,1562,1500,1474,2300,0
credit_classification_train_001759,200000,28,0,0,0,0,0,0,105051,99648,144932,134530,129395,124561,32000,60000,6305,4300,4500,4500,0
credit_classification_train_001760,360000,29,-2,-2,-2,-2,-2,-2,6906,4893,508,0,4861,2547,4893,508,0,4861,2547,0,0
credit_classification_train_001761,160000,58,-1,-1,-1,-1,-1,-1,2034,68942,40194,942,942,942,68942,40194,942,942,942,942,0
credit_classification_train_001762,50000,33,0,0,0,2,0,0,19374,17772,20090,19052,19601,16460,1346,2664,1261,782,606,583,0
credit_classification_train_001763,200000,50,-1,-1,-1,-1,-1,-1,390,390,390,390,390,390,390,390,390,390,390,390,0
credit_classification_train_001764,80000,35,0,0,0,-1,-1,-1,48725,53095,56858,4849,4849,4849,10000,10000,4849,4849,4849,4849,0
credit_classification_train_001765,210000,48,-1,-1,-1,0,-1,-1,8666,8666,17307,8666,8666,17303,8666,17307,173,8666,17303,173,0
credit_classification_train_001766,20000,24,-1,-1,-1,-1,-1,2,4101,507,3042,0,8402,6204,507,3042,0,8402,0,4739,0
credit_classification_train_001767,50000,37,0,0,2,2,2,2,24801,27600,26858,28209,29108,29980,3200,0,1800,1500,1500,2500,1
credit_classification_train_001768,280000,44,-2,-1,-1,-1,-1,0,593,1763,53669,4707,22014,3415,1777,53934,4726,22102,12,1301,0
credit_classification_train_001769,50000,39,0,0,-2,-2,-2,-2,20650,0,0,0,0,0,0,0,0,0,0,3000,0
credit_classification_train_001770,180000,39,0,0,0,0,0,2,122187,123790,125258,125214,131276,114050,6000,6000,4400,9000,0,4000,1
credit_classification_train_001771,20000,22,0,0,0,0,0,0,20117,18784,19538,17958,4968,780,1466,2000,1000,600,0,0,0
credit_classification_train_001772,90000,40,0,0,0,0,0,0,53256,53695,55426,56544,57048,58421,1923,2597,2637,2041,2291,4824,1
credit_classification_train_001773,20000,31,0,0,0,0,0,0,15654,16425,17265,16647,12213,10998,1330,1170,500,420,397,221,1
credit_classification_train_001774,200000,31,1,-2,-1,-1,-2,-2,0,0,500,0,0,0,0,500,0,0,0,0,0
credit_classification_train_001775,500000,30,0,0,0,0,0,0,449733,425268,489942,437809,409337,406573,20120,120063,40000,12389,12000,10000,0
credit_classification_train_001776,110000,52,0,0,0,2,0,0,56327,57106,58489,57800,57312,57188,2700,3300,2044,2100,2000,2266,0
credit_classification_train_001777,20000,56,1,2,2,2,0,0,17819,18239,19094,12393,13037,13817,1000,1500,0,1000,1000,1000,0
credit_classification_train_001778,300000,32,-2,-2,-2,-2,-2,-2,-3,-3,-3,329,0,0,0,0,332,0,0,0,0
credit_classification_train_001779,390000,28,-1,0,0,0,0,0,10439,25143,35165,44543,45631,45793,15007,10529,10000,1773,2000,1592,0
credit_classification_train_001780,90000,41,-1,-1,-1,-1,-1,-1,6160,3274,6190,307,2870,670,3276,6246,307,2870,670,1362,0
credit_classification_train_001781,100000,33,-1,-1,-1,-1,-1,0,7067,-418,7064,15229,9689,2669,0,7482,15315,9705,0,4600,0
credit_classification_train_001782,300000,35,-1,-1,-1,-1,-2,-2,1246,1217,338,0,0,0,1217,338,0,0,0,0,0
credit_classification_train_001783,150000,30,-2,-2,-2,-2,-2,-2,217,0,2403,0,4932,402,0,2403,0,4932,402,3516,0
credit_classification_train_001784,50000,27,0,0,0,0,0,0,162865,167086,169217,18056,18179,18563,5000,3703,1000,660,686,638,0
credit_classification_train_001785,70000,40,0,0,0,0,0,0,30346,27040,23756,18897,10873,10707,1681,1635,1463,525,535,570,0
credit_classification_train_001786,20000,53,1,2,2,-1,-1,-1,5397,6153,5914,13385,5490,0,1000,99,13401,5490,0,0,0
credit_classification_train_001787,190000,35,0,0,0,0,0,0,170928,170290,175630,171572,161319,151119,6500,8031,7510,5500,6000,5500,0
credit_classification_train_001788,90000,29,-2,-2,-2,-2,-2,-2,1709,2522,3426,3426,2921,2197,2522,3426,3426,2921,2197,3087,1
credit_classification_train_001789,130000,34,1,-1,0,0,0,0,0,5396,10270,13576,13864,14636,5396,5000,3500,501,1000,2000,0
credit_classification_train_001790,20000,40,0,0,0,0,0,0,4314,5190,6554,6895,5844,6079,1500,2000,1032,155,1000,0,1
credit_classification_train_001791,50000,25,-1,0,0,0,0,0,8540,9875,11396,13190,14967,16551,1479,2000,2000,2000,2000,4060,0
credit_classification_train_001792,80000,52,2,0,0,-1,0,0,82198,80531,42334,39137,39074,40103,3543,1139,40003,2000,2100,24,0
credit_classification_train_001793,100000,23,-2,-2,-2,-1,-1,0,101771,102878,79618,4370,78453,80063,3800,7,971,79681,2861,2698,1
credit_classification_train_001794,410000,27,1,-1,0,0,0,0,-58,32991,36465,44310,62408,61420,33049,16000,8700,18775,15000,5350,0
credit_classification_train_001795,20000,69,0,0,0,0,0,0,18516,19193,18578,17989,19533,20039,1700,2000,2000,2000,831,400,0
credit_classification_train_001796,220000,51,0,0,0,0,0,0,44076,40353,36314,32320,27803,25370,2000,1600,1600,1000,3000,1000,0
credit_classification_train_001797,210000,26,0,0,0,0,0,0,78632,49707,37998,32062,27056,15955,2000,2200,2008,2000,5000,5000,0
credit_classification_train_001798,330000,33,0,0,0,0,0,0,223445,122096,125969,127044,127027,129945,5005,6000,3614,4000,4000,4000,0
credit_classification_train_001799,260000,33,-2,-2,-2,-1,-1,0,134736,135593,120909,102524,40157,40805,6067,10000,3000,40157,1466,2000,0
credit_classification_train_001800,250000,31,0,0,0,0,0,0,103109,102594,97109,99029,100871,101299,4000,4500,5000,4000,5000,4400,0
credit_classification_train_001801,80000,48,0,0,0,0,0,0,74040,74658,72885,47663,48350,47208,3500,2500,2000,2000,2000,2000,0
credit_classification_train_001802,500000,54,0,0,0,0,0,0,493251,496315,480411,489978,493062,474301,18725,18000,17534,17649,18007,20000,0
credit_classification_train_001803,180000,44,0,0,0,2,0,0,123100,125674,145212,141409,142861,166960,6102,23200,0,5295,26550,6045,0
credit_classification_train_001804,100000,25,1,-1,-1,-1,-1,-1,0,460,0,85,60,520,460,0,85,60,520,0,0
credit_classification_train_001805,120000,34,1,2,2,3,2,0,45755,46725,49653,48571,47664,48720,2000,4000,0,0,2000,2000,1
credit_classification_train_001806,50000,34,2,0,0,0,0,0,13731,13974,7891,4600,5554,5481,1530,2004,1000,1008,1400,600,1
credit_classification_train_001807,180000,36,0,0,0,0,0,2,161159,151558,154648,156584,166960,164012,7000,7100,6000,13100,0,6000,1
credit_classification_train_001808,230000,33,-1,-1,-1,-1,-1,-1,2227,3496,4006,411,1511,1334,3496,4091,411,1511,1334,1157,0
credit_classification_train_001809,300000,35,0,0,0,0,0,0,276536,206885,169901,170540,152188,101485,26531,10017,9123,10259,5079,3816,0
credit_classification_train_001810,460000,31,0,0,2,0,0,0,4533,9023,8317,12338,12744,12397,5002,1,5002,1001,3,733,0
credit_classification_train_001811,120000,65,0,0,0,0,0,0,58436,60202,61042,61253,57695,2530,2740,2407,1421,0,0,840,0
credit_classification_train_001812,180000,47,0,0,0,0,0,0,167915,163279,166994,150812,123957,55778,6028,7758,5188,4570,1876,1701,1
credit_classification_train_001813,50000,24,4,3,2,2,2,0,27226,26508,26976,27206,26631,27185,0,1200,968,0,998,1479,1
credit_classification_train_001814,280000,29,-1,-1,-1,-1,-1,-1,768,786,1379,1885,143,1250,788,1383,1890,143,1253,316,0
credit_classification_train_001815,160000,39,-2,-2,-2,-2,-2,-2,710,666,403,1650,336,790,666,403,1650,336,790,1141,0
credit_classification_train_001816,200000,45,0,0,0,0,0,0,193641,121830,122181,121888,66771,65495,4543,5000,4500,3100,3000,1300,1
credit_classification_train_001817,210000,30,0,0,0,0,0,0,52771,64767,57527,56655,50745,53269,44767,10000,2655,5745,3269,1500,0
credit_classification_train_001818,30000,42,0,0,0,0,0,2,27276,30470,27699,28257,30695,30059,3671,1500,1018,2900,0,869,0
credit_classification_train_001819,100000,26,0,0,0,0,0,0,7136,8515,9749,14188,16602,19575,1500,1500,4500,5000,5000,5000,0
credit_classification_train_001820,150000,30,0,0,0,0,0,0,106911,105889,96548,87085,52323,51260,4000,4500,5000,2000,1700,2300,0
credit_classification_train_001821,200000,32,2,2,2,2,2,0,110419,112518,114247,115896,112545,115565,5400,5000,5000,0,5000,4235,1
credit_classification_train_001822,30000,42,1,2,0,0,0,0,13347,12843,13850,14125,14423,14516,0,1227,502,522,521,521,1
credit_classification_train_001823,80000,29,0,0,-1,-1,-1,0,80832,40283,317,401,34985,37004,2000,450,500,35000,3000,2000,0
credit_classification_train_001824,130000,34,0,0,0,0,0,0,30190,31179,30569,28659,26952,15852,1818,2002,1400,600,1000,0,1
credit_classification_train_001825,90000,30,0,0,0,-2,-2,-2,46927,40000,0,0,0,0,4000,0,0,0,0,85000,0
credit_classification_train_001826,80000,27,1,2,2,2,2,-1,3970,1603,3740,2000,0,2096,0,2191,0,0,2096,0,1
credit_classification_train_001827,90000,27,0,0,0,0,0,0,91367,64482,32037,14589,10237,10066,2121,1357,1037,243,244,226,0
credit_classification_train_001828,20000,39,0,0,0,0,2,2,7824,9000,9867,11929,12091,12245,1307,1174,2236,500,500,0,0
credit_classification_train_001829,470000,40,0,0,0,0,0,0,17243,14722,15270,15615,16261,16969,1243,1300,600,900,1000,1324,1
credit_classification_train_001830,250000,27,0,0,0,-1,0,0,4883,3090,1404,5208,59006,12072,2500,1000,5208,54000,5000,10000,0
credit_classification_train_001831,100000,56,1,2,2,2,2,2,51021,53878,54046,52193,55151,55873,4388,2000,0,4212,2126,0,0
credit_classification_train_001832,30000,48,0,0,2,2,3,2,20817,23860,24372,25776,25088,24537,3400,1200,2100,0,0,2200,0
credit_classification_train_001833,50000,23,0,0,2,2,0,0,15336,18681,19463,16894,17667,19211,3600,1400,0,1200,2000,1000,0
credit_classification_train_001834,20000,45,0,0,0,0,-2,-2,13243,11699,12372,0,-800,0,1500,5017,0,0,800,0,0
credit_classification_train_001835,140000,36,0,0,0,0,0,0,123474,125565,120847,121040,107310,105958,4409,4505,4100,3800,4000,3900,1
credit_classification_train_001836,50000,49,0,0,0,0,0,0,36869,31255,28040,20799,9584,9788,1615,2507,10814,344,359,401,0
credit_classification_train_001837,50000,23,0,0,0,0,0,0,47662,41023,42162,6765,19286,9558,2000,2102,255,3000,191,0,0
credit_classification_train_001838,250000,45,-2,-2,-2,-2,-2,-2,2218,4912,412,6264,5880,0,4940,416,6303,5880,0,230,0
credit_classification_train_001839,200000,51,0,-1,0,0,-1,0,102847,52556,34369,14240,23762,18198,52556,2003,1000,26068,10019,61500,0
credit_classification_train_001840,30000,30,0,0,0,0,0,0,27851,29490,29200,29400,50000,0,2100,1500,600,600,0,0,0
credit_classification_train_001841,50000,45,-1,-1,-1,-1,-1,-1,390,390,390,390,390,390,390,390,390,390,390,390,1
credit_classification_train_001842,60000,36,0,0,0,0,0,0,34364,34246,13266,19876,19274,17923,5000,1029,19507,1000,358,3045,0
credit_classification_train_001843,110000,39,0,0,0,0,0,0,132062,126641,120209,112912,85884,87764,5000,5000,3600,3200,4000,3000,0
credit_classification_train_001844,50000,29,1,-2,-2,-2,-2,-1,0,0,0,0,0,429,0,0,0,0,429,250,0
credit_classification_train_001845,30000,42,0,0,0,0,0,0,22943,47912,25023,25768,26410,27960,1700,1755,1500,1000,1909,1000,0
credit_classification_train_001846,220000,37,0,0,0,0,0,0,34339,35075,32355,31573,51279,53590,1294,2000,2000,30000,3000,2000,0
credit_classification_train_001847,120000,39,-1,-1,-1,-1,-1,-1,30000,0,10780,0,12000,0,0,10780,0,12000,0,1000,0
credit_classification_train_001848,360000,29,0,0,0,0,0,0,90071,83204,75869,58219,45605,32245,3032,2311,1570,1500,983,3000,0
credit_classification_train_001849,400000,57,-1,0,0,-1,0,0,17253,161057,192054,20660,18242,15609,160002,42263,20663,6020,3500,1003,0
credit_classification_train_001850,20000,22,0,0,0,0,0,-1,9493,10531,11557,12546,9900,1000,1500,1500,1500,800,1500,0,0
credit_classification_train_001851,20000,46,1,2,2,2,0,0,16626,16071,19205,19712,19249,38900,0,3473,1000,727,1100,1100,1
credit_classification_train_001852,360000,37,-2,-2,-2,-2,-2,-2,10072,7728,2344,9536,9043,0,7728,2344,9536,9043,0,2909,0
credit_classification_train_001853,150000,47,0,0,0,0,0,0,89327,90666,91721,93063,92758,93876,4539,4218,4204,3296,3408,3416,0
credit_classification_train_001854,100000,25,0,0,0,0,0,0,18883,20272,22577,21037,22373,23352,2000,3000,1000,2000,1500,1000,0
credit_classification_train_001855,630000,47,0,0,0,-1,-1,-2,37850,68187,1207,2632,8654,0,38187,1207,2632,8654,0,4981,0
credit_classification_train_001856,500000,59,0,0,0,0,0,0,197792,201418,205895,212010,214287,218266,7200,8000,10010,7500,7266,6218,0
credit_classification_train_001857,150000,35,0,0,0,-1,-1,-1,60015,72227,51364,54340,0,2129,20000,30000,54340,0,2129,0,0
credit_classification_train_001858,50000,23,-1,-1,0,0,-1,-1,2165,14796,20816,11804,1420,0,15000,20300,9500,1420,0,0,1
credit_classification_train_001859,70000,22,0,0,0,0,0,0,52899,45758,37858,29660,29519,29457,1726,3028,1026,1195,1060,1031,0
credit_classification_train_001860,100000,28,0,0,0,0,0,-2,188853,180765,64653,10388,3762,1434,5003,3018,1400,3786,1774,12714,0
credit_classification_train_001861,60000,35,0,0,0,2,2,2,10560,11312,13050,12578,14008,13179,1200,1900,0,1600,0,500,1
credit_classification_train_001862,80000,39,-2,-2,-2,-2,-2,-2,0,0,0,0,0,0,0,0,0,0,0,0,0
credit_classification_train_001863,10000,47,0,0,0,0,0,0,2855,3871,4883,5053,5275,0,1069,1081,251,375,0,0,1
credit_classification_train_001864,20000,38,-1,-1,-1,0,0,-1,10462,3327,19305,17748,8269,1074,10287,19305,355,0,1074,0,0
credit_classification_train_001865,50000,28,2,2,2,0,0,0,47237,50632,49546,49448,19887,38212,4500,0,1713,1003,699,800,1
credit_classification_train_001866,170000,49,0,0,0,0,0,0,163951,136825,140450,116293,118759,108766,5100,6000,4000,4000,3200,2200,0
credit_classification_train_001867,30000,24,-1,-1,-1,-1,-1,-1,9280,2643,3415,2250,2486,844,2643,3415,2250,2486,844,0,1
credit_classification_train_001868,210000,34,0,0,0,0,0,0,73329,74261,75602,76062,76287,76971,2700,3500,3300,3000,3000,3000,0
credit_classification_train_001869,180000,25,0,0,0,0,0,0,109030,177633,139415,136942,114632,117808,78266,5203,30023,10024,10000,4458,0
credit_classification_train_001870,80000,36,0,0,0,0,0,0,20366,21084,22411,23624,23964,25661,1352,1679,1892,870,2096,0,0
credit_classification_train_001871,260000,31,-1,-1,-1,-1,-1,0,1629,933,2218,4068,9829,21270,933,2220,4068,9829,11680,553,0
credit_classification_train_001872,30000,22,0,0,0,0,0,0,30190,28985,28724,29357,30188,26316,1532,2169,1000,1200,2000,1500,1
credit_classification_train_001873,60000,30,2,2,2,2,2,2,34735,33895,36530,37133,37893,37131,0,3200,1500,1500,0,1700,0
credit_classification_train_001874,410000,30,-2,-2,-2,-2,-2,-2,0,8417,0,2830,0,0,8417,0,2830,0,0,500,0
credit_classification_train_001875,260000,40,-1,-1,-1,-1,-1,0,411,209,217,613,2339,1474,209,217,613,2339,0,1254,0
credit_classification_train_001876,150000,40,0,0,0,0,0,0,21001,12406,14587,59974,51049,47079,4000,2500,55000,1115,1000,0,0
credit_classification_train_001877,150000,29,0,0,0,0,0,0,149278,142117,144947,140696,143607,136575,3984,3825,3361,3469,3812,3020,0
credit_classification_train_001878,220000,34,0,0,0,0,0,0,29549,28267,29708,25407,25109,23320,2000,3000,800,5000,5000,2000,0
credit_classification_train_001879,320000,33,-1,-1,-1,-1,-1,-1,3077,1651,1060,4070,2695,7544,1661,1060,4070,2700,7544,3563,1
credit_classification_train_001880,50000,58,0,0,0,0,0,0,31236,30141,18683,19055,19462,19343,3088,1500,651,682,680,595,0
credit_classification_train_001881,80000,23,0,0,-1,0,0,0,80715,82687,80613,80671,72785,74313,5000,81000,2776,2600,2696,2812,0
credit_classification_train_001882,20000,41,1,2,2,0,0,0,10774,11596,11119,12429,12370,12659,1300,0,1502,443,489,2961,1
credit_classification_train_001883,50000,27,1,2,2,2,2,2,19096,18492,21186,22538,22274,22767,0,3000,2000,400,1000,0,0
credit_classification_train_001884,30000,44,-1,-1,0,0,0,-1,2436,11376,21354,28308,23346,10784,11378,11004,9003,3349,10785,8984,0
credit_classification_train_001885,310000,46,-1,-1,-1,-1,-1,-1,15431,10414,21209,91238,18293,14332,10414,21229,91254,18293,14332,15785,0
credit_classification_train_001886,200000,30,-1,-1,2,-1,-1,-1,1120,1100,740,740,890,740,1100,0,740,890,740,740,0
credit_classification_train_001887,200000,32,-1,-1,0,0,-1,-1,80,89691,91517,72739,389,389,90001,3935,3759,390,390,390,0
credit_classification_train_001888,30000,22,0,0,0,0,0,0,30719,30123,30112,26763,22303,24397,1900,1626,1267,766,10000,919,0
credit_classification_train_001889,360000,63,1,-2,-1,-1,-1,-1,-3,-3,590,-10,2162,3528,0,593,0,2172,3545,0,1
credit_classification_train_001890,130000,22,0,0,0,0,0,0,34970,14867,10341,9788,7193,9006,2012,2000,2290,1005,4078,713,0
credit_classification_train_001891,50000,41,0,0,0,0,0,0,48619,48647,49859,50700,46174,47430,2100,2300,2025,1800,2000,2100,0
credit_classification_train_001892,200000,59,0,0,0,0,0,0,92215,94085,96174,98116,99490,101412,4300,4500,4438,3900,3800,3500,0
credit_classification_train_001893,230000,42,-2,-2,-2,-2,-2,-1,7906,2131,5733,4292,4694,4709,2138,5756,4303,4711,4741,6037,0
credit_classification_train_001894,90000,48,2,2,2,0,0,0,87673,94448,91211,38041,42605,41396,9100,0,1170,5000,18000,5000,1
credit_classification_train_001895,20000,50,-1,-1,-1,-1,-2,-2,5141,3455,6906,0,0,0,3754,6906,290,0,0,0,1
credit_classification_train_001896,360000,26,-1,-1,-1,-1,-1,-1,273,3558,1489,-356,9824,2010,3558,1489,0,10560,2010,1491,0
credit_classification_train_001897,20000,50,0,0,0,0,0,2,5519,6620,7556,8570,10020,9715,1200,1200,1300,1600,0,600,0
credit_classification_train_001898,10000,23,-1,2,-1,-1,-1,-1,780,390,390,0,780,0,0,390,0,780,0,0,1
credit_classification_train_001899,200000,29,0,0,0,0,0,2,7468,34399,36792,49648,33498,30895,30035,10008,15011,5010,153,14100,0
credit_classification_train_001900,160000,32,0,0,0,0,0,0,156098,156259,155404,153234,156731,155818,6000,6000,5600,6000,6000,5500,0
credit_classification_train_001901,130000,42,0,0,0,-1,-1,-1,49363,47432,94050,21000,858,2160,5026,5000,21000,858,2160,200,0
credit_classification_train_001902,70000,22,3,2,2,0,0,0,71501,71769,68530,29959,29315,28805,1966,49,1168,1032,1200,1200,0
credit_classification_train_001903,500000,49,-1,-1,-1,-1,-1,-1,12536,27882,35031,42145,7347,152769,28023,35477,42360,7387,153532,15603,0
credit_classification_train_001904,210000,41,-1,-1,2,0,0,-1,390,1732,1170,780,390,69438,1732,0,0,0,69438,3750,1
credit_classification_train_001905,420000,32,0,0,2,2,-2,-2,203843,21400,800,0,0,0,3200,0,0,0,0,0,0
credit_classification_train_001906,150000,44,-1,-1,-1,-1,-1,0,4825,3003,6164,3370,7279,4445,3018,6201,3386,7299,1166,5,0
credit_classification_train_001907,320000,58,-1,2,-1,0,0,-1,380,64,948,632,316,316,0,1200,0,0,316,316,0
credit_classification_train_001908,80000,52,0,0,0,0,0,-1,42635,39508,36060,30470,18306,7432,1623,1740,1200,366,7432,0,0
credit_classification_train_001909,30000,31,0,0,2,0,0,0,29493,19433,18782,19006,19637,21251,3200,0,742,1000,2000,0,0
credit_classification_train_001910,50000,45,1,2,0,0,0,0,49436,48342,49140,49451,20921,20058,0,2065,1376,701,705,706,1
credit_classification_train_001911,100000,44,0,0,0,0,2,0,81786,84489,86298,90857,89208,91119,3400,3400,6200,0,2800,2800,0
credit_classification_train_001912,70000,25,0,0,0,0,0,0,19508,19633,19685,18887,19073,20208,2000,2000,1000,2000,3003,3007,0
credit_classification_train_001913,440000,54,-1,-1,-1,-1,0,0,8517,0,241,8544,1361,855,0,241,8598,857,4,2227,0
credit_classification_train_001914,40000,24,2,0,0,0,0,0,19012,20018,21047,22360,22499,22969,1326,1355,1668,807,834,837,1
credit_classification_train_001915,30000,25,0,0,0,0,0,2,22821,23846,24864,25360,26999,26414,1397,1415,911,2051,0,1500,0
credit_classification_train_001916,100000,43,0,0,0,0,0,0,43970,45756,46680,47926,49028,49561,2500,2000,2000,2001,2014,1605,0
credit_classification_train_001917,130000,25,0,0,0,0,0,0,14351,10473,9429,10413,7874,7158,2000,3000,3000,4000,1000,2000,0
credit_classification_train_001918,60000,38,2,0,0,0,2,2,30013,31226,32396,34657,35456,34736,2000,2000,2800,1500,0,1500,1
credit_classification_train_001919,250000,31,0,0,0,0,0,0,142905,113367,93844,74441,74553,64640,4000,4100,3010,2205,2045,2200,0
credit_classification_train_001920,130000,27,1,2,2,2,-2,-1,60024,58104,54976,-3518,-1285,1601,4000,0,1580,1580,3202,0,0
credit_classification_train_001921,80000,36,0,0,0,0,0,0,77998,77452,74773,76908,77068,78434,3700,3500,4000,3200,4000,2700,0
credit_classification_train_001922,120000,57,-2,-2,-2,-2,-2,-2,0,644,377,0,0,0,644,377,0,0,0,0,0
credit_classification_train_001923,270000,25,0,0,0,0,0,0,184560,178592,170225,156719,151716,153519,6061,6081,5072,5009,5254,4069,0
credit_classification_train_001924,240000,33,0,0,0,0,0,0,239009,243242,242128,216017,199069,202358,15018,35521,20003,7009,15018,20100,0
credit_classification_train_001925,280000,36,1,-2,-2,-1,-1,-2,124,0,0,428,0,0,0,0,428,0,0,0,0
credit_classification_train_001926,180000,25,0,0,0,0,2,2,4745,5765,6631,8386,8109,8820,1257,1123,1878,0,1000,0,0
credit_classification_train_001927,80000,33,0,0,3,2,0,0,73397,82151,80296,77848,76508,78396,10000,0,0,2788,3171,3000,0
credit_classification_train_001928,120000,26,0,0,0,0,0,0,103452,104546,105326,111987,112652,114337,4000,4000,10000,4000,5000,4200,0
credit_classification_train_001929,100000,27,0,0,0,0,0,0,83587,85389,86981,81522,81171,79766,3151,3065,2892,2936,3000,3000,0
credit_classification_train_001930,30000,42,0,0,0,-1,-1,-2,26504,28056,27987,1812,0,0,2000,2000,2000,0,0,0,0
credit_classification_train_001931,160000,41,-1,-1,-1,-1,-1,2,776,230,1350,1310,2374,1444,230,1500,1310,1444,0,1000,1
credit_classification_train_001932,170000,23,0,0,0,0,0,0,139172,140837,139639,146931,98827,100833,4970,5300,10000,3500,3500,4000,0
credit_classification_train_001933,340000,43,1,-2,-2,-2,-2,-2,-15,-15,-15,-15,-15,-15,0,0,0,0,0,0,1
credit_classification_train_001934,220000,40,0,0,0,0,0,0,220091,203554,207953,156699,157883,161208,7797,8201,7302,5437,5651,5683,0
credit_classification_train_001935,250000,32,0,0,-2,-2,-2,-2,39936,16666,16998,17504,0,0,8666,16998,17504,0,0,0,0
credit_classification_train_001936,280000,37,1,-2,-2,-1,-1,-1,0,0,0,539,94,3582,0,0,539,0,3582,392,0
credit_classification_train_001937,60000,24,2,3,2,2,2,0,34708,33866,33041,35284,31602,32221,0,0,2900,0,1200,1409,1
credit_classification_train_001938,50000,24,2,2,7,7,7,7,2400,2400,2400,2400,2400,2400,0,0,0,0,0,0,1
credit_classification_train_001939,50000,23,2,2,2,0,0,0,44470,51192,48506,18524,19239,19283,7800,173,1000,1000,1000,1000,0
credit_classification_train_001940,340000,26,-1,-1,-1,-1,-1,-1,4617,13054,15449,9610,4173,12929,13054,15449,9610,4373,12929,8000,0
credit_classification_train_001941,140000,32,0,0,0,0,0,0,83768,79736,76167,66410,71150,75781,5000,6029,8000,6000,6000,3000,0
credit_classification_train_001942,150000,37,-2,-2,-2,-2,-2,-2,0,0,0,0,0,0,0,0,0,0,0,0,0
credit_classification_train_001943,30000,37,3,3,3,2,0,0,27672,28911,29163,28380,28636,30290,2000,1000,0,1000,2100,1500,1
credit_classification_train_001944,110000,32,0,0,0,0,0,0,97510,92152,94503,95571,91794,80365,3300,3838,3056,8000,3000,3200,0
credit_classification_train_001945,260000,31,0,0,-1,0,0,0,33142,34048,55117,57782,184810,171006,2000,56714,4100,160000,7000,7000,0
credit_classification_train_001946,180000,49,-2,-1,-1,-2,-2,-1,106,3166,106,59,-47,347,3166,106,59,47,570,106,0
credit_classification_train_001947,260000,28,0,0,0,0,0,0,234867,237497,215343,205576,207688,198955,10500,9150,7500,8000,7500,7100,0
credit_classification_train_001948,60000,57,0,0,0,0,0,0,59617,47807,35136,34163,27197,26528,3099,3000,5005,2000,4001,3016,0
credit_classification_train_001949,240000,28,0,0,0,0,0,0,199671,193523,187389,181348,174998,168176,7000,7000,7000,6500,6000,6000,0
credit_classification_train_001950,70000,47,1,2,0,0,2,2,64586,62983,64885,68164,66948,71122,0,2950,4965,0,5289,0,0
credit_classification_train_001951,170000,27,-1,-1,-1,0,0,0,414,-1020,25607,23922,24399,24919,0,27107,1500,863,903,3000,1
credit_classification_train_001952,480000,39,0,0,0,-1,0,0,98569,106660,400000,66270,80274,82160,10620,302000,66270,15000,3044,30042,1
credit_classification_train_001953,540000,50,0,0,0,0,0,0,66637,66665,66513,67149,66880,67667,3100,3070,3100,2320,2796,3500,0
credit_classification_train_001954,280000,30,0,0,0,0,0,0,100740,104055,106380,112596,114235,117232,5000,4000,8000,5000,5000,18000,0
credit_classification_train_001955,700000,34,-2,-2,-2,-2,-2,-2,1878,4343,804,778,1913,200,4354,804,778,1916,200,628,0
credit_classification_train_001956,160000,42,2,2,0,0,0,0,152630,95758,97251,98010,99669,101664,0,4385,3639,3762,3800,3897,1
credit_classification_train_001957,230000,55,0,0,0,0,0,0,208273,214423,214585,170063,176893,183699,10012,10000,10000,10000,10000,10000,0
credit_classification_train_001958,50000,54,0,0,0,0,0,0,48092,35513,35230,32888,19624,20112,2500,2500,3000,2000,2000,2500,0
credit_classification_train_001959,20000,33,0,0,0,0,0,0,20023,20239,19164,19393,19725,20054,1300,1400,1300,1000,1000,1000,0
credit_classification_train_001960,220000,39,-1,-1,0,-1,-1,-1,875,1093,3572,7330,0,3995,1093,2518,7409,0,3995,2028,1
credit_classification_train_001961,370000,41,-2,-2,-2,-2,-2,-2,1442,9750,0,30100,0,0,9750,0,30100,0,0,0,0
credit_classification_train_001962,110000,41,0,0,0,0,0,0,53497,51110,48995,46772,33220,31858,2510,2509,2031,1507,2032,1521,0
credit_classification_train_001963,160000,33,-1,2,-1,-1,-2,-2,2364,1095,2190,0,0,0,0,2190,0,0,0,0,1
credit_classification_train_001964,500000,35,-1,-1,-1,-1,-1,-1,3290,10881,2517,2957,889,40855,11000,2517,2957,1000,41000,170,1
credit_classification_train_001965,500000,32,0,0,0,0,0,0,253767,222365,207026,203513,202853,202404,10000,10000,7000,7000,6799,7000,0
credit_classification_train_001966,210000,30,-1,-1,-1,-1,0,0,7056,2881,1166,13740,6813,2144,3033,1172,13940,0,0,0,0
credit_classification_train_001967,140000,39,0,0,0,0,0,0,131764,134654,138303,119845,122457,125487,6500,7500,5000,4700,5228,4500,0
credit_classification_train_001968,320000,35,0,0,0,0,0,0,10125,11475,12549,10853,11755,7559,1526,1600,1098,1000,272,300,0
credit_classification_train_001969,220000,36,-1,-1,-1,-1,0,-1,16783,4861,2267,1350,925,11597,4880,2267,1350,0,11597,178577,0
credit_classification_train_001970,320000,31,-1,-1,-1,0,-1,-1,66604,9293,19905,15645,11388,28017,9293,19905,15452,11388,28017,19364,0
credit_classification_train_001971,50000,25,0,0,0,0,0,0,44894,43924,36549,32665,20246,19968,5003,5016,4000,2000,2000,2000,0
credit_classification_train_001972,80000,25,-1,-1,-1,-1,-1,-1,416,416,416,416,416,416,416,416,416,416,416,416,0
credit_classification_train_001973,500000,45,-1,-1,-1,-1,-1,-1,37875,150573,32413,193427,21978,38102,162003,32611,200967,22074,38272,3491,0
credit_classification_train_001974,50000,37,0,-1,-1,2,0,0,16090,38710,43085,42093,44393,45682,38710,5000,0,3000,2000,5000,0
credit_classification_train_001975,60000,33,0,0,0,0,0,0,59615,59570,60851,56113,30326,30038,2300,2317,2500,1100,1300,1198,0
credit_classification_train_001976,80000,43,2,2,2,3,3,2,66852,68152,71459,73690,71908,76294,3000,5000,4000,0,5700,0,1
credit_classification_train_001977,150000,41,0,0,0,0,0,0,140172,141528,141411,143748,147159,151185,5507,4007,5001,5003,6001,5000,0
credit_classification_train_001978,210000,45,0,0,0,0,0,0,56024,57148,58338,59529,60720,61980,1836,1897,1936,1952,2013,9062,1
credit_classification_train_001979,200000,27,0,0,2,0,0,0,25334,26203,25652,25162,24995,23901,2204,1004,1004,1013,2018,4,0
credit_classification_train_001980,120000,35,0,0,0,0,0,0,71708,72047,67080,68660,69411,2855,3200,3000,3700,3500,1000,68074,0
credit_classification_train_001981,210000,53,0,0,2,0,0,0,88680,86225,84144,86894,88779,90641,7350,0,4000,3153,3268,3202,0
credit_classification_train_001982,80000,32,0,0,0,0,0,0,77385,79038,80899,79387,81593,80254,2900,3200,3000,3500,3100,6200,0
credit_classification_train_001983,80000,49,0,0,0,0,-2,-2,77985,80886,82150,0,0,0,4200,3800,0,0,0,0,0
credit_classification_train_001984,60000,23,2,2,2,2,2,2,26596,29332,28577,30805,31601,32349,3500,0,2709,1600,1400,1300,1
credit_classification_train_001985,20000,27,0,0,0,0,0,-2,18290,20144,19106,19292,0,0,2458,1200,386,1000,0,0,0
credit_classification_train_001986,50000,57,0,0,-1,0,0,0,53320,52754,27231,26852,27820,25529,1300,50499,1000,1500,1500,1000,0
credit_classification_train_001987,20000,21,0,0,0,0,0,-2,13203,4443,3259,2969,0,0,1036,1132,2000,0,0,0,0
credit_classification_train_001988,40000,38,0,0,3,2,2,2,35183,39197,39477,39924,39004,41462,4600,1200,1400,0,3069,0,1
credit_classification_train_001989,100000,29,-1,-1,-1,0,-1,-1,2494,1999,6632,6150,10122,2689,2005,6633,18,10152,2697,3607,0
credit_classification_train_001990,50000,34,-2,-2,-2,-2,-2,-2,588,592,390,390,280,720,592,390,390,280,913,390,0
credit_classification_train_001991,500000,41,0,0,0,0,0,0,171565,184782,152365,139757,153348,127391,20241,20154,20019,20151,20037,21,0
credit_classification_train_001992,80000,59,0,0,0,0,0,0,75662,70073,53169,50875,50372,49470,3212,2106,2000,1603,1903,2006,0
credit_classification_train_001993,300000,36,0,0,0,0,0,0,147051,138726,139649,104245,56788,57920,6700,5800,5000,2200,2200,2600,0
credit_classification_train_001994,340000,45,-2,-2,-2,-2,-2,-2,5754,480,2532,-36,105668,5490,482,2544,2,106196,5517,433,0
credit_classification_train_001995,90000,29,0,0,0,0,0,0,83683,65192,46273,46979,48139,44432,4000,3000,1700,2000,1591,2647,0
credit_classification_train_001996,80000,36,0,0,0,0,0,0,65205,72922,74943,75399,53373,55554,20000,5000,3000,5000,3000,3000,0
credit_classification_train_001997,170000,52,-1,-1,2,-1,-1,-1,2939,5447,416,7509,6387,1516,3000,5,7509,6387,1666,3023,0
credit_classification_train_001998,200000,37,0,0,0,0,-1,0,21111,25562,8603,28692,29019,43308,5000,5000,20089,30000,15093,15051,0
credit_classification_train_001999,190000,55,0,0,0,0,0,0,104344,106814,104047,88269,90264,88823,6003,5009,5750,3500,3500,3200,0
credit_classification_train_002000,60000,29,-1,-1,-1,-1,0,-1,5557,7587,7058,8127,4557,2992,7587,8028,8127,15,2992,7695,0
credit_classification_train_002001,110000,26,0,0,0,0,0,0,45028,46276,47527,48735,49925,50967,2000,2000,2000,2000,2000,2500,0
credit_classification_train_002002,260000,35,-2,-1,-1,-1,-2,-2,-48,4001,5975,0,0,0,4261,6000,0,0,0,0,0
credit_classification_train_002003,40000,48,0,0,0,0,0,0,69282,36108,37112,37695,38580,0,3500,1750,1300,1409,0,0,0
credit_classification_train_002004,50000,49,2,0,-1,-1,-1,0,38947,37799,3,18080,12227,13296,2000,1000,19000,12500,2000,2000,1
credit_classification_train_002005,300000,27,0,0,0,0,0,0,183468,180149,168098,181257,175362,179536,10000,6500,20000,7000,7000,7000,0
credit_classification_train_002006,150000,36,2,2,2,2,2,2,100247,109909,112453,113318,114268,116688,12924,5800,4200,4300,4400,4700,1
credit_classification_train_002007,30000,54,0,0,2,2,2,2,10568,13075,13565,13055,13525,0,3000,1000,0,1000,2000,0,0
credit_classification_train_002008,110000,25,0,0,0,0,0,0,103135,99731,101945,82873,68587,65648,4800,5000,4000,3000,2500,2600,0
credit_classification_train_002009,50000,40,1,2,2,2,2,0,37458,38514,30266,30897,30050,24651,2010,0,2000,0,2000,2000,0
credit_classification_train_002010,390000,48,0,0,0,0,0,0,32708,34849,34370,4968,5595,5318,3000,1500,1000,1004,2003,5407,0
credit_classification_train_002011,70000,36,0,0,0,0,0,0,67864,59165,29314,28844,29443,30101,2044,1773,1181,1215,1297,1008,0
credit_classification_train_002012,420000,30,0,0,0,0,-1,-1,34567,36416,7406,0,12150,150,10000,2056,0,12150,150,399,0
credit_classification_train_002013,500000,45,-1,-1,-1,-1,-1,-1,5307,6583,5650,4472,67798,65653,6616,5678,4495,67969,65814,38464,1
credit_classification_train_002014,50000,38,0,0,0,0,0,0,50620,47164,48004,49307,19218,19465,3000,3014,6047,1000,2320,3000,0
credit_classification_train_002015,170000,27,-1,2,2,-2,-2,-2,1170,780,0,0,0,0,0,0,0,0,0,0,0
credit_classification_train_002016,80000,25,0,0,0,0,0,0,3409,4489,5345,5454,5598,178,1144,1000,109,144,0,0,0
credit_classification_train_002017,20000,33,0,0,0,0,0,2,12518,12889,9638,8878,6474,2771,1300,1000,1000,500,0,0,0
credit_classification_train_002018,50000,45,0,0,0,0,0,0,22352,23244,20791,22104,22237,22703,1324,1351,1664,797,825,1030,0
credit_classification_train_002019,120000,31,1,-1,-1,0,-1,-1,0,1730,2457,2192,2655,0,1730,2459,0,2655,0,0,1
credit_classification_train_002020,180000,27,0,0,0,0,0,0,53490,54552,56300,56831,57958,59330,1952,2627,2063,2072,2303,2500,0
credit_classification_train_002021,280000,30,-1,-1,-1,-2,-2,-2,26679,52223,25088,9427,2829,198,52223,25100,9427,2838,198,4139,0
credit_classification_train_002022,280000,31,-2,-2,-2,-2,-2,-2,-6,-6,1345,-5,-5,985,0,1351,0,0,990,3090,0
credit_classification_train_002023,150000,25,-1,0,-1,-1,-1,-2,18836,5312,740,10,0,0,2000,740,1410,0,0,0,0
credit_classification_train_002024,230000,32,-2,-2,-2,-2,-2,-2,1168,698,2371,4524,299,395,698,2371,4524,299,395,0,0
credit_classification_train_002025,230000,30,0,0,0,0,0,0,74664,63540,66131,58430,72617,66787,3000,10000,10000,20145,11745,686,0
credit_classification_train_002026,20000,24,1,2,0,0,2,0,6025,5786,10471,11542,11216,14834,0,5000,1550,0,4000,4026,1
credit_classification_train_002027,110000,43,0,0,0,0,0,0,92244,93815,97307,99666,102082,105500,4500,5000,4000,4000,5000,6804,0
credit_classification_train_002028,260000,30,-1,0,-1,-1,-1,-1,27378,17082,13333,99,99,172104,10018,13333,99,99,172104,30013,0
credit_classification_train_002029,200000,49,2,2,2,2,2,2,91140,93011,90634,95464,99894,98171,4200,0,7260,6100,0,3800,1
credit_classification_train_002030,330000,48,-1,-1,-1,-1,0,0,933,12663,10151,60841,41945,21183,12701,10183,62619,1945,1183,115647,0
credit_classification_train_002031,640000,33,-1,-1,-1,0,0,0,21189,4242,32110,62649,63218,53151,4258,32120,34000,5037,0,13855,0
credit_classification_train_002032,220000,44,2,2,0,0,0,0,195375,185993,184568,168683,158742,161499,10,8304,7356,5300,5550,5050,0
credit_classification_train_002033,360000,39,-1,-1,-1,-1,-1,-1,10027,8929,34635,26645,18088,8703,8975,34825,26674,18112,8719,4861,0
credit_classification_train_002034,50000,33,0,0,0,0,0,0,16149,13662,14675,14967,15282,15585,1223,1236,528,548,550,569,0
credit_classification_train_002035,80000,33,0,0,0,0,-2,-1,59796,60722,31023,-2639,-2787,34732,5000,14016,0,2000,38000,6000,0
credit_classification_train_002036,160000,28,-2,2,0,0,0,0,4145,3930,5859,10299,11825,13121,0,2000,5008,3007,2000,2000,0
credit_classification_train_002037,80000,22,0,0,0,-1,-1,0,23023,23480,0,780,23818,23917,2100,0,780,23818,1011,1000,0
credit_classification_train_002038,10000,33,2,2,2,0,0,0,7486,9354,7183,7814,7814,7190,3000,0,1000,0,0,0,0
credit_classification_train_002039,220000,41,2,0,0,2,0,0,27094,27819,30363,29579,48933,97187,1465,3009,0,20000,50000,1240,0
credit_classification_train_002040,440000,29,0,0,0,0,0,0,169661,167199,158520,156977,157963,151936,8071,9021,7013,6013,6028,6010,0
credit_classification_train_002041,180000,32,1,2,2,2,0,0,15548,15009,17752,17172,18732,23389,0,3000,0,2000,5000,2000,1
credit_classification_train_002042,200000,37,-1,0,0,0,0,0,97821,97934,44716,42073,42867,33876,4220,2029,2073,2867,3876,2295,0
credit_classification_train_002043,120000,45,1,-1,0,0,0,0,0,106257,108360,109121,109061,112079,106257,5400,4000,3944,4817,8892,1
credit_classification_train_002044,100000,36,0,0,0,0,0,0,66470,36825,76561,39434,48351,20800,2000,3000,4200,22000,1200,0,0
credit_classification_train_002045,220000,32,0,0,0,0,0,0,28853,29145,27171,22067,17831,15671,2000,4000,1420,2000,3000,30789,0
credit_classification_train_002046,70000,26,0,0,0,0,0,0,7053,9761,50926,48588,49323,50685,3000,45000,3000,2000,2500,2000,0
credit_classification_train_002047,420000,29,0,0,0,0,0,0,105582,97913,75353,78322,77048,23007,23004,20002,7096,20261,3068,10009,0
credit_classification_train_002048,50000,28,0,0,0,0,0,0,28157,28409,27589,27875,28539,29202,1430,1770,1446,1500,1500,1073,0
credit_classification_train_002049,360000,45,-1,-1,-1,-1,0,-1,2369,1367,8570,5625,3684,2804,1367,8570,5625,0,2804,2473,0
credit_classification_train_002050,220000,35,0,0,0,0,0,0,34819,30937,30348,23459,23200,21281,2006,2022,1002,1007,1000,1008,0
credit_classification_train_002051,80000,35,-1,-1,-1,-1,-1,-1,997,40297,6597,665,10117,0,40297,6597,3465,10117,0,665,0
credit_classification_train_002052,170000,52,3,2,2,-2,-1,-1,2184,1990,0,0,3955,1278,0,0,0,3955,1278,1316,0
credit_classification_train_002053,200000,45,0,0,0,0,0,0,14027,16016,16905,11791,7983,6327,5006,3024,2017,173,1002,3197,0
credit_classification_train_002054,300000,37,1,-1,2,0,0,0,-165580,324392,296931,30355,26771,23737,505000,331,1070,17771,18000,16079,0
credit_classification_train_002055,80000,27,0,0,0,0,0,0,36959,38042,38925,40274,41598,42926,2000,1800,2000,2000,2000,3000,0
credit_classification_train_002056,20000,22,0,0,0,0,0,0,14677,16625,17924,18674,15452,15882,3004,3006,3007,489,2110,2201,0
credit_classification_train_002057,250000,31,-1,-1,-1,-1,-1,-1,2198,7404,3186,5161,0,13714,7404,3186,5161,0,13714,3224,0
credit_classification_train_002058,340000,44,0,0,0,0,0,0,109424,111606,111704,110578,109932,111127,4032,4117,4199,4103,3900,3382,0
credit_classification_train_002059,20000,22,0,0,0,0,0,0,19614,19844,19929,18775,13854,10718,11630,1369,1162,524,606,0,0
credit_classification_train_002060,380000,42,2,-1,-1,-1,0,-1,326,326,326,652,326,29326,326,326,652,0,29326,326,1
credit_classification_train_002061,50000,23,0,0,0,0,0,0,21249,20771,17626,10078,9654,9648,1649,1300,500,500,300,500,0
credit_classification_train_002062,280000,44,0,0,0,0,0,0,286706,272243,203744,203520,207878,211812,10480,8041,7200,7500,7093,5702,0
credit_classification_train_002063,230000,30,-1,2,-1,0,0,-2,1855,187,6254,16549,6392,1828,0,6270,14085,6396,9,6172,0
credit_classification_train_002064,280000,33,0,0,0,0,0,0,265120,238661,223383,162196,165129,168295,9104,9401,6001,6001,6201,6201,0
credit_classification_train_002065,50000,49,0,0,0,0,0,0,90231,90647,92309,93880,99418,101392,2852,2784,2603,10000,3164,2868,1
credit_classification_train_002066,220000,44,-1,-1,-1,-1,-1,0,380,380,380,380,56663,57436,380,380,380,56663,2000,2000,0
credit_classification_train_002067,120000,24,0,0,0,0,0,0,32317,33496,34481,30102,30220,33523,2000,2000,2000,3000,6000,0,0
credit_classification_train_002068,30000,25,2,2,2,2,2,0,22422,24334,26087,26184,25563,26099,2600,2441,820,0,851,1678,0
credit_classification_train_002069,220000,41,0,0,0,0,0,0,119951,122336,126415,127447,129983,132727,4375,6047,4622,4652,4838,4838,0
credit_classification_train_002070,180000,29,-1,-1,-1,-1,-1,-1,1430,1785,435,2145,3090,4165,1785,435,2145,3090,4165,16828,0
credit_classification_train_002071,70000,31,0,0,0,0,0,0,60058,49647,43968,41127,39137,28712,1834,1608,1559,1630,1300,1000,0
credit_classification_train_002072,740000,35,2,-1,-1,-1,-1,-1,960,8154,1477,15713,8988,25449,8229,1487,15754,9012,25596,7003,1
credit_classification_train_002073,80000,26,0,0,0,-2,-2,-2,5844,6700,0,0,0,0,1067,0,0,0,0,0,0
credit_classification_train_002074,140000,42,0,0,0,2,0,0,117460,110301,107289,63778,41334,42664,7000,16000,0,3000,2000,2000,0
credit_classification_train_002075,50000,23,-1,-1,-1,0,0,0,2680,-1045,44316,45361,46135,46029,0,45361,1800,1503,1735,1724,0
credit_classification_train_002076,100000,37,-1,0,0,0,0,0,87055,84712,76202,72368,71384,70346,3000,3403,2656,2500,2600,3000,0
credit_classification_train_002077,390000,33,0,0,0,0,0,0,30209,31193,31440,38001,48301,28131,1804,2561,8122,11000,20015,1002,0
credit_classification_train_002078,20000,26,1,2,2,2,2,2,11338,10870,12380,11884,12894,12540,0,2000,0,1203,0,1700,0
credit_classification_train_002079,50000,24,0,0,0,0,0,0,33715,22824,17144,18104,19205,19014,6600,1900,1500,1500,1500,1500,0
credit_classification_train_002080,250000,43,0,0,0,0,0,0,82650,81977,24585,16753,17113,17298,3503,1553,1000,1000,1000,1382,0
credit_classification_train_002081,160000,48,0,0,2,0,0,0,153390,158421,152835,152638,142454,128895,15102,0,6000,5300,4784,4500,0
credit_classification_train_002082,200000,47,1,2,2,0,0,0,198663,201996,194396,166515,163673,145683,8013,13,8684,5500,7437,4600,1
credit_classification_train_002083,90000,42,-1,-1,-1,-1,-1,-1,1367,2086,2987,5850,2720,4541,2086,2987,5856,2720,4541,11387,0
credit_classification_train_002084,10000,51,1,2,0,0,2,2,2731,2541,3499,4441,4233,5566,0,1000,1000,0,2000,1170,0
credit_classification_train_002085,140000,30,-1,0,0,0,0,0,13626,21399,27923,32330,33374,38588,8399,6923,5330,2074,5588,20290,0
credit_classification_train_002086,160000,46,0,0,0,0,0,0,116988,114956,114531,106467,106967,109245,4200,5555,4000,4000,4000,4200,0
credit_classification_train_002087,200000,29,0,0,0,0,0,2,21326,30928,124497,126854,139660,145455,10000,95000,4552,15002,8000,0,0
credit_classification_train_002088,360000,40,-1,0,0,0,0,0,36560,34371,43052,43596,33762,33391,11028,15044,10115,14026,5104,20077,0
credit_classification_train_002089,450000,37,-2,-2,-2,-2,-2,-2,16666,16662,19428,2994,23787,41175,16662,19432,3005,23788,41214,36472,0
credit_classification_train_002090,50000,47,-1,-1,-1,-1,-1,-1,12785,19971,5095,14867,8037,2642,19982,5095,14867,8037,2642,7023,0
credit_classification_train_002091,500000,44,0,0,0,0,0,0,91718,93338,96781,98274,100528,102748,4000,5000,4000,4000,4091,6169,0
credit_classification_train_002092,210000,30,2,-1,-1,-1,-1,-1,300,300,1159,2280,300,4250,300,1159,2280,300,4250,909,0
credit_classification_train_002093,80000,27,1,2,0,0,0,0,81841,79062,74722,40151,28424,29059,15,2876,2052,625,693,84,1
credit_classification_train_002094,110000,27,0,0,0,0,0,-2,108435,109572,45907,5130,2889,78834,3509,1102,1014,2889,82718,3100,0
credit_classification_train_002095,360000,35,1,-2,-2,-2,-2,-1,0,0,0,0,0,1392,0,0,0,0,1392,12884,0
credit_classification_train_002096,130000,46,0,0,0,-2,-2,-2,125557,124900,0,0,0,0,2498,0,0,0,0,0,0
credit_classification_train_002097,350000,33,-1,-1,-2,-2,-2,-1,598,0,0,0,0,687,0,0,0,0,687,18296,0
credit_classification_train_002098,50000,45,-1,-1,2,-1,-1,-1,261,1305,1134,1073,1312,51,2305,0,1200,1500,0,0,0
credit_classification_train_002099,50000,25,1,2,2,0,0,2,43685,44694,43673,44659,49512,48454,2000,0,2000,6000,300,3000,0
credit_classification_train_002100,30000,39,0,0,0,0,0,0,10178,14491,15504,15812,16143,16606,4491,1257,565,585,730,1000,1
credit_classification_train_002101,10000,58,0,0,0,0,0,0,7569,8598,9590,9782,9986,9173,1158,1150,335,346,336,1323,0
credit_classification_train_002102,300000,42,0,0,0,0,0,0,281000,291482,297425,296884,241037,247383,15000,12039,13000,9000,10059,10000,0
credit_classification_train_002103,20000,27,1,2,0,0,0,2,18649,18066,19040,19446,20759,20241,0,1594,1000,1606,0,300,0
credit_classification_train_002104,10000,34,0,0,0,0,0,-2,8014,9170,9180,8300,0,0,1300,1000,1166,0,0,0,0
credit_classification_train_002105,280000,50,3,5,4,3,2,0,327918,321476,314931,176439,154010,134334,0,0,500,0,6267,2257,0
credit_classification_train_002106,110000,47,0,0,0,0,0,0,72897,72755,71698,72418,72293,73954,3290,3200,2700,2800,3000,2650,0
credit_classification_train_002107,240000,42,2,2,2,2,2,2,259511,258208,245397,245014,209834,195913,11000,0,12300,14288,0,6887,0
credit_classification_train_002108,70000,23,0,0,0,0,0,0,7531,8545,9588,10900,46462,47599,1145,1188,1500,36000,2000,1668,1
credit_classification_train_002109,80000,51,0,0,0,0,0,0,42731,23086,23661,24678,25766,26351,1365,1500,1412,1500,1000,1100,1
credit_classification_train_002110,310000,42,0,0,0,0,0,0,286506,262830,210583,210982,126502,102999,9297,8311,6928,3539,2991,2672,0
credit_classification_train_002111,210000,38,0,0,-1,-1,-1,-2,101776,14260,40236,19011,-1031,-4873,1032,40252,19011,0,0,0,0
credit_classification_train_002112,10000,23,0,0,0,0,0,0,6001,4308,3421,3615,4402,5173,2000,1500,400,1000,1000,500,0
credit_classification_train_002113,50000,23,0,0,0,0,0,0,33713,34437,28709,28386,28361,28449,5012,3000,3548,2500,2000,2000,0
credit_classification_train_002114,60000,23,1,2,-1,0,0,0,9491,9094,43457,34481,28695,26040,0,43460,1700,1100,1000,1000,0
credit_classification_train_002115,70000,25,0,0,0,0,0,0,63745,55670,47413,44590,45890,47126,2294,2100,1600,2000,2000,1750,1
credit_classification_train_002116,50000,24,1,2,0,0,0,0,51116,49042,54439,9753,9952,9352,0,2327,1072,199,9000,298,0
credit_classification_train_002117,140000,41,-2,-2,-1,-1,-2,-2,-10,-10,1066,0,0,0,0,1076,0,0,0,0,0
credit_classification_train_002118,220000,42,3,2,2,2,2,2,2500,2500,2500,2500,2500,2500,0,0,0,0,0,0,1
credit_classification_train_002119,100000,29,1,2,2,2,2,2,63542,66567,67564,67443,65106,70258,5000,3200,2500,0,6918,3520,0
credit_classification_train_002120,50000,39,2,2,2,2,2,0,31063,32051,33239,33571,32732,33416,1800,2000,1171,0,1211,1221,1
credit_classification_train_002121,20000,30,1,2,2,2,0,0,17260,19099,19309,18703,18937,20724,2422,816,0,685,2100,0,0
credit_classification_train_002122,170000,29,-2,-2,-2,-2,-2,-2,12159,10000,10000,10000,9983,15846,10000,10000,10000,9983,15863,10000,0
credit_classification_train_002123,300000,41,1,-2,-2,-2,-2,-2,390,390,780,390,390,5144,390,780,0,390,5144,390,0
credit_classification_train_002124,280000,33,0,0,0,0,0,0,266030,264176,267668,262905,260296,254023,12000,12001,12000,9510,10002,10000,0
credit_classification_train_002125,100000,43,-1,-1,-1,-1,-1,0,21293,70962,9217,1845,41194,40325,70973,9226,1845,41194,2920,1374,0
credit_classification_train_002126,70000,49,-1,-1,-1,-1,-1,-1,1261,2041,1261,2431,904,1801,2431,1261,2431,904,2191,0,1
credit_classification_train_002127,450000,31,-1,-1,-1,-1,-2,-2,5000,5000,5000,0,0,0,5000,5000,0,0,0,0,0
credit_classification_train_002128,20000,27,2,2,-2,-2,-1,-1,17311,0,0,0,4599,4779,0,0,0,4599,700,0,1
credit_classification_train_002129,150000,28,0,0,0,0,2,2,49278,50156,51849,54659,55681,53878,2000,2500,4300,2500,0,2800,0
credit_classification_train_002130,300000,38,0,0,0,0,0,-1,87118,56182,60039,52009,32862,3730,1691,10043,1065,164,3748,1132,0
credit_classification_train_002131,120000,50,1,-2,-2,-1,0,-1,0,-2008,-4016,4016,2008,8299,0,0,10040,0,8299,0,1
credit_classification_train_002132,200000,41,0,0,0,0,0,0,96910,92934,99528,100341,102585,108567,10000,7004,5000,5003,7345,7000,0
credit_classification_train_002133,500000,47,-1,2,-1,0,0,-1,7233,2321,18261,16456,11225,36770,0,18261,0,0,40270,0,0
credit_classification_train_002134,200000,39,-2,-2,-2,-2,-2,-2,15109,3139,12840,3950,7688,2241,3155,12848,3950,7690,2241,2795,0
credit_classification_train_002135,200000,34,-1,-1,-1,-1,-1,-1,13943,8943,1662,2553,1977,3175,8964,1662,2553,1977,3175,1804,0
credit_classification_train_002136,130000,29,1,-1,-1,-1,-1,0,-4,1198,101424,-1175,111715,52337,1202,101726,1228,114488,2000,2007,0
credit_classification_train_002137,130000,44,-1,2,2,-1,0,-1,632,316,0,632,316,316,0,0,948,0,316,316,0
credit_classification_train_002138,80000,25,0,0,0,0,0,0,80012,78748,76722,70370,64510,51695,3010,2700,2300,2500,2000,1400,0
credit_classification_train_002139,20000,45,-2,-2,-2,-2,-2,-2,1651,0,390,390,780,0,0,390,390,780,0,0,0
credit_classification_train_002140,180000,38,-1,-1,-1,-1,-1,-1,326,326,326,326,326,326,326,326,326,326,326,326,0
credit_classification_train_002141,30000,47,-1,-1,-1,-1,-1,-1,1355,5137,1392,696,0,696,5174,1392,696,0,696,696,0
credit_classification_train_002142,70000,40,1,2,2,0,0,0,56922,60047,56884,57717,26342,26342,5500,0,2723,1062,936,943,1
credit_classification_train_002143,230000,47,0,0,0,0,0,0,182787,173108,163937,90980,91180,90260,7000,5665,4154,3300,3418,3600,0
credit_classification_train_002144,120000,43,0,0,0,0,0,0,46889,47496,48307,49272,49016,43127,1856,1667,1632,1664,1880,1059,0
credit_classification_train_002145,30000,30,4,3,2,2,2,0,30562,29809,28920,29887,29525,25006,0,0,1900,15,1030,30802,0
credit_classification_train_002146,20000,27,0,0,0,0,-1,2,20443,19038,38730,-210,690,150,1558,1400,400,1290,0,780,0
credit_classification_train_002147,310000,44,1,-1,-1,-2,-2,-2,-42,7281,0,0,0,0,7323,0,0,0,0,0,0
credit_classification_train_002148,100000,27,1,2,0,0,0,0,77346,75513,77147,78200,78393,72214,0,3451,3000,2841,2620,2500,1
credit_classification_train_002149,90000,26,1,2,2,2,2,2,50200,49092,53295,53826,54548,55525,0,5000,2000,2200,2000,2500,0
credit_classification_train_002150,140000,28,-1,-1,-1,-1,0,-1,800,7937,9920,7078,3936,1555,7937,10132,7084,4,1555,0,0
credit_classification_train_002151,280000,52,-1,-1,-1,-1,-2,-2,886,0,930,0,0,0,0,930,0,0,0,0,0
credit_classification_train_002152,60000,28,0,0,0,2,0,0,20217,8376,7139,4254,4855,5355,1116,2420,0,800,1000,0,0
credit_classification_train_002153,300000,28,0,0,0,0,0,0,327724,325970,325020,319750,265136,262378,11250,11877,10487,7831,8092,7634,0
credit_classification_train_002154,30000,46,-1,-1,-1,2,0,0,2572,8822,5786,2749,28241,26960,8848,5869,0,26965,1066,3196,0
credit_classification_train_002155,150000,40,-1,0,0,0,0,0,4083,10193,12620,13027,17760,83146,6248,4620,3027,7050,75415,6056,0
credit_classification_train_002156,360000,31,1,-1,-1,-1,0,0,0,4260,3278,580,580,0,4260,3278,580,0,0,0,0
credit_classification_train_002157,610000,38,0,0,0,0,0,0,608594,624475,632041,516575,454845,456596,26868,22375,17221,15300,16000,18000,0
credit_classification_train_002158,600000,38,0,0,0,0,0,0,459600,372345,353121,337695,297541,256158,13713,13250,12854,11191,10029,10000,0
credit_classification_train_002159,50000,30,0,0,0,0,0,0,46791,42675,34256,30723,19766,20449,1593,1855,1341,706,1000,5454,0
credit_classification_train_002160,130000,25,0,0,0,0,-1,0,126454,128179,75525,76862,6131,27117,4252,3000,1537,10000,21300,651,0
credit_classification_train_002161,70000,42,1,2,0,0,0,0,70803,67344,59018,48033,48833,49736,10,2200,2100,1900,1841,1945,0
credit_classification_train_002162,90000,46,-1,-1,-1,-1,-1,-1,1829,2793,696,546,846,846,2793,696,546,996,846,696,0
credit_classification_train_002163,40000,26,1,-2,-2,-2,-1,0,0,0,0,0,2605,3554,0,0,0,2605,1000,2000,0
credit_classification_train_002164,20000,24,1,2,0,0,2,2,18817,18227,19632,20298,20337,19863,0,1720,1754,893,0,400,0
credit_classification_train_002165,50000,40,0,0,0,0,0,0,31297,30175,30140,29724,30316,29269,1476,1517,1451,1043,1048,1429,0
credit_classification_train_002166,150000,37,0,0,0,0,0,0,6039,5837,8770,8740,2323,5307,3000,3014,3086,2000,3003,3000,0
credit_classification_train_002167,120000,33,0,0,0,-1,-1,0,35563,25614,19747,1201,2333,2250,1426,6400,1500,2700,0,0,1
credit_classification_train_002168,270000,32,0,0,0,0,0,0,54914,55423,57875,57456,33334,31723,3000,5000,3300,1337,1500,1000,0
credit_classification_train_002169,80000,29,0,0,0,0,0,0,46724,35074,32812,25930,26414,27128,2000,2000,1100,1000,1100,1000,0
credit_classification_train_002170,160000,57,-1,-1,-2,-2,-1,-1,759,-660,-660,-660,340,596,209,0,0,1000,596,1436,1
credit_classification_train_002171,70000,37,0,0,0,0,0,0,68144,69548,70985,64905,48542,48525,2538,2607,2137,1714,1751,2153,0
credit_classification_train_002172,210000,27,1,-2,-1,2,-1,0,0,0,709,397,1026,1026,0,709,0,1026,0,0,0
credit_classification_train_002173,120000,37,-2,-2,-2,-2,-2,-1,3140,448,0,0,0,10614,448,0,0,0,10614,0,0
credit_classification_train_002174,90000,55,2,2,2,0,0,0,83040,81998,83674,80890,31565,33049,900,4003,3000,3000,3000,2000,1
credit_classification_train_002175,10000,46,1,2,2,2,2,2,7660,8689,8403,9505,8889,10263,1306,0,1735,0,2000,0,1
credit_classification_train_002176,120000,37,0,0,0,2,0,0,19821,20836,23562,22890,23189,23521,1651,3377,0,976,855,1011,0
credit_classification_train_002177,30000,21,0,0,0,0,0,0,28404,29009,29831,29992,21754,18519,1467,1679,1230,827,1000,1000,0
credit_classification_train_002178,40000,29,1,-2,-2,-2,-2,-2,0,0,0,0,0,0,0,0,0,0,0,0,0
credit_classification_train_002179,360000,30,-1,0,0,-1,0,0,11816,19726,26374,9781,8719,18076,10000,13021,9781,0,10000,8752,0
credit_classification_train_002180,140000,48,0,0,0,0,0,0,129915,132240,111948,58672,59199,54286,6000,3079,3000,2000,2000,56793,0
credit_classification_train_002181,40000,36,0,0,0,0,0,0,24230,25840,27556,27447,26254,29645,2000,2500,1500,1500,4000,0,0
credit_classification_train_002182,130000,28,0,0,0,0,0,0,132703,132258,133781,133834,132336,132614,5000,6900,7000,7000,6000,5500,0
credit_classification_train_002183,200000,40,-1,-1,-1,-1,-1,-1,2159,760,2775,22813,10526,326,1086,2775,22813,10526,326,573,0
credit_classification_train_002184,100000,50,2,0,0,3,3,2,53849,55030,61574,62470,61198,62524,2050,7500,2500,0,2500,2500,1
credit_classification_train_002185,720000,40,0,0,0,0,0,0,308274,209976,158694,148956,135217,85300,8500,6000,6000,5237,3000,8961,1
credit_classification_train_002186,50000,26,-1,2,2,-1,0,-1,5713,5406,-978,978,652,626,0,0,1956,0,626,0,1
credit_classification_train_002187,340000,30,0,0,-1,-1,0,0,20865,2611,3255,57920,23207,22659,2000,3255,57920,22659,2000,1000,0
credit_classification_train_002188,190000,32,-2,-2,-2,-2,-2,-2,8010,922,3200,15010,4575,7279,922,3208,15010,4575,7279,0,0
credit_classification_train_002189,80000,27,0,0,0,0,0,0,57376,58649,59873,61077,62394,63655,2200,2200,2200,2300,2300,2600,0
credit_classification_train_002190,50000,37,0,0,0,-1,0,0,4793,3594,0,5369,3746,9408,3000,0,5369,0,9000,10000,0
credit_classification_train_002191,80000,33,0,0,0,0,0,0,77244,78259,79286,69708,49743,48969,3492,3593,3006,1729,2000,1900,0
credit_classification_train_002192,500000,49,-1,-1,-1,-1,-1,-1,12939,28805,41027,36073,46096,103065,28954,41027,36073,46096,103065,154321,0
credit_classification_train_002193,130000,25,0,0,0,0,0,-2,119803,118737,113689,59473,-1518,-1518,5100,4600,3000,0,0,0,1
credit_classification_train_002194,20000,25,4,3,2,0,0,0,20610,20005,19331,19333,17363,16314,0,0,500,715,326,0,1
credit_classification_train_002195,150000,35,-2,-2,-2,-2,-2,-2,9164,14011,7715,8295,7301,4388,14021,7723,8295,7301,4388,1600,0
credit_classification_train_002196,470000,42,0,0,0,0,0,0,219081,285141,408974,361703,318251,310982,70000,140000,13000,11000,20000,8000,0
credit_classification_train_002197,110000,38,0,0,0,0,0,0,100699,88694,74647,49021,34594,23116,3530,3066,2033,2021,1024,1003,0
credit_classification_train_002198,260000,42,3,3,2,2,0,0,215521,210695,213758,208821,213083,217340,0,8000,0,7800,7800,8300,1
credit_classification_train_002199,180000,32,1,2,2,0,0,-2,17816,18247,33230,5168,0,0,1000,0,103,0,0,0,0
credit_classification_train_002200,200000,37,0,0,0,-1,-1,0,97645,99894,97400,4283,145769,143712,3952,4500,4283,148192,5133,5108,0
credit_classification_train_002201,500000,25,0,0,0,0,0,0,37797,35510,26463,23503,23918,23937,3050,1543,1215,3717,14014,12042,0
credit_classification_train_002202,500000,66,-1,-1,-1,-1,-1,-1,3718,1755,2988,11645,13237,303512,1755,2988,11645,13237,303512,0,0
credit_classification_train_002203,100000,29,0,0,0,0,0,0,70205,64898,62715,61465,55501,57892,4000,5030,10000,5000,10000,10000,0
credit_classification_train_002204,230000,25,-2,-2,-2,-2,-2,-2,264,264,264,264,264,264,264,264,264,264,264,264,0
credit_classification_train_002205,480000,44,-2,-1,-1,-1,-1,-1,21149,1729,20468,-16,3109,18216,1743,20690,0,3125,18307,524,0
credit_classification_train_002206,250000,26,-1,-1,-2,-2,-1,-1,7374,0,0,0,2546,0,0,0,0,2546,0,0,0
credit_classification_train_002207,280000,32,-1,-1,-1,-1,-1,-1,45536,11509,2110,2121,6789,14959,11509,5000,2121,6789,14959,16067,0
credit_classification_train_002208,200000,25,0,0,0,0,0,0,22371,24569,28630,29962,30733,39192,2569,4500,1800,2000,9000,5000,0
credit_classification_train_002209,120000,26,-2,-2,-2,-2,-2,-2,316,316,316,316,316,316,316,316,316,316,316,316,0
credit_classification_train_002210,160000,37,1,2,2,0,0,0,99793,101325,98706,90457,90588,92533,4300,0,4200,3238,3400,3550,1
credit_classification_train_002211,210000,50,1,-2,-2,-2,-2,-2,0,0,0,0,0,0,0,0,0,0,0,0,0
credit_classification_train_002212,20000,34,0,0,2,0,0,-2,6569,6939,4679,2960,0,0,2449,0,1000,0,0,0,0
credit_classification_train_002213,50000,36,1,-2,-2,-2,-2,-1,0,0,0,0,0,4473,0,0,0,0,4473,1650,0
credit_classification_train_002214,170000,27,0,0,0,0,0,0,164646,162671,166202,161973,167201,161327,7200,7500,6000,10000,7000,16000,0
credit_classification_train_002215,50000,24,0,0,0,0,0,0,49989,48512,43701,40429,9727,9606,1800,2000,1118,1000,500,1000,0
credit_classification_train_002216,200000,45,-1,-1,-1,-1,-1,-1,4430,7182,3855,3411,6788,9921,7193,3855,3411,6788,9921,5016,0
credit_classification_train_002217,170000,38,0,0,-2,-2,-2,-2,5556,0,0,0,0,0,0,0,0,0,0,0,0
credit_classification_train_002218,130000,42,1,2,2,2,2,2,117391,119378,121993,123503,124578,127434,5400,6000,5000,4600,5000,5100,0
credit_classification_train_002219,100000,36,2,2,2,2,2,2,53530,55081,55581,59253,61145,62181,3000,2000,4600,3000,2200,2500,1
credit_classification_train_002220,90000,39,0,0,0,0,0,0,45406,47337,48575,49667,51119,23344,3000,2000,2000,2000,2000,1087,0
credit_classification_train_002221,490000,29,-1,-1,-1,-2,-1,0,264,678,-571,-1796,137158,139345,678,571,1225,140597,6000,3900,0
credit_classification_train_002222,50000,43,0,0,0,0,-2,-2,17870,9230,10000,0,0,0,1500,1000,0,0,0,0,1
credit_classification_train_002223,180000,31,0,0,0,0,0,0,89903,66236,59932,52382,40661,32385,3073,3010,2010,1200,1000,1000,0
credit_classification_train_002224,10000,22,0,0,2,0,0,0,9721,11756,10844,10468,10101,9911,2939,0,507,365,404,459,0
credit_classification_train_002225,50000,40,0,0,2,0,0,0,6732,9052,8763,9924,9967,10176,2441,0,1313,356,369,508,0
credit_classification_train_002226,150000,42,-1,-1,-1,-1,-1,0,11070,5947,6152,7306,18726,13839,6151,6427,7306,18738,0,7154,0
credit_classification_train_002227,360000,30,0,-1,-1,-1,-1,-1,14409,3540,500,500,0,1191,3540,500,500,0,1191,0,0
credit_classification_train_002228,130000,28,1,-1,-1,-1,-1,-1,0,14051,0,1358,1039,164,14051,0,1358,1039,164,167,0
credit_classification_train_002229,50000,41,0,0,0,0,0,0,19339,20424,20086,18600,19153,19289,1703,1306,810,1000,900,900,0
credit_classification_train_002230,80000,27,-1,-1,-1,-1,-2,-1,6544,4924,1990,0,0,4350,4924,1990,0,0,4350,0,0
credit_classification_train_002231,310000,47,-2,-2,-2,-2,-2,-2,960,1863,2667,0,2654,0,1869,2681,0,2654,0,2397,0
credit_classification_train_002232,350000,31,-2,-2,-1,0,0,-1,7914,4221,23907,28528,24965,5727,4221,23916,25528,2965,5753,8095,0
credit_classification_train_002233,660000,33,0,0,0,0,0,0,495736,390258,349361,331565,329604,322581,13393,12113,12004,12008,11503,12019,0
credit_classification_train_002234,20000,27,-1,-1,-1,-1,-1,-1,543,2070,370,-20,780,0,1100,5193,0,800,0,0,0
credit_classification_train_002235,380000,52,1,-2,-2,-2,-2,-2,0,0,0,0,0,0,0,0,0,0,0,0,0
credit_classification_train_002236,180000,26,0,0,0,-2,-2,-2,32023,20233,0,0,0,0,10000,0,0,0,0,0,0
credit_classification_train_002237,50000,37,-1,-1,2,2,-1,-1,3057,3427,3207,0,1250,5245,3000,0,0,1250,5245,0,1
credit_classification_train_002238,70000,23,0,0,0,0,0,0,54428,25085,25282,21858,19171,8443,2002,1819,509,539,2000,1000,0
credit_classification_train_002239,140000,33,0,0,0,0,0,0,133336,134483,131805,107950,88622,85165,5000,5000,4005,3500,3500,3000,0
credit_classification_train_002240,150000,27,-1,0,0,-2,-2,-2,30585,30138,0,0,0,0,6000,0,0,0,0,0,0
credit_classification_train_002241,180000,37,1,2,0,0,0,0,37095,32881,33627,128051,106834,105551,0,3042,109470,4000,4000,7028,0
credit_classification_train_002242,20000,22,1,2,2,0,0,0,15471,16211,16752,17471,17830,19230,1300,1100,1300,649,1698,861,0
credit_classification_train_002243,180000,37,-1,-1,-1,0,-1,-1,1170,420,2745,3053,1012,1312,420,2745,1000,1392,1312,1110,1
credit_classification_train_002244,50000,28,0,0,0,0,0,-2,47813,33463,29628,31230,0,0,1900,2000,2000,0,0,0,0
credit_classification_train_002245,20000,31,0,0,0,0,0,-2,17557,18739,19473,17136,0,0,1466,1200,343,0,0,0,0
credit_classification_train_002246,250000,37,-1,-1,-1,-1,-1,-1,1391,3498,8963,0,14660,62832,3498,8963,0,14660,62832,4620,0
credit_classification_train_002247,20000,24,1,-1,-1,-2,-1,-1,255,541,275,329,544,190,541,275,329,544,190,241,0
credit_classification_train_002248,30000,47,1,2,0,0,0,0,32724,29279,27149,14930,14400,0,0,1500,797,680,0,0,0
credit_classification_train_002249,80000,35,1,-1,3,2,0,-1,0,964,964,964,964,5953,964,0,0,0,5953,0,0
credit_classification_train_002250,200000,33,1,2,2,2,0,0,98990,96566,103019,100464,102844,105505,0,9000,0,4000,4500,4000,0
credit_classification_train_002251,120000,28,-1,-1,-1,-1,0,0,4660,5929,1774,76528,73164,72721,6074,1774,119366,3484,2600,3000,0
credit_classification_train_002252,70000,38,0,0,0,0,0,0,52121,53235,52015,38985,36097,36995,1965,1995,1336,1430,1500,1292,0
credit_classification_train_002253,50000,26,0,0,0,-2,-2,-1,6450,10744,0,0,0,239,4500,0,0,0,239,3363,1
credit_classification_train_002254,390000,53,-2,-2,-1,-1,-2,-2,450,1540,690,0,0,0,1540,690,0,0,0,717,0
credit_classification_train_002255,70000,31,0,0,0,0,0,0,47873,52440,55961,63341,64694,67905,6000,5000,10000,3000,5000,3000,0
credit_classification_train_002256,230000,44,0,0,0,0,0,0,205938,209941,173679,92937,94552,76849,8476,6593,2966,3135,2956,2040,0
credit_classification_train_002257,270000,32,1,2,2,2,2,2,234752,233036,229286,217644,223690,221413,10000,8000,0,16000,8000,0,1
credit_classification_train_002258,400000,36,-1,-1,-1,-1,-1,-2,6233,11152,-1,376,0,0,11219,0,377,0,0,1759,0
credit_classification_train_002259,180000,26,-2,-2,-2,-2,-2,-1,52666,181987,181255,174825,140909,177257,272817,7017,8201,8246,186732,8000,0
credit_classification_train_002260,360000,50,-1,-1,-2,-1,-1,-2,1858,0,0,3000,0,0,0,0,3000,0,0,1033,0
credit_classification_train_002261,70000,32,0,0,0,0,0,0,65460,65721,45492,45482,46371,47603,2352,2030,1800,2000,2000,2000,1
credit_classification_train_002262,160000,38,0,0,0,0,0,0,132932,134384,131724,131767,133195,126064,8005,15000,10000,7000,5000,8000,0
credit_classification_train_002263,180000,44,1,-2,-2,-2,-2,-2,0,0,0,0,0,0,0,0,0,0,0,0,0
credit_classification_train_002264,120000,32,1,2,2,2,2,2,110826,113572,114719,115736,117729,120601,6000,4500,4400,4000,5000,4700,0
credit_classification_train_002265,50000,26,1,-2,-2,-2,-1,-1,-1,-1,-1,-1,349,350,0,0,0,350,351,4076,0
credit_classification_train_002266,250000,32,-1,-1,0,0,0,0,207,4907,6833,8766,9539,9779,4907,2000,2000,1000,319,247,0
credit_classification_train_002267,120000,27,2,2,2,2,2,2,120649,123203,119820,124755,99423,101718,6000,0,8500,0,11345,3700,1
credit_classification_train_002268,140000,31,0,0,0,0,0,0,98250,100319,102231,95852,94005,93177,4600,4523,4300,3300,3400,3600,0
credit_classification_train_002269,130000,48,0,0,0,-2,-2,-1,100522,102650,0,0,0,6163,4650,0,0,0,6163,66564,0
credit_classification_train_002270,180000,28,-1,-1,-1,0,-1,-1,2393,5428,5683,39351,3241,2614,5461,5834,39000,3241,2614,3506,0
credit_classification_train_002271,500000,44,-2,-2,-1,0,0,-2,26697,26319,79424,77920,55625,30092,1131,150042,4790,3236,866,630,0
credit_classification_train_002272,490000,36,-2,-2,-2,-2,-2,-2,1886,9444,3180,7715,6507,3424,9480,3182,7779,6517,3434,5132,0
credit_classification_train_002273,500000,27,-1,-1,-1,-2,-2,-1,33299,60857,26324,26091,9558,4242,60957,27056,26096,9605,4242,930,0
credit_classification_train_002274,200000,29,1,2,0,0,0,0,7885,7613,9318,10297,17321,21263,0,2003,2063,8000,4033,2199,1
credit_classification_train_002275,230000,42,0,0,0,0,2,0,5838,6369,6790,8171,7396,7757,1300,1200,2000,0,1000,2000,0
credit_classification_train_002276,260000,36,0,0,2,0,0,0,131971,139305,89200,79702,79025,79997,10000,0,3012,3000,3000,4000,0
credit_classification_train_002277,210000,27,1,-1,2,0,0,-2,0,628,232,1067,-27,-27,628,0,1000,0,0,0,0
credit_classification_train_002278,130000,26,-2,-2,-2,-2,-2,-2,1016,0,0,0,402,0,0,0,0,402,0,2054,0
credit_classification_train_002279,400000,41,-2,-2,-2,-2,-2,-2,43672,678,330,330,330,330,678,330,330,330,330,330,1
credit_classification_train_002280,80000,40,0,0,0,0,0,0,18608,19583,19098,14269,14612,16945,2000,2000,1090,2300,4500,1050,0
credit_classification_train_002281,160000,59,-1,-1,-1,-1,-1,-1,1443,1443,1443,1443,1443,1443,1443,1443,1443,1443,1443,1443,0
credit_classification_train_002282,260000,48,1,-2,-2,-2,-2,-2,0,0,0,0,0,0,0,0,0,0,0,0,0
credit_classification_train_002283,50000,24,-1,0,0,0,0,0,6701,8770,11312,13112,13394,14176,2200,2700,2000,500,1000,700,0
credit_classification_train_002284,20000,49,0,0,0,0,0,0,16715,16719,34196,18760,19132,19533,1271,1300,2612,684,709,875,0
credit_classification_train_002285,100000,25,-2,-2,-2,-2,-2,-2,0,0,0,0,0,0,0,0,0,0,0,0,0
credit_classification_train_002286,160000,23,0,0,0,0,0,-2,151246,155926,113767,50531,-10,-5,10517,20258,20157,0,0,3570,0
credit_classification_train_002287,30000,59,0,0,0,0,0,0,27620,27921,28585,29007,29195,21335,1449,1503,1315,893,1000,513,0
credit_classification_train_002288,30000,36,0,-1,-1,0,0,0,2114,490,30452,29667,28596,29180,490,33299,1400,572,584,400,0
credit_classification_train_002289,60000,28,2,2,2,2,2,2,43662,42682,45603,44569,47452,46536,0,3628,0,3600,0,4000,1
credit_classification_train_002290,130000,24,0,0,0,0,0,0,10071,50961,44362,43359,39010,36546,46034,1800,1659,1200,1150,1158,0
credit_classification_train_002291,50000,25,8,7,6,5,4,3,37647,37102,36238,36374,35229,34365,0,0,1000,0,0,3000,1
credit_classification_train_002292,50000,61,2,-1,-1,-1,-1,-1,390,390,390,390,390,390,390,390,390,390,390,390,1
credit_classification_train_002293,70000,34,-2,-2,-1,0,0,0,58875,0,72772,39980,40126,39788,0,72772,1400,1500,1500,1600,0
credit_classification_train_002294,200000,36,0,0,0,0,0,0,138636,140982,145038,146190,148989,130481,5048,6726,5451,5774,4739,5500,0
credit_classification_train_002295,100000,47,0,0,0,0,0,0,24735,27555,29798,31028,33544,35328,3555,3000,2028,3354,2328,7300,0
credit_classification_train_002296,250000,26,0,0,0,0,0,0,187336,184608,188570,188585,205272,208778,10000,10065,10000,20000,10000,20000,0
credit_classification_train_002297,30000,25,2,2,2,2,2,2,28766,27183,30023,29243,31262,30327,0,3600,0,2800,0,1080,1
credit_classification_train_002298,360000,27,-1,2,-1,-1,-1,-1,1809,400,2420,2540,0,346,0,2420,2540,0,346,604,0
credit_classification_train_002299,50000,29,1,2,2,2,0,0,47479,46415,50351,49038,28661,30398,0,4690,0,1000,2159,0,0
credit_classification_train_002300,200000,39,0,0,0,0,0,0,35465,36480,37893,39266,40120,40961,1600,2000,2000,1500,1479,1504,0
credit_classification_train_002301,20000,30,0,0,0,0,0,0,19082,19691,19932,19904,19549,19920,1314,1405,1157,802,790,0,0
credit_classification_train_002302,200000,36,-1,-1,-1,0,0,0,4585,33282,16175,104872,22897,29339,33485,16254,100551,12077,20182,21104,0
credit_classification_train_002303,20000,31,2,2,2,0,0,0,16509,19116,18028,18200,16844,18082,2906,0,1250,594,3000,819,1
credit_classification_train_002304,50000,26,0,0,0,0,0,0,48150,47684,47528,48525,45790,46764,1797,2113,2500,1742,1817,2000,0
credit_classification_train_002305,20000,37,2,2,2,2,0,0,12443,13947,14331,12495,12787,13583,2000,902,500,500,1000,700,0
credit_classification_train_002306,60000,35,0,0,2,0,0,0,12695,15453,13420,15211,14395,16141,3000,0,2000,1000,2000,1000,0
credit_classification_train_002307,220000,36,-1,-1,-1,0,-1,-1,396,1648,792,396,396,396,1648,792,0,396,396,792,1
credit_classification_train_002308,210000,33,-1,-1,-1,0,0,-2,1888,320,1403,418,-16,-342,320,1409,0,0,0,2108,1
credit_classification_train_002309,330000,27,0,0,0,0,2,2,322464,325625,323182,325197,327750,321936,13248,13120,12833,14344,8567,7060,1
credit_classification_train_002310,30000,36,-1,-1,-1,0,0,-1,390,390,780,390,0,780,390,780,0,0,780,0,0
credit_classification_train_002311,120000,30,-1,2,-1,-1,-1,-1,330,165,165,0,165,0,0,165,0,165,0,0,1
credit_classification_train_002312,20000,38,1,-1,-1,-1,-1,-2,0,3796,5081,888,0,0,3796,5081,888,0,0,0,1
credit_classification_train_002313,110000,25,-2,-2,-2,-2,-2,-2,86107,83894,85037,44819,24512,25447,0,4000,2100,2000,1500,1500,0
credit_classification_train_002314,90000,25,0,0,0,0,0,0,25806,16919,17566,8718,6432,2655,1619,1266,1048,1032,1655,0,0
credit_classification_train_002315,210000,40,0,0,0,0,0,0,60183,63035,70237,70228,67289,85008,10000,10000,10000,2576,20000,10000,0
credit_classification_train_002316,30000,29,1,2,2,0,0,0,12517,13027,12421,6105,5083,0,1006,0,0,0,0,0,1
credit_classification_train_002317,50000,41,0,0,0,0,0,0,46631,46929,47393,22944,24071,24397,2100,1500,824,1500,877,2796,0
credit_classification_train_002318,20000,38,0,0,0,0,0,0,14966,16278,17012,17992,18350,18738,1565,1299,1279,637,663,1469,0
credit_classification_train_002319,130000,36,2,2,0,0,0,2,131989,128467,131073,132399,140254,139209,0,6230,5000,10200,4400,4570,1
credit_classification_train_002320,20000,43,0,0,0,0,0,0,14959,32006,17139,17979,18518,15243,1600,1700,1500,1000,1000,1780,0
credit_classification_train_002321,220000,35,-2,-2,-2,-2,-2,-2,3327,-17,2706,0,0,92472,0,2723,0,0,92472,10000,0
credit_classification_train_002322,60000,59,4,4,5,4,3,2,56998,59111,59595,58079,56892,55826,3601,2000,0,0,0,4000,0
credit_classification_train_002323,230000,24,-1,-1,-2,-1,0,-1,2360,0,0,4135,814,2294,0,0,4135,0,2294,7368,0
credit_classification_train_002324,250000,38,-1,-1,-1,-1,-1,-1,14766,990,8150,15410,1276,0,990,8150,15410,1276,0,0,0
credit_classification_train_002325,100000,25,0,0,0,0,0,0,100778,98987,101368,100466,97117,99252,4000,4000,4000,3500,3700,4000,0
credit_classification_train_002326,20000,36,0,0,0,-2,-2,-2,7075,7860,0,0,0,0,1000,0,0,0,0,0,0
credit_classification_train_002327,210000,34,-1,-1,-1,2,-1,0,330,330,660,330,660,330,330,660,0,660,0,330,0
credit_classification_train_002328,40000,27,2,0,0,0,0,0,10181,11058,11471,11776,12660,12660,2500,2000,1500,2330,2300,1000,1
credit_classification_train_002329,20000,47,1,2,0,0,0,0,9325,8562,9571,9912,10036,10400,1000,1159,500,432,600,0,0
credit_classification_train_002330,150000,30,0,0,-2,-2,-2,-2,65591,0,0,0,0,0,0,0,0,0,0,0,0
credit_classification_train_002331,160000,38,0,0,0,0,0,0,47269,45688,47690,48712,49525,50389,2767,2769,1791,1928,1960,1461,0
credit_classification_train_002332,70000,26,2,0,0,0,0,0,66087,67510,69007,61845,60184,66801,3120,3303,2800,2200,7600,0,1
credit_classification_train_002333,80000,24,0,0,0,0,0,0,78913,78726,70110,62590,54177,60662,2900,2329,2400,2000,7400,0,0
credit_classification_train_002334,180000,50,0,0,0,0,0,0,66114,69436,72560,76169,77988,69293,5000,5000,5000,3000,5000,5000,0
credit_classification_train_002335,100000,23,0,0,0,0,0,2,85435,85957,86295,86945,94526,91630,3143,3052,3264,10398,0,3390,0
credit_classification_train_002336,150000,29,0,0,0,0,0,0,119613,115349,109765,101179,99940,96190,5900,5019,4588,4500,5000,5000,0
credit_classification_train_002337,200000,36,1,2,0,0,0,0,14460,12825,13810,14815,16347,17531,0,1502,2000,2000,1513,1504,0
credit_classification_train_002338,50000,23,0,0,0,2,2,2,15252,16885,18500,18864,19807,19407,2200,2200,1000,1500,0,3000,0
credit_classification_train_002339,50000,36,1,-2,-2,-2,-2,-1,0,0,0,0,0,2949,0,0,0,0,2322,0,0
credit_classification_train_002340,230000,39,-1,-1,-1,-1,-1,-1,660,660,660,660,660,660,660,660,660,660,660,660,0
credit_classification_train_002341,10000,45,1,2,3,2,0,0,6925,10273,9964,9327,9512,9200,3647,0,0,332,333,564,1
credit_classification_train_002342,20000,24,0,0,2,3,2,2,14068,16706,18342,17755,17967,17538,3200,2200,0,800,0,1401,0
credit_classification_train_002343,30000,24,1,2,2,2,2,2,7134,7872,9528,9725,9427,10118,1000,1800,500,0,1000,0,0
credit_classification_train_002344,220000,34,0,0,0,0,0,0,36242,38320,39700,40737,42743,44052,3000,2000,2000,3000,2000,3000,0
credit_classification_train_002345,160000,38,1,-2,-2,-1,0,0,0,0,0,700,700,0,0,0,700,0,0,0,0
credit_classification_train_002346,20000,24,-2,-2,-2,-2,-2,-1,-331,19398,1238,5300,0,16100,19729,1000,5300,0,16100,0,0
credit_classification_train_002347,300000,37,1,-2,-2,-1,-1,-1,0,0,0,363,0,944,0,0,363,0,944,2000,1
credit_classification_train_002348,80000,27,0,0,0,0,0,0,42037,43134,44223,43032,43599,41557,2100,2100,2000,2293,1700,2000,0
credit_classification_train_002349,80000,28,2,2,-1,-1,-1,-1,260,130,130,130,130,130,0,130,130,130,130,130,1
credit_classification_train_002350,130000,26,1,-2,-2,-2,-2,-2,0,0,0,0,0,0,0,0,0,0,0,0,0
credit_classification_train_002351,320000,39,0,0,0,0,0,0,93768,91523,91579,91193,92837,95323,3317,3506,4218,5000,6080,938,0
credit_classification_train_002352,230000,41,0,0,0,0,0,0,33842,35273,36693,37006,36519,31204,2000,2000,2000,2500,2000,2000,0
credit_classification_train_002353,40000,23,0,0,0,0,0,-2,15045,15899,16700,17500,0,0,1400,1200,1000,0,0,0,0
credit_classification_train_002354,130000,41,0,0,0,0,0,0,101885,72686,70672,64530,63041,56493,3500,2389,2368,5000,1964,1707,0
credit_classification_train_002355,230000,39,1,-1,-1,-2,-2,-2,-17,1786,0,0,0,0,1803,0,0,0,0,0,0
credit_classification_train_002356,410000,34,1,-1,-1,-2,-2,-1,0,13621,0,0,0,666,13621,0,0,0,666,0,1
credit_classification_train_002357,510000,61,0,0,0,2,0,0,187070,181733,192903,181801,178179,223100,8500,17000,0,6508,50000,7000,0
credit_classification_train_002358,80000,30,0,0,0,0,0,0,83093,78682,77416,53338,53749,51026,3204,3060,3000,2000,2000,8500,0
credit_classification_train_002359,290000,53,2,0,0,0,0,0,279610,282024,282508,284660,255892,238266,13000,10200,10265,8803,8300,8546,1
credit_classification_train_002360,130000,45,-1,2,-1,-1,-1,-1,1980,990,990,990,990,1130,0,990,990,990,1130,1000,0
credit_classification_train_002361,240000,47,-2,-2,-2,-2,-2,-2,5731,0,0,0,0,0,0,0,0,0,0,0,0
credit_classification_train_002362,30000,27,0,0,0,0,0,0,23447,24563,25650,26222,26800,27554,1500,1500,1000,1000,1200,4271,1
credit_classification_train_002363,20000,25,0,0,3,2,0,0,17294,21821,21197,20400,20000,20000,4821,0,0,0,0,0,0
credit_classification_train_002364,130000,52,0,0,0,0,0,0,124007,124919,119553,116530,113962,113972,6000,5000,4214,4500,5000,4200,0
credit_classification_train_002365,360000,26,-2,-2,-2,-2,-2,-2,1517,2742,2317,2482,1415,2095,2749,2322,2482,1417,2095,3228,0
credit_classification_train_002366,140000,52,1,2,0,0,2,0,31511,30705,31809,34374,33522,34481,0,1600,3100,0,1500,1500,1
credit_classification_train_002367,260000,30,-2,-2,-2,-2,-2,-2,5106,280,6158,9439,5492,397,280,6160,9439,5492,397,1790,0
credit_classification_train_002368,30000,27,2,2,2,2,0,0,19193,20084,20460,19836,20266,21568,1500,1000,0,900,1800,900,1
credit_classification_train_002369,80000,22,0,0,0,0,0,0,18429,19500,14366,15369,14595,14363,2015,1500,1252,330,1829,207,0
credit_classification_train_002370,500000,52,0,0,0,0,0,0,76701,71680,67260,76145,74831,111826,2540,3334,15012,2822,40025,20067,0
credit_classification_train_002371,60000,37,5,4,4,3,2,2,60480,59966,58411,58868,55232,58430,1001,0,2001,0,4301,2000,0
credit_classification_train_002372,80000,39,0,-1,-1,-1,-1,0,4285,1866,5256,4451,9937,13102,1866,5256,4451,9937,9000,22000,0
credit_classification_train_002373,20000,45,0,0,0,0,-1,-1,9779,9368,4494,5405,1000,3383,1063,1089,1000,3899,3383,0,0
credit_classification_train_002374,290000,34,0,0,0,0,-1,0,53437,44037,5441,7371,38832,41955,1274,1200,2033,38832,3900,188423,0
credit_classification_train_002375,110000,49,0,0,0,0,0,0,106264,107417,108803,82231,25687,27266,4400,3600,4138,1000,2000,2000,0
credit_classification_train_002376,10000,25,1,-2,-2,-2,-2,-2,0,0,0,0,0,0,0,0,0,0,0,0,0
credit_classification_train_002377,500000,43,0,0,0,-1,-1,-1,504644,512650,0,3887,0,7413,22650,0,3887,0,7413,0,1
credit_classification_train_002378,110000,23,0,0,0,0,0,0,83914,85064,78997,71276,68385,62475,4022,3300,2000,3000,2500,2310,0
credit_classification_train_002379,20000,29,0,0,0,2,0,0,13835,14897,17512,16926,17368,17959,1600,3170,0,1000,1000,3000,0
credit_classification_train_002380,120000,24,-1,-1,-2,-2,-2,-2,600,0,0,0,0,0,0,0,0,0,0,0,0
credit_classification_train_002381,280000,51,2,2,2,2,0,0,258764,279451,280882,218619,201679,195934,25000,7500,0,6500,7000,6000,0
credit_classification_train_002382,200000,40,-2,-2,-2,-2,-2,-2,6549,9389,18475,1016,4934,7749,9421,14068,3,4948,7770,23918,0
credit_classification_train_002383,100000,24,0,0,0,0,0,0,87478,88627,92187,95030,29470,3470,3500,5000,5000,4000,3000,5000,1
credit_classification_train_002384,50000,22,0,0,0,0,0,0,46687,47831,48764,47109,39415,39920,1896,1829,1924,1308,1480,1171,1
credit_classification_train_002385,180000,33,0,0,0,-1,-1,-2,37711,40102,78400,3000,0,0,3000,40129,3000,0,0,0,0
credit_classification_train_002386,50000,44,0,0,0,0,0,0,48138,49262,49878,16748,17177,17691,2203,2139,700,700,800,1000,0
credit_classification_train_002387,110000,39,0,0,0,0,-2,-2,18310,19327,20650,0,0,0,1327,1650,0,0,0,0,0
credit_classification_train_002388,80000,30,0,0,0,0,0,0,127580,91812,96599,93389,29716,27283,13000,6000,5122,5012,13000,18000,0
credit_classification_train_002389,20000,22,0,0,0,0,0,0,19231,20235,21579,22231,22301,21687,1331,1675,1327,800,783,777,1
credit_classification_train_002390,200000,43,0,0,0,0,0,0,198595,194734,190447,187224,183641,178239,7003,7000,7000,6510,6550,6001,0
credit_classification_train_002391,60000,34,0,0,0,0,0,0,54316,55575,15158,15450,15933,16095,2770,1275,544,3923,575,596,1
credit_classification_train_002392,30000,40,0,0,0,0,0,0,21617,24133,25239,26314,27074,28723,3200,1800,1800,1500,2250,600,0
credit_classification_train_002393,180000,26,1,-2,-1,-1,-2,-2,0,0,1000,0,0,0,0,1000,0,0,0,0,0
credit_classification_train_002394,10000,44,0,0,0,-2,-2,-2,4125,5275,0,0,0,0,1275,0,0,0,0,0,0
credit_classification_train_002395,20000,49,0,0,2,2,0,0,9589,11627,12145,12648,13438,14222,2200,1000,1000,1000,1000,1000,1
credit_classification_train_002396,340000,25,1,-2,-2,-1,-1,-1,0,0,0,1888,4777,4752,0,0,1888,4777,4752,1888,0
credit_classification_train_002397,220000,28,0,0,0,0,0,0,44109,32978,30415,28038,25669,16003,5000,13500,14000,13500,13500,15550,0
credit_classification_train_002398,140000,36,0,0,0,0,0,0,45849,46909,47928,48731,49793,50812,2100,2100,1900,2000,2000,2100,0
credit_classification_train_002399,160000,31,0,0,0,0,0,0,63780,64675,56561,52338,31133,27590,3518,3015,2128,2000,1000,2473,0
credit_classification_train_002400,200000,30,-1,-1,-1,-1,-1,-1,4520,10382,4447,126476,700,0,10382,4447,126476,700,0,860,0
credit_classification_train_002401,210000,44,0,0,0,0,0,0,88309,89755,90031,70660,71172,71844,4500,3600,3100,2900,2600,2700,0
credit_classification_train_002402,180000,41,0,0,0,0,0,0,110856,99925,102359,96462,96846,95549,5000,5024,4300,3500,4000,4000,0
credit_classification_train_002403,150000,55,-1,-1,-1,-1,-1,-1,1080,17493,9160,2939,3396,1870,17498,9160,2939,3396,1870,6800,0
credit_classification_train_002404,50000,30,0,0,0,0,0,0,97538,49187,17518,17710,18079,18302,2454,1588,780,803,673,637,0
credit_classification_train_002405,320000,41,-2,-2,-2,-2,-2,-2,56093,0,0,0,12974,0,0,0,0,12974,0,5616,0
credit_classification_train_002406,20000,24,0,0,0,0,0,0,21838,20544,19991,20305,19349,20467,2349,1296,1000,696,2213,0,0
credit_classification_train_002407,80000,23,-1,-1,-1,0,0,0,5000,0,31432,24455,26920,0,0,31432,3000,3000,0,0,0
credit_classification_train_002408,170000,42,0,0,0,0,0,0,142118,144803,133868,119956,121277,122926,7040,6165,5004,5003,5001,5009,0
credit_classification_train_002409,90000,51,0,0,0,0,0,0,12822,10944,12255,12192,12448,12895,1188,1499,436,452,654,455,0
credit_classification_train_002410,160000,46,-1,-1,-1,-1,-1,-1,1672,766,762,762,762,762,766,762,762,762,762,762,0
credit_classification_train_002411,120000,31,1,2,2,2,0,0,21134,20502,24832,24135,28723,31258,0,5000,0,5000,3000,0,1
credit_classification_train_002412,80000,22,0,0,0,0,0,0,2524,5097,6107,7141,7355,7357,3000,1500,1500,700,500,500,0
credit_classification_train_002413,460000,29,0,0,0,0,0,0,170894,160223,160894,165246,169983,173330,7018,7000,7002,8007,8038,6052,0
credit_classification_train_002414,130000,45,0,0,-1,0,-1,-1,13513,11800,2522,1261,390,390,1000,2522,0,390,390,390,0
credit_classification_train_002415,50000,29,0,0,0,0,-1,0,50148,50761,35777,7464,42705,43662,1840,1311,2000,42705,1569,2822,0
credit_classification_train_002416,210000,34,0,0,2,0,0,0,201223,214479,193598,178416,143879,125004,17580,0,7193,3500,4881,3679,1
credit_classification_train_002417,30000,59,0,0,0,0,0,0,28372,29152,29643,29593,27952,0,2010,1500,788,559,0,0,0
credit_classification_train_002418,260000,35,-1,-1,-1,-1,-1,0,7967,67650,6000,0,88348,85962,67650,6000,0,88348,5000,25000,0
credit_classification_train_002419,80000,29,2,2,2,2,2,2,41355,40395,43231,42236,44924,44072,0,3800,0,3400,0,3816,1
credit_classification_train_002420,50000,45,0,0,0,0,0,0,48169,48163,49302,16522,15175,16371,2400,2500,1318,700,1600,600,0
credit_classification_train_002421,400000,33,0,0,0,-2,-2,-1,201800,205150,0,0,0,91057,9150,0,0,0,91057,100000,0
credit_classification_train_002422,100000,39,0,0,0,0,0,0,66177,70177,80914,86403,88972,91554,4000,10737,6849,4000,4000,2138,0
credit_classification_train_002423,50000,29,-1,-1,-2,-2,-2,-2,1528,0,0,0,0,0,0,0,0,0,0,0,0
credit_classification_train_002424,90000,26,0,0,0,0,0,0,21854,23036,24100,25000,25000,26254,1536,1600,1500,0,1254,1214,0
credit_classification_train_002425,350000,38,-1,-1,-1,-1,-1,-1,4482,4985,4322,4992,4295,5952,4998,4333,5005,4305,5963,6015,0
credit_classification_train_002426,200000,39,-2,-2,-2,-2,-2,-2,5553,2294,359,0,353,342,2294,359,0,353,342,0,0
credit_classification_train_002427,150000,37,0,0,0,0,0,0,127111,106956,106129,106531,107062,109938,3878,3794,3783,3892,4662,3500,0
credit_classification_train_002428,60000,23,0,0,0,0,0,0,60465,60100,58795,47818,28357,29309,3000,2148,3049,3000,3002,1021,0
credit_classification_train_002429,500000,30,0,0,0,0,0,0,137243,129722,128006,125294,92276,96112,5000,5116,5000,5000,5000,5000,0
credit_classification_train_002430,80000,26,0,0,0,0,0,2,24906,26242,27360,27480,29642,28779,2000,1800,1100,3000,0,1000,0
credit_classification_train_002431,210000,28,0,0,0,0,0,0,180004,184401,171506,133206,98885,88101,9000,7500,5503,4185,4500,3875,0
credit_classification_train_002432,150000,28,-1,-1,-1,-2,-2,-2,252,6514,-31,-31,-31,-31,6546,0,0,0,0,0,0
credit_classification_train_002433,150000,26,0,0,0,0,0,0,94347,96358,99230,98285,102743,103062,5000,4500,4500,6000,5000,5000,0
credit_classification_train_002434,120000,25,2,2,0,0,0,0,113348,110119,111700,83858,86434,88802,0,5000,3158,3934,3802,2000,0
credit_classification_train_002435,360000,44,-2,-2,-2,-2,-2,-2,1715,3662,12595,223,222,490,3680,12657,224,223,492,494,0
credit_classification_train_002436,520000,38,0,0,0,0,0,0,98615,102085,102762,104865,106947,109507,5102,3800,3803,3822,4277,4868,0
credit_classification_train_002437,500000,36,-2,-2,-2,-2,-2,-2,-312,-2479,2479,2479,763,288,0,4958,0,763,0,14472,1
credit_classification_train_002438,100000,31,-2,-2,-2,-2,-2,-2,1500,3794,-1678,-1478,1058,5556,3794,0,200,4058,5738,21173,0
credit_classification_train_002439,150000,27,-2,-2,-2,-2,-2,-2,0,610,610,0,610,0,610,610,0,610,0,0,0
credit_classification_train_002440,500000,35,-2,-2,-2,-2,-2,-2,-73,-73,-73,-73,-73,-73,0,0,0,0,0,0,1
credit_classification_train_002441,20000,31,0,0,0,0,0,0,3769,4782,5797,6654,6786,7077,1239,1254,1111,243,400,252,1
credit_classification_train_002442,50000,34,0,0,0,0,0,0,48559,47008,15435,10235,9119,8237,2573,2000,500,459,500,500,0
credit_classification_train_002443,300000,32,1,-1,-1,-1,-1,-1,-227,44791,-649,129798,558,522,45018,0,130447,560,524,6776,0
credit_classification_train_002444,320000,33,0,0,0,0,0,2,71047,19161,19829,17692,15648,15255,2000,1300,1600,2500,0,1000,0
credit_classification_train_002445,470000,37,-2,-2,-2,-2,-2,-1,0,0,0,0,0,924,0,0,0,0,924,32673,0
credit_classification_train_002446,10000,28,0,0,0,0,0,0,1474,2641,3745,4642,5642,6342,1196,1300,1000,1000,700,1208,0
credit_classification_train_002447,240000,37,0,0,0,0,0,0,191748,169943,137358,132792,135652,139389,7000,4883,4753,5000,6000,6000,0
credit_classification_train_002448,50000,27,0,0,0,0,0,0,14614,15622,16342,17653,17697,18068,1558,1278,1589,633,656,783,0
credit_classification_train_002449,180000,34,-1,-1,-1,-1,-1,-1,4400,2990,3762,5231,2092,3395,3018,3772,5254,2098,3403,215,0
credit_classification_train_002450,140000,40,0,0,0,0,0,0,123049,125616,129695,130735,133467,136287,4310,5913,4426,4580,4770,4767,0
credit_classification_train_002451,20000,23,0,0,0,0,0,0,18455,19990,20215,19298,19807,12294,2000,20000,1612,1121,702,1000,0
credit_classification_train_002452,20000,22,1,2,2,2,2,2,5613,5377,6920,6911,6655,7191,0,1638,251,0,647,0,1
credit_classification_train_002453,330000,55,0,0,0,0,0,0,21333,25915,25036,21804,19228,18799,5000,5200,6000,4300,5000,4000,0
credit_classification_train_002454,30000,44,2,0,0,0,0,0,17766,18771,19965,20865,23465,24465,1306,1500,1400,3000,1000,0,1
credit_classification_train_002455,80000,30,1,-1,2,2,-2,-2,0,1684,1509,-357,-357,-357,1684,0,0,0,0,0,0
credit_classification_train_002456,80000,26,1,2,2,0,0,0,40029,41095,40137,40793,42990,42854,2000,0,1603,3000,2000,1056,0
credit_classification_train_002457,210000,40,-2,-2,-2,-2,-2,-2,7542,-78,15611,502,781,754,0,15689,504,784,757,2005,0
credit_classification_train_002458,130000,35,0,0,0,0,0,0,23693,27228,30795,38637,39259,72981,4257,4338,8399,1260,34721,5202,0
credit_classification_train_002459,80000,42,0,0,0,0,0,0,48237,48594,49432,49043,47805,45626,2200,2005,2000,2000,2000,2000,0
credit_classification_train_002460,50000,23,0,0,0,0,0,0,32822,20669,4510,2893,2000,2800,1150,1000,300,400,800,0,0
credit_classification_train_002461,120000,36,0,0,0,0,0,0,71199,71993,73652,75482,76686,47781,2574,2816,3200,2911,1800,2000,0
credit_classification_train_002462,110000,32,2,2,0,0,2,2,114430,108202,108657,108668,103867,111842,0,6000,8200,0,9956,4000,1
credit_classification_train_002463,80000,45,-1,-1,-1,2,2,3,2516,0,1890,1712,4180,3820,0,1890,0,2523,0,0,0
credit_classification_train_002464,50000,34,0,0,0,-2,-2,-2,50375,51400,0,0,0,0,2400,0,0,0,0,0,0
credit_classification_train_002465,50000,24,0,0,0,2,0,0,47608,48933,51415,48977,10082,9936,2118,3600,7,345,1000,400,0
credit_classification_train_002466,470000,45,0,0,0,0,0,0,293261,279104,220728,198425,182826,130586,18000,10018,10000,10000,4771,6000,0
credit_classification_train_002467,230000,47,-1,-1,-1,-1,-1,-1,5482,15900,1678,0,764,0,15900,1678,0,764,0,1321,0
credit_classification_train_002468,50000,27,0,0,2,0,0,2,48215,44175,83132,42079,44781,45619,4007,0,1706,3408,1700,0,0
credit_classification_train_002469,120000,30,-1,2,2,-1,-1,-1,1500,3010,1700,1125,909,786,1700,0,1125,909,786,1433,0
credit_classification_train_002470,180000,28,0,0,0,0,0,0,139097,131157,128342,122345,109228,101428,5699,4300,4023,3785,3684,4000,0
credit_classification_train_002471,400000,34,-1,-1,-1,-1,0,0,41305,206028,21153,15631,14417,12228,206032,21153,15948,10000,10000,22934,0
credit_classification_train_002472,210000,27,-1,0,0,0,2,-1,39397,38683,39210,38986,689,2040,2000,1985,1300,0,2040,4081,0
credit_classification_train_002473,30000,23,1,2,0,0,0,-1,28108,27228,24921,25945,20634,1600,0,1500,5229,942,1704,0,0
credit_classification_train_002474,50000,50,1,-1,3,2,2,-1,0,1381,1214,1494,457,5523,1381,0,457,0,5523,10379,1
credit_classification_train_002475,80000,42,1,-2,-2,-2,-2,-2,0,0,0,0,0,0,0,0,0,0,0,0,0
credit_classification_train_002476,500000,32,-1,-1,-1,-1,-1,-1,103880,39356,301441,37945,104491,35234,39560,302961,38139,104673,35387,177258,0
credit_classification_train_002477,20000,42,2,0,0,0,0,0,15552,16560,17278,18289,18653,19195,1575,1293,1304,668,843,853,1
credit_classification_train_002478,50000,30,0,0,0,0,0,0,43702,44979,46755,47412,47703,49495,2000,2501,2000,2000,2500,2000,0
credit_classification_train_002479,30000,37,1,2,2,0,0,0,24095,24796,23722,24630,24934,25264,1398,0,1696,1000,1500,500,0
credit_classification_train_002480,270000,51,0,0,0,0,0,0,152979,101616,105562,6102,6741,65672,3500,4000,1000,1000,63000,3000,0
credit_classification_train_002481,110000,27,0,0,0,0,0,0,112938,113331,108567,110772,111946,111853,6000,5500,5500,4500,4400,4400,0
credit_classification_train_002482,50000,25,0,0,0,0,0,0,40181,66569,19281,18679,12980,8592,1500,2400,5700,8000,3062,1000,1
credit_classification_train_002483,100000,40,2,2,2,2,2,2,47243,48294,49213,49827,51005,53142,2000,1900,1600,2000,3000,0,1
credit_classification_train_002484,280000,29,0,0,0,0,0,0,105403,51190,44598,38322,38255,31427,3109,1369,3002,3005,1505,2000,0
credit_classification_train_002485,160000,35,2,2,2,2,2,2,131104,133828,135146,136520,139432,141971,6300,5000,5100,5252,5000,6000,1
credit_classification_train_002486,50000,26,0,0,0,0,0,0,41003,42032,42699,43617,44509,45420,1733,1400,1300,1271,1300,4500,0
credit_classification_train_002487,230000,26,0,0,0,0,0,0,2656,3678,4650,3234,4174,5100,1074,1046,1060,1000,1000,5000,0
credit_classification_train_002488,210000,40,-1,-1,-1,-1,-1,-1,1535,2652,179,1326,1326,1326,2652,179,1326,1326,1326,4182,1
credit_classification_train_002489,40000,26,2,2,2,2,2,2,26487,27255,26532,29089,28522,28914,1500,0,3000,200,1000,1200,1
credit_classification_train_002490,300000,45,1,-1,0,0,0,0,114324,238058,236220,233586,234661,233304,244500,8613,8000,11000,8093,6399,1
credit_classification_train_002491,360000,51,-2,-2,-2,-2,-2,-2,1495,1117,7062,-3,1178,-2,1120,7065,0,1181,0,1758,0
credit_classification_train_002492,290000,44,-2,-2,-2,-2,-2,-2,301,768,531,22058,468,681,768,531,22058,468,681,446,0
credit_classification_train_002493,100000,36,2,0,0,0,0,0,101483,101638,101461,101461,91752,91532,4500,5000,4000,3300,3400,15003,1
credit_classification_train_002494,270000,50,2,4,3,3,2,2,213616,208784,212058,207226,202394,231339,0,8000,0,0,32236,3000,0
credit_classification_train_002495,320000,40,0,0,0,0,0,0,151222,135038,108924,109710,116813,118984,6500,8000,4000,9000,4000,5000,0
credit_classification_train_002496,150000,31,0,0,0,0,0,0,138363,138979,37713,35592,35808,36730,6000,2000,2000,1300,1500,1500,0
credit_classification_train_002497,10000,52,2,2,2,2,2,2,3475,4366,4148,4579,4360,4787,1100,0,500,0,500,0,0
credit_classification_train_002498,30000,39,1,2,2,0,0,2,22595,24928,24230,26811,28702,28092,3000,0,3000,2327,0,1200,1
credit_classification_train_002499,210000,46,0,0,0,0,0,0,46743,50936,53107,53717,53255,55160,5000,4000,2350,2000,3000,3000,0
credit_classification_train_002500,20000,40,0,0,0,2,2,0,13195,14197,15657,14418,13561,13291,1238,2959,580,0,435,518,0
credit_classification_train_002501,110000,26,0,-1,-1,2,0,0,60808,196,3290,3089,3601,3396,196,3290,0,563,296,200,0
credit_classification_train_002502,280000,39,-1,-1,-1,-1,-1,-2,1451,9152,335,2300,0,0,9152,335,2322,0,0,9436,0
credit_classification_train_002503,200000,51,2,-1,-1,-1,-1,-1,206,2522,1261,0,1261,-1261,2522,1261,0,1261,0,5242,1
credit_classification_train_002504,210000,29,-1,-1,-1,-1,-1,-1,1685,6644,3584,1756,732,730,6715,5800,6256,732,730,3050,0
credit_classification_train_002505,130000,33,0,0,0,0,0,0,127781,122319,107674,89780,90625,90492,4700,3500,3200,3200,3300,3100,0
credit_classification_train_002506,50000,52,2,0,0,0,-2,-1,6379,3257,4166,0,0,318,1091,1000,0,0,318,0,0
credit_classification_train_002507,30000,29,0,0,-2,-1,0,0,27720,0,0,22015,22649,24583,0,0,22015,1000,2300,1200,0
credit_classification_train_002508,70000,41,2,2,2,2,2,2,50241,51145,50022,53390,54579,55722,2000,0,4200,2200,2200,2200,1
credit_classification_train_002509,440000,40,0,0,0,0,0,0,98496,82803,79894,73984,137370,132889,10000,10000,10000,80000,7000,6000,0
credit_classification_train_002510,220000,30,-1,-1,-1,-1,-1,-1,8939,316,541,4188,3473,7653,316,541,4188,3473,7653,2280,0
credit_classification_train_002511,30000,22,0,-1,2,-1,-1,-1,1924,7096,2982,1732,3836,2461,7096,0,1732,3836,2461,3704,0
credit_classification_train_002512,310000,29,-1,-1,-1,-1,-2,-1,760,3674,368,-2444,-2444,151306,3674,500,0,0,155438,5231,0
credit_classification_train_002513,280000,43,-1,2,2,-2,-2,-2,4172,3560,-40,-40,8160,657,0,40,0,8200,657,3,0
credit_classification_train_002514,200000,43,-2,-2,-2,-2,-2,-2,10000,10000,10000,10301,10000,10000,10000,10000,10301,10000,10000,10000,0
credit_classification_train_002515,20000,50,0,0,0,-1,-1,-2,19062,19242,14725,780,0,0,1333,1000,780,0,0,0,0
credit_classification_train_002516,250000,39,-2,-2,-2,-2,-2,-2,14310,3697,0,0,0,0,3700,0,0,0,0,0,0
credit_classification_train_002517,30000,30,0,0,0,0,0,0,7038,8052,10153,9761,9960,4010,1291,2392,1000,199,80,949,0
credit_classification_train_002518,50000,26,0,0,0,0,0,0,35988,26708,25230,26999,27748,28351,1700,2000,3000,1500,1200,1136,0
credit_classification_train_002519,220000,34,-1,-1,-1,-1,-1,-1,3410,1619,1756,1986,4772,1115,1623,1756,2075,4774,1115,7160,0
credit_classification_train_002520,50000,24,2,0,0,2,2,2,20632,21994,23914,23231,24851,24301,1700,2600,0,2000,0,2200,1
credit_classification_train_002521,230000,53,0,0,0,0,0,0,9358,13482,17874,26743,26431,35153,5000,5000,10000,5000,10018,6850,0
credit_classification_train_002522,240000,33,-1,0,0,0,0,0,30973,32008,32889,33410,34327,34500,1537,1418,939,1193,690,0,0
credit_classification_train_002523,200000,27,-2,-2,-2,-2,-2,-2,4941,5555,15546,1665,3370,-36,5610,15616,1673,3385,0,95456,0
credit_classification_train_002524,50000,27,0,0,0,0,0,0,28387,36276,17445,15575,8075,-589,10000,1031,4050,4000,0,0,0
credit_classification_train_002525,30000,42,2,0,0,0,0,0,29492,29329,30720,29204,28219,28501,1488,1879,1624,900,900,900,0
credit_classification_train_002526,50000,25,0,0,0,0,0,0,45943,45922,34514,23610,21760,6398,1818,1400,472,435,128,25518,0
credit_classification_train_002527,130000,36,0,0,0,0,0,0,42553,43606,44577,45013,45695,46283,1740,1711,1587,1823,1956,1125,0
credit_classification_train_002528,180000,37,0,0,0,0,0,0,88275,78089,75159,76602,76896,78588,2800,3333,3310,2900,3040,3500,0
credit_classification_train_002529,250000,42,0,0,-1,-1,0,-1,249406,256400,13600,3274,2446,26710,11400,13600,3274,0,26710,12000,0
credit_classification_train_002530,30000,53,0,0,0,0,0,2,14495,15447,16390,17717,19420,18970,1500,1500,1600,2000,0,1500,1
credit_classification_train_002531,60000,42,0,0,0,0,0,0,58899,55834,55993,56675,57550,57545,2579,2047,2024,2180,2321,2500,0
credit_classification_train_002532,180000,39,0,0,0,0,0,0,130374,129889,114559,113759,94665,97134,5812,6000,6100,4000,4000,4000,0
credit_classification_train_002533,300000,38,0,0,2,-1,-1,-1,15001,12751,2318,3792,11977,29127,2318,0,3792,11977,29127,16600,1
credit_classification_train_002534,50000,26,1,-1,-1,0,0,0,0,1950,2576,12576,22397,15944,1950,2576,10000,10000,685,612,0
credit_classification_train_002535,10000,41,1,2,2,2,2,2,8722,9592,9289,10140,10417,10104,1157,0,1008,584,0,198,0
credit_classification_train_002536,10000,22,0,0,0,0,0,0,1877,3184,6003,3576,3670,4451,1500,2927,1000,300,1000,500,0
credit_classification_train_002537,200000,34,3,2,-1,-1,-1,-2,1571,361,1716,460,0,0,0,1716,460,0,0,0,1
credit_classification_train_002538,20000,23,-1,-1,-1,-1,-1,-2,292,780,0,593,0,0,780,0,593,0,0,0,0
credit_classification_train_002539,200000,26,0,0,0,0,0,2,22629,24943,27210,36359,39299,40428,3000,3000,10000,3700,2000,3000,0
credit_classification_train_002540,110000,30,0,0,0,0,0,0,110800,112008,96347,49506,49142,49251,4404,2826,1880,1805,2182,2000,0
credit_classification_train_002541,10000,47,2,0,0,0,0,0,8640,9043,9489,9237,9422,9619,1145,1136,1144,329,340,418,1
credit_classification_train_002542,290000,46,-1,-1,-2,-1,-1,-2,2052,4146,700,5055,694,3207,4146,700,5077,694,3207,0,0
credit_classification_train_002543,50000,27,0,0,0,0,0,0,50577,46529,46791,47922,49482,0,2138,1400,3000,5000,0,0,1
credit_classification_train_002544,140000,24,1,-2,-1,-1,2,0,0,0,167,80644,146651,55776,0,167,80677,0,2500,28,0
credit_classification_train_002545,110000,24,0,0,0,0,0,0,44737,39590,39457,39075,39307,39564,2103,2005,2006,3006,3010,2013,1
credit_classification_train_002546,230000,45,0,0,0,0,0,0,26071,27937,28774,29202,29683,30277,2200,2000,1100,1000,980,1012,0
credit_classification_train_002547,70000,25,-1,2,2,2,2,0,3635,4529,4308,4859,4638,4911,1100,0,624,0,500,1000,1
credit_classification_train_002548,200000,35,0,0,0,0,0,0,75203,77949,74865,72766,70444,69003,4000,4000,5012,4000,3000,4000,0
credit_classification_train_002549,30000,30,3,2,2,-2,-2,-2,30583,29901,0,0,0,0,389,0,0,0,0,0,0
credit_classification_train_002550,400000,30,-1,-1,-1,-1,-1,-1,1919,7381,2691,1781,7123,1470,7389,2691,1781,7123,1470,37546,0
credit_classification_train_002551,200000,27,0,0,0,0,0,0,157222,160320,162140,165431,168726,172430,7200,5888,5990,6031,6415,6301,0
credit_classification_train_002552,170000,33,2,0,0,0,0,0,170348,166348,162319,165592,167482,171106,7622,7354,7464,6127,6550,6100,0
credit_classification_train_002553,80000,48,0,0,0,0,0,0,74658,72885,47663,48350,47208,46292,2500,2000,2000,2000,2000,2000,0
credit_classification_train_002554,160000,33,-1,-1,-1,-1,-1,-1,5256,3290,1140,559,2065,450,3290,1140,559,2065,450,825,0
credit_classification_train_002555,110000,29,-1,-1,0,0,0,0,750,71015,72517,72537,55600,72442,71022,5000,5000,5000,22000,5000,0
credit_classification_train_002556,180000,32,0,0,0,0,0,0,54842,55435,56810,63562,41150,0,2073,2359,8000,3000,0,0,0
credit_classification_train_002557,60000,32,0,0,0,0,0,0,59143,58612,59017,59220,26607,29719,2100,3000,3008,6000,4000,1000,0
credit_classification_train_002558,80000,39,-1,-1,-1,-1,-1,-1,715,2012,3550,7529,0,3228,2012,3550,7529,0,3228,0,0
credit_classification_train_002559,310000,25,0,-1,0,-1,-1,-1,38942,130331,56527,560,300,2381,135868,1306,560,300,2387,572,0
credit_classification_train_002560,330000,31,-1,0,-1,-1,-1,-1,1732,1349,1366,1383,1383,1383,1000,1400,1400,1383,1383,851,0
credit_classification_train_002561,50000,23,2,0,0,0,0,0,32847,29705,15445,16782,16960,17208,1941,1263,1600,754,671,831,1
credit_classification_train_002562,90000,34,0,0,0,-2,-2,-2,106339,90500,0,0,0,0,20585,0,0,0,0,0,0
credit_classification_train_002563,200000,24,0,0,0,0,0,0,21447,23429,26158,29486,27166,25954,2649,3500,4008,1098,1500,1000,0
credit_classification_train_002564,30000,44,2,0,0,0,0,0,21003,22309,23343,24336,24475,24643,1662,1696,1689,1016,893,1100,1
credit_classification_train_002565,180000,25,1,2,0,0,0,0,41402,41742,42758,43510,44420,45319,1300,2010,1762,1762,1790,1622,0
credit_classification_train_002566,120000,37,0,0,0,0,0,0,106469,108606,107945,111622,115301,117873,5400,4000,5500,5500,5500,1000,0
credit_classification_train_002567,50000,34,1,2,2,2,2,2,33776,34824,33988,36311,36918,36191,1900,0,3200,1500,0,3000,1
credit_classification_train_002568,50000,27,0,0,0,0,0,0,25870,21511,20952,21873,22319,24371,1325,1392,1313,759,2371,3294,0
credit_classification_train_002569,30000,25,0,0,0,0,0,0,19955,20348,18339,18794,23530,23531,1338,1500,1000,5000,2000,24,0
credit_classification_train_002570,280000,39,0,0,0,0,0,0,123997,126272,126953,106551,99592,100607,5600,5400,5006,3250,3400,3500,0
credit_classification_train_002571,30000,29,0,0,2,0,0,-2,22501,20210,8762,6200,0,0,2429,5,1062,0,0,0,0
credit_classification_train_002572,100000,47,0,0,2,0,0,2,66539,71766,69111,64287,67838,66135,7000,0,2500,5500,0,3000,0
credit_classification_train_002573,110000,50,1,-1,0,0,0,0,-10682,50928,54711,55926,18030,18367,62000,5000,3000,2000,1000,2000,0
credit_classification_train_002574,20000,52,0,0,0,0,0,0,19773,18459,19398,18561,18949,17426,1331,1270,633,655,759,547,1
credit_classification_train_002575,210000,43,0,0,0,0,2,0,80527,82332,84043,88508,85802,85280,4000,4000,7000,0,3500,7000,0
credit_classification_train_002576,30000,22,0,0,0,0,0,0,27358,28612,29183,28983,13100,0,2000,1500,0,500,0,0,0
credit_classification_train_002577,500000,38,0,0,0,0,0,0,74615,74399,68761,70260,70143,68506,4010,6720,5000,5000,4000,5000,0
credit_classification_train_002578,450000,37,0,0,-1,-1,-1,-1,13371,13480,5747,3339,9458,7231,4000,5747,3339,18916,7231,4972,0
credit_classification_train_002579,160000,32,-2,-2,-2,-2,-2,-2,16922,2552,0,0,0,0,2555,0,0,0,0,0,0
credit_classification_train_002580,80000,56,3,2,2,2,2,2,63995,65347,66705,68506,69787,68844,3000,3000,3500,3000,300,5100,1
credit_classification_train_002581,60000,28,2,2,2,2,2,2,53567,59629,60943,60716,58458,49529,6950,3250,1767,0,3654,0,0
credit_classification_train_002582,500000,41,-1,-1,-1,-1,2,2,2503,613,2339,4333,1285,1969,1043,4401,3150,0,1000,498,0
credit_classification_train_002583,320000,33,0,0,0,0,0,0,254065,136709,81130,103543,105623,107549,68000,12000,25000,3208,4031,94390,0
credit_classification_train_002584,150000,44,-1,-1,-1,0,0,-1,1365,0,839,693,0,3975,0,839,0,0,3975,0,0
credit_classification_train_002585,50000,40,-1,-1,-1,-2,-2,-2,15584,4377,0,0,0,0,4377,0,0,0,0,0,0
credit_classification_train_002586,50000,34,0,0,0,0,0,0,47303,48427,48069,49081,48485,49484,2807,3008,2812,2000,2000,2000,0
credit_classification_train_002587,20000,24,1,4,3,2,2,2,17611,18038,17473,16900,17690,18255,1000,0,0,1376,1000,649,0
credit_classification_train_002588,50000,54,0,0,0,0,0,2,37238,38387,39589,19533,20535,19690,1771,1973,1307,1699,0,705,0
credit_classification_train_002589,30000,42,1,2,2,2,0,0,31217,30406,31380,30277,30028,30198,0,3600,0,1100,1050,1000,0
credit_classification_train_002590,420000,36,0,0,0,0,0,0,185882,172613,134188,121983,111256,103481,10000,10000,10000,11256,13841,15059,0
credit_classification_train_002591,200000,41,-2,-2,-1,-1,-1,2,-60,-60,1590,8188,428,278,0,1650,8188,428,0,5500,0
credit_classification_train_002592,50000,27,2,0,0,0,2,0,48064,47691,49140,49423,48377,48158,3000,2525,3900,0,2000,4500,1
credit_classification_train_002593,220000,32,1,2,0,0,2,2,17325,16758,18474,20667,20195,21854,0,2000,2500,0,2000,0,0
credit_classification_train_002594,250000,29,2,2,2,2,2,2,124780,127168,125721,122209,126129,127847,5900,4500,0,5954,3900,4826,1
credit_classification_train_002595,120000,27,-1,-1,-1,-1,-1,-1,1026,1026,1026,1026,1026,1026,1026,1026,1026,1026,1026,1026,0
credit_classification_train_002596,260000,43,-1,-1,-1,-1,-1,-1,76,773,0,1703,329,248,826,0,1703,329,248,702,0
credit_classification_train_002597,600000,51,0,0,0,0,0,0,95286,78404,147559,323129,310042,311840,10448,85113,217035,11032,15019,10033,0
credit_classification_train_002598,200000,43,-2,-2,-2,-2,-2,-2,-109,-109,-109,-109,-109,-109,0,0,0,0,0,0,1
credit_classification_train_002599,240000,40,1,-2,-1,-1,-1,-1,-55,-55,3545,1338,1075,1744,0,3600,1338,1075,1744,0,0
credit_classification_train_002600,320000,28,-1,0,0,-1,-1,0,67264,67207,0,2615,221073,225361,3231,0,2615,228975,8176,8226,0
credit_classification_train_002601,220000,43,0,0,0,0,0,0,84466,84356,84151,83591,83789,83885,4000,4000,3500,3500,3500,3500,0
credit_classification_train_002602,120000,34,0,0,0,0,0,0,119287,116995,114061,116067,116294,118759,4400,4137,4400,4320,4500,4600,0
credit_classification_train_002603,20000,26,-1,-1,-1,-1,-1,-2,767,376,987,1119,-222,-222,376,987,1200,0,0,0,1
credit_classification_train_002604,50000,25,2,2,2,2,2,2,33995,34937,34394,36509,37105,37866,1800,300,3000,1500,1500,0,1
credit_classification_train_002605,140000,38,1,2,2,2,2,2,129497,131877,135309,131671,138771,141146,6000,7000,0,10800,4800,0,1
credit_classification_train_002606,20000,40,0,0,0,2,0,0,12129,12919,14810,15267,15714,16308,1300,2100,1000,1000,1000,1000,1
credit_classification_train_002607,30000,29,0,0,0,0,0,2,27030,23830,24943,27507,30767,29762,2379,1500,3000,3722,0,1543,0
credit_classification_train_002608,90000,29,0,0,0,0,0,2,47585,48575,49922,51290,56608,55576,1782,2129,2497,6815,0,4275,0
credit_classification_train_002609,360000,32,-1,-1,-1,-1,0,-1,42524,53303,3924,43900,88865,12104,53563,3924,43900,50000,12104,960,0
credit_classification_train_002610,360000,30,0,0,0,0,0,-1,7410,6783,7672,8380,4581,3853,1115,1161,1026,1523,3872,2626,0
credit_classification_train_002611,20000,24,0,0,0,0,0,0,9249,10439,11448,11561,12221,12865,1500,1487,600,1000,1000,1000,1
credit_classification_train_002612,50000,57,0,-1,-1,-1,-1,-1,3964,1690,3780,1468,1468,1644,1690,3780,1468,1468,1644,1363,0
credit_classification_train_002613,230000,39,0,0,0,0,-1,-1,53672,75305,56484,38363,4867,2736,25000,5000,5000,4867,2736,0,0
credit_classification_train_002614,70000,41,0,0,0,0,0,0,72593,72526,70138,51781,29117,29264,4000,36500,2300,1500,2000,3000,1
credit_classification_train_002615,60000,23,0,0,0,0,0,0,21295,22629,23338,23810,25418,26050,1679,1388,860,2000,1055,2000,0
credit_classification_train_002616,30000,27,0,0,0,0,0,0,26264,27536,28771,27744,28302,29725,2000,2005,1000,1000,2250,0,1
credit_classification_train_002617,340000,31,0,0,0,0,0,0,85292,66486,62918,53322,50180,57000,17241,16000,13322,10005,9081,9080,0
credit_classification_train_002618,140000,30,0,0,0,0,0,2,106526,85019,82784,81458,86227,84646,4000,3000,4000,7000,0,4000,0
credit_classification_train_002619,80000,46,0,0,0,0,0,0,39115,40176,39681,29213,25356,22723,2000,2490,1522,1100,960,988,0
credit_classification_train_002620,60000,25,2,2,2,2,4,3,38050,39147,38223,43261,42009,41036,2000,0,6000,0,0,1400,1
credit_classification_train_002621,70000,26,0,0,0,0,0,0,64471,65577,53264,51464,96184,49104,2281,2888,1800,2000,1900,1760,0
credit_classification_train_002622,500000,36,-1,-1,-1,-1,-1,-1,10483,23956,0,8500,4590,0,23962,0,8500,4590,0,0,0
credit_classification_train_002623,50000,27,0,0,0,0,0,0,12814,15588,17321,19026,20714,22210,3000,2000,2000,2000,2000,840,0
credit_classification_train_002624,180000,26,-1,-1,-1,-1,-1,0,14565,9500,10122,770,4159,4159,9500,10122,770,4159,0,5243,0
credit_classification_train_002625,70000,24,1,2,2,0,0,0,69346,70864,68645,28929,28597,28237,3200,13,1008,1103,1100,850,0
credit_classification_train_002626,390000,31,-2,-2,-2,-2,-2,-2,6466,6266,12578,7650,48090,17013,6266,12581,7650,48090,28973,17271,0
credit_classification_train_002627,20000,32,0,0,0,2,2,2,8217,9910,12146,11954,14750,14371,2000,2400,600,3000,0,600,1
credit_classification_train_002628,50000,25,-1,-1,-1,-1,0,0,5814,-73,11427,191,7391,6554,0,11500,191,7200,2000,7000,0
credit_classification_train_002629,130000,28,2,0,0,0,0,-2,98606,100143,50456,50000,0,0,4500,2500,1000,0,0,0,0
credit_classification_train_002630,140000,28,0,0,2,0,0,0,9305,13614,13103,14077,15189,16275,4800,0,1500,1500,1500,1500,1
credit_classification_train_002631,300000,33,0,-1,-1,-1,-1,-1,13713,14547,13328,20714,13054,12632,15003,13539,20714,13054,12636,12700,0
credit_classification_train_002632,290000,26,0,0,0,0,0,0,81022,59327,102180,58554,59358,45266,2121,48345,1689,1516,1240,1211,0
credit_classification_train_002633,70000,41,0,0,0,0,0,0,32581,32888,33481,33683,34227,34327,2000,1500,1138,1806,1383,1250,0
credit_classification_train_002634,60000,27,0,0,0,0,0,0,23690,22413,17399,16553,14259,14134,1283,1584,1217,496,662,489,0
credit_classification_train_002635,320000,34,-2,-2,-1,0,0,0,5159,967,14331,16591,9433,398,967,14331,9433,0,0,3090,0
credit_classification_train_002636,20000,56,3,2,2,2,2,2,17740,17166,19148,18542,20122,19400,0,2273,0,1882,0,0,1
credit_classification_train_002637,200000,55,2,2,3,2,2,2,159017,162697,163143,161906,165807,169599,9159,4842,3000,8000,7000,3000,0
credit_classification_train_002638,240000,43,0,0,0,0,0,0,61190,62506,63864,65130,66494,67441,2300,2400,2329,2411,2050,2000,0
credit_classification_train_002639,160000,40,1,-1,-1,-1,-1,-1,0,567,4027,3100,2123,4899,567,4059,3100,2123,4899,3165,0
credit_classification_train_002640,300000,45,-1,-1,-1,-1,0,-1,41051,70951,18911,15982,2665,57096,71277,19003,16050,2659,54394,52000,0
credit_classification_train_002641,230000,28,-1,-1,-1,-2,-1,-1,875,375,-250,-125,609,362,1000,0,0,4000,3000,9000,0
credit_classification_train_002642,130000,43,0,0,0,0,0,0,87289,81818,41268,31836,33559,10390,5000,2000,2000,2000,2000,2000,0
credit_classification_train_002643,160000,34,-1,-1,-1,-1,-1,-1,2734,0,625,406,338,0,0,625,406,338,0,0,1
credit_classification_train_002644,90000,32,1,2,2,2,2,2,85997,83779,88577,86365,91105,89347,0,7200,0,6200,24,3300,0
credit_classification_train_002645,660000,40,0,0,0,0,2,0,142417,122122,104284,113345,111423,119349,6500,6000,15000,0,10000,6000,0
credit_classification_train_002646,220000,34,0,0,0,0,0,0,37304,33304,29254,24875,20329,15602,1600,1500,1100,1000,600,500,0
credit_classification_train_002647,200000,28,-2,-2,-2,-2,-2,-2,0,0,0,0,0,0,0,0,0,0,0,510,0
credit_classification_train_002648,250000,50,0,0,0,0,-2,-1,238215,182156,121786,-329,-494,1541,9000,5000,0,0,2200,0,0
credit_classification_train_002649,120000,33,2,2,2,2,2,2,87310,89273,91057,91981,89605,95245,4300,4100,3300,0,7100,0,1
credit_classification_train_002650,100000,25,0,0,0,0,2,0,13201,14671,16120,18588,13272,13549,2000,2000,2786,0,639,700,0
credit_classification_train_002651,200000,44,1,2,2,2,0,0,2667,2478,6406,6216,5258,7002,0,4000,14,2000,2000,2000,1
credit_classification_train_002652,20000,22,0,0,0,0,-1,-1,18462,16699,19674,19258,9546,12051,1510,3875,759,10000,19126,1946,0
credit_classification_train_002653,50000,25,1,2,0,0,0,0,43099,42133,43127,44210,45844,49869,0,2000,1800,2500,5500,1801,0
credit_classification_train_002654,240000,26,1,-1,-1,-2,-1,-1,-11,3919,-23,-23,7859,-2,3930,0,0,7882,0,805,0
credit_classification_train_002655,160000,33,0,0,0,0,0,0,130028,107808,71934,118418,118407,120418,4400,3547,80000,4500,4800,4500,0
credit_classification_train_002656,60000,27,1,-1,2,0,0,0,0,3187,2816,3579,3400,4417,3366,0,1000,0,1017,0,0
credit_classification_train_002657,390000,27,0,0,0,0,0,0,375023,376767,359292,348513,272077,225079,13313,13705,15454,144206,9000,10000,0
credit_classification_train_002658,230000,38,0,0,0,0,0,0,217578,224020,227311,184500,128190,130883,9840,8750,7470,4540,4710,4750,0
credit_classification_train_002659,140000,27,0,0,0,0,0,0,142027,143536,141849,131491,94362,85863,7000,5341,4000,3500,3000,13000,0
credit_classification_train_002660,130000,31,0,0,0,0,0,0,97544,99208,102946,103750,105818,98401,4000,5300,3700,3600,3700,3500,0
credit_classification_train_002661,100000,48,-1,-1,2,2,-1,-1,390,780,390,0,780,0,780,0,0,780,0,0,1
credit_classification_train_002662,60000,26,0,0,0,0,0,0,57171,58656,53271,54331,55513,56898,2464,1932,1944,2057,2351,1963,0
credit_classification_train_002663,400000,37,-1,0,-1,0,0,0,10677,31405,26717,25434,6973,9899,31008,26862,3000,2000,3000,0,0
credit_classification_train_002664,20000,43,-1,-1,-1,-1,-1,-1,390,390,390,390,540,930,390,390,390,540,780,0,0
credit_classification_train_002665,500000,39,-2,-2,-2,-2,-2,-2,3220,0,15040,35498,19508,21199,0,15040,35498,19508,21199,10894,1
credit_classification_train_002666,460000,35,0,0,0,0,0,0,442291,449790,450047,453770,396600,392879,16000,17610,17500,13810,14100,14520,1
credit_classification_train_002667,440000,53,0,0,0,0,0,0,295180,284145,255143,234395,216318,202530,13007,9102,10003,5000,5000,6000,0
credit_classification_train_002668,50000,37,0,0,0,0,0,0,16029,17039,18064,19076,19453,19862,1281,1306,1318,695,721,1018,1
credit_classification_train_002669,90000,48,-1,-1,-1,2,-1,0,1102,-14,21816,316,632,316,0,22146,0,632,0,7816,0
credit_classification_train_002670,360000,34,-1,0,0,0,0,0,42720,22303,17959,11933,8371,11196,1430,4987,3966,5081,6605,1511,0
credit_classification_train_002671,110000,32,0,0,0,0,0,-2,42015,38897,29059,20799,-1961,-1961,1575,1377,1007,0,0,66296,0
credit_classification_train_002672,60000,42,0,0,0,0,0,0,54216,27596,28772,19067,19467,9247,4000,2000,1000,1000,331,343,0
credit_classification_train_002673,180000,28,0,-1,-1,0,-1,-1,9796,500,3866,6019,7602,7622,500,3866,3300,7602,7622,0,0
credit_classification_train_002674,500000,57,-2,-2,-2,-2,-2,-2,18726,29914,8340,16561,15662,28935,29914,8340,16561,15701,28935,10000,0
credit_classification_train_002675,80000,26,0,0,0,0,0,0,66982,66130,67489,68535,66835,64962,2986,3056,2787,2745,2564,2926,0
credit_classification_train_002676,20000,48,0,0,2,2,2,2,11492,15791,15806,29542,15484,15046,4500,550,0,1445,0,400,0
credit_classification_train_002677,30000,28,2,2,2,2,2,3,300,300,300,300,1300,1150,0,0,0,1000,150,0,1
credit_classification_train_002678,130000,27,0,0,0,-2,-2,-2,92043,61650,0,0,0,0,2850,0,0,0,0,0,0
credit_classification_train_002679,20000,22,0,0,0,0,0,0,23050,22101,20912,19480,19129,20014,1336,2502,1700,807,2002,1007,0
credit_classification_train_002680,50000,23,0,0,0,0,0,0,47104,25555,16097,16337,16330,16708,2000,1500,800,700,650,700,0
credit_classification_train_002681,290000,29,0,0,0,0,0,0,279804,279377,283202,283401,285291,287510,10000,11000,10000,10000,11000,11000,0
credit_classification_train_002682,180000,28,0,0,0,0,0,0,129719,133702,133758,80055,69672,33194,6070,3521,5000,5000,5004,5029,0
credit_classification_train_002683,120000,37,0,0,0,0,0,0,68329,72212,79334,80531,80944,78771,5000,9000,3000,3100,3000,3000,0
credit_classification_train_002684,50000,24,0,0,0,0,0,0,48789,49755,49551,49800,20000,0,1775,2221,1470,400,0,0,0
credit_classification_train_002685,360000,37,0,0,0,0,0,0,68438,71287,73406,74397,75467,79841,4000,3009,3509,3500,5000,5019,0
credit_classification_train_002686,210000,34,-1,-1,-1,-1,-1,-1,326,983,1297,326,326,326,983,1297,326,326,326,326,1
credit_classification_train_002687,50000,36,-1,-1,-1,-1,-1,-1,1261,1261,1665,1261,1261,390,1261,1665,1261,1261,390,390,0
credit_classification_train_002688,240000,41,-1,-1,-2,-1,-1,-1,5325,-5,-5,1074,1972,1876,5,0,1079,1977,1885,1211,0
credit_classification_train_002689,150000,39,-1,0,0,0,0,-1,12365,58266,40921,24053,25856,77913,53444,20144,14182,16819,78287,15679,0
credit_classification_train_002690,20000,28,0,0,0,2,2,2,6866,8246,10101,9790,10632,10312,1500,2000,0,1000,0,1000,0
credit_classification_train_002691,150000,26,-1,-1,0,0,-1,-1,242,3180,4900,5207,5313,6340,3180,1747,1000,9119,1027,4,0
credit_classification_train_002692,50000,28,0,0,0,0,0,2,48431,45008,40226,41256,43962,44913,1700,2000,1700,3400,1800,0,0
credit_classification_train_002693,250000,56,-2,-2,-2,-2,-2,-2,777,-3,772,-8,-8,1726,0,775,0,0,1734,0,0
credit_classification_train_002694,20000,26,1,2,2,0,0,2,8476,10187,9885,11398,12208,11869,2000,0,2000,1000,0,1200,1
credit_classification_train_002695,450000,34,-1,2,-1,2,-1,-1,42713,6496,9341,2857,83527,0,0,9511,20,84000,0,116,0
credit_classification_train_002696,50000,35,1,2,2,2,2,2,8917,8625,11475,10999,12311,11973,0,3000,0,1800,0,1950,1
credit_classification_train_002697,200000,26,0,0,-2,-2,-1,0,153900,0,0,0,3533,4053,0,0,0,3533,1000,1500,0
credit_classification_train_002698,320000,28,0,0,0,0,0,0,79819,64851,37762,16425,12177,45648,3524,2941,2013,270,42659,100002,0
credit_classification_train_002699,50000,25,1,-1,2,-1,0,-1,6300,3395,3180,1831,1868,3300,9195,0,1831,37,3300,289,1
credit_classification_train_002700,210000,42,-1,-1,-1,-2,-2,-2,4221,336,0,0,0,0,336,0,0,0,0,0,0
credit_classification_train_002701,50000,49,0,0,0,0,0,0,12272,7980,7959,8978,7357,7841,2005,2000,1019,3007,3008,5015,0
credit_classification_train_002702,320000,26,0,0,0,0,0,0,303703,308121,204879,143976,143142,145070,12167,8335,5113,5062,5221,5184,0
credit_classification_train_002703,240000,32,2,2,2,2,2,2,209368,204501,223137,226470,229706,234889,0,22000,8500,8500,9000,0,1
credit_classification_train_002704,180000,39,0,0,0,0,0,0,51496,51588,51869,52999,52096,52704,1838,2000,2468,1850,1909,1902,0
credit_classification_train_002705,360000,31,1,-2,-1,-1,-2,-1,0,0,1650,0,0,1650,0,1650,0,0,1650,0,0
credit_classification_train_002706,50000,28,0,0,3,2,2,0,13258,18647,18064,19462,18854,20380,5635,0,2000,0,2000,2000,1
credit_classification_train_002707,100000,36,8,7,6,5,4,3,110072,108478,105931,104554,102360,100413,0,0,1170,0,0,0,0
credit_classification_train_002708,220000,40,0,0,-2,-1,0,0,21920,0,0,5752,8478,9336,0,0,5752,3000,1000,2000,0
credit_classification_train_002709,200000,48,0,0,0,0,-1,-1,87035,79529,67675,56519,11884,14343,2915,2646,2208,12503,14869,0,0
credit_classification_train_002710,50000,49,0,0,-2,-2,-2,-2,36325,0,0,0,0,0,0,0,0,0,0,0,0
credit_classification_train_002711,400000,29,0,0,0,0,0,0,5074,4097,7716,12538,17305,22499,1097,3716,5000,5000,5668,7000,0
credit_classification_train_002712,230000,29,0,0,0,0,0,0,4827,5605,7719,7601,12140,16145,2000,3050,5000,5000,5000,5000,0
credit_classification_train_002713,200000,27,2,2,2,2,0,0,177998,174350,158632,154522,135375,142526,14600,7000,0,6000,11500,24,1
credit_classification_train_002714,180000,27,0,0,0,0,-1,0,212751,205797,206670,31546,141189,138880,40000,37000,3270,194989,5753,5000,0
credit_classification_train_002715,300000,30,-1,-1,0,0,0,-1,18468,60489,63982,124493,16367,41338,61200,45153,102749,186,45079,40000,0
credit_classification_train_002716,80000,43,0,0,0,0,0,0,78144,78940,80238,50642,50533,50758,3318,3463,1600,1770,50000,1753,0
credit_classification_train_002717,220000,37,0,0,0,0,0,0,152197,154167,158981,162348,164162,168013,6000,7300,7500,6000,6500,7000,0
credit_classification_train_002718,450000,28,-1,-1,-1,-1,-1,-1,108,-58,14276,1346,1448,4005,0,14500,1346,1448,4005,166,0
credit_classification_train_002719,200000,58,0,0,0,0,0,0,105836,108055,110258,112451,115090,117064,3923,4001,4025,4451,4167,3527,0
credit_classification_train_002720,320000,30,0,0,0,0,0,0,71305,71151,72029,72849,74374,74610,2589,2568,2570,2661,2781,2500,0
credit_classification_train_002721,60000,25,0,0,0,2,2,2,24066,24786,27050,26317,28200,28762,1414,2678,0,2310,1173,0,0
credit_classification_train_002722,140000,36,-1,-1,-1,2,-1,2,430,303,8934,580,9071,6317,303,9061,0,9071,0,656,1
credit_classification_train_002723,310000,30,0,0,0,0,0,0,33376,34587,30488,27112,24722,9862,2000,2000,1000,1000,661,1000,0
credit_classification_train_002724,300000,27,0,0,0,0,0,0,105786,113850,116918,119929,122914,125910,9000,4000,4000,4000,4000,4000,0
credit_classification_train_002725,50000,23,1,2,2,2,0,0,10131,10833,20583,19996,19879,18065,1000,10000,400,700,800,600,0
credit_classification_train_002726,20000,44,2,2,2,2,2,0,11623,12436,12943,15428,14883,15494,1300,1000,2700,0,850,850,1
credit_classification_train_002727,140000,36,0,0,2,2,0,0,134783,142708,143475,136331,135778,135910,12800,5000,0,5100,5000,5000,0
credit_classification_train_002728,50000,23,0,0,0,0,-2,-2,33243,16290,12594,0,0,0,2000,2010,0,0,0,0,0
credit_classification_train_002729,360000,34,-1,-1,-1,-1,-1,0,1978,8583,993,26454,10456,31581,8625,998,26561,10456,21738,0,0
credit_classification_train_002730,60000,31,-1,-1,2,-1,-1,-1,326,1152,826,22662,38211,19671,1152,0,22662,38211,19671,12245,0
credit_classification_train_002731,30000,29,0,0,0,0,0,0,15455,6570,11000,12460,28778,24244,2000,5000,2000,17000,1500,2000,0
credit_classification_train_002732,60000,27,0,0,0,0,0,0,39325,40668,42009,43804,44473,45752,2000,2000,2500,1700,2000,1700,0
credit_classification_train_002733,50000,23,0,0,0,0,0,2,34422,32703,22851,6699,10060,7737,1544,1000,0,3361,0,100,0
credit_classification_train_002734,90000,24,0,0,0,-2,-2,-2,77860,76387,0,0,0,0,3292,0,0,0,0,0,0
credit_classification_train_002735,100000,26,0,0,0,0,0,0,50848,51118,48443,50352,51399,53078,3000,3000,3000,3000,3000,3000,0
credit_classification_train_002736,140000,29,0,0,0,0,2,0,140933,140883,138087,141620,110532,111638,5503,7210,15128,0,4200,4300,0
credit_classification_train_002737,50000,45,0,0,0,0,0,0,47823,48468,50955,49813,49290,50603,3144,3878,3000,2500,2000,1787,0
credit_classification_train_002738,170000,30,0,0,0,0,0,0,136639,138223,140964,138064,131845,128827,7200,7405,6022,4606,5006,4809,0
credit_classification_train_002739,220000,31,-1,-1,-1,-1,-1,-1,7521,4023,5878,6452,5157,4159,4028,5892,6463,5163,4169,3733,0
credit_classification_train_002740,170000,35,-1,-1,-1,-1,-1,0,897,861,3749,1487,1939,588,861,3761,1495,1939,0,10613,0
credit_classification_train_002741,100000,29,0,0,0,0,0,0,167410,85536,77303,60178,56436,51773,70001,3769,2008,1950,2001,18000,0
credit_classification_train_002742,500000,30,0,0,0,0,0,0,135634,135796,133712,136069,67837,69514,5034,6000,5355,3500,2513,5000,0
credit_classification_train_002743,240000,27,-2,-2,-2,-2,-2,-2,0,249,913,0,0,0,249,913,0,0,0,0,0
credit_classification_train_002744,120000,33,0,0,0,0,0,0,135770,136901,115299,117498,89417,91370,5000,5000,4620,3200,3300,5000,0
credit_classification_train_002745,60000,38,2,0,0,0,0,0,58190,59615,60379,56921,18050,18385,3000,3100,1409,631,1000,664,1
credit_classification_train_002746,260000,39,0,0,0,0,0,0,107801,122955,117089,95975,62817,61221,30054,20057,5113,3040,20000,30007,0
credit_classification_train_002747,150000,28,2,0,0,0,0,0,65809,55997,46392,36172,25767,16791,1498,1614,1227,655,2000,5000,1
credit_classification_train_002748,80000,40,0,0,0,0,0,0,37123,38317,20896,21604,22035,22496,2072,1651,1359,790,817,821,0
credit_classification_train_002749,320000,31,-2,-2,-2,-2,-2,-2,4445,4959,4000,3992,1590,-10,4984,4121,4012,1598,0,0,0
credit_classification_train_002750,100000,24,1,2,0,0,0,2,7127,6867,8095,9296,10241,9936,0,1500,1500,1100,0,3000,1
credit_classification_train_002751,80000,55,0,0,0,0,0,0,82567,84221,80041,19000,15178,14717,3121,8443,1582,548,531,479,0
credit_classification_train_002752,440000,31,1,2,2,2,0,0,274263,267233,360999,149363,142757,119034,0,100006,0,6000,4000,8000,1
credit_classification_train_002753,240000,41,2,2,2,2,2,2,239633,242710,229923,238940,238775,238202,9000,0,18000,9000,8600,0,0
credit_classification_train_002754,10000,37,0,-1,0,0,0,0,10000,7419,7392,8265,8631,17974,7419,1400,1000,500,500,500,0
credit_classification_train_002755,50000,36,0,0,0,0,0,0,47599,48542,49691,49172,9957,10044,2000,2200,1148,500,500,376,1
credit_classification_train_002756,430000,29,0,0,0,0,0,0,402396,384100,375827,330644,353036,355121,14000,13400,30696,53036,12752,15980,0
credit_classification_train_002757,300000,28,2,0,0,0,0,0,296665,300861,263571,252197,226555,206642,11500,9000,8000,7000,7500,6006,0
credit_classification_train_002758,90000,23,0,-1,-1,0,-1,-1,119836,21836,11036,29836,986,21615,30000,11036,19836,986,21615,5885,0
credit_classification_train_002759,20000,38,0,0,0,0,0,0,18878,19286,18977,18335,18718,18475,1318,1289,647,669,664,682,0
credit_classification_train_002760,140000,56,2,0,0,0,0,0,90462,93167,94370,95894,91600,93347,4212,3600,3258,3313,3258,3223,1
credit_classification_train_002761,140000,56,0,0,0,0,-1,-1,123460,85778,89255,82800,16800,5367,5000,5000,4132,16800,5367,2000,0
credit_classification_train_002762,50000,56,0,0,0,0,0,0,28358,25278,24713,22379,18943,15464,1416,1471,1147,531,464,451,0
credit_classification_train_002763,30000,33,0,0,0,0,0,0,15662,16601,21291,21939,22435,23160,1500,5000,1000,1000,1100,1000,0
credit_classification_train_002764,300000,39,-1,-1,-2,-2,-2,-2,29997,592,1049,-25,-25,-25,598,1057,0,0,0,0,0
credit_classification_train_002765,180000,30,0,0,0,-1,-1,-1,101281,102650,0,975,4645,1000,4650,0,975,4645,1000,0,0
credit_classification_train_002766,110000,40,0,0,2,0,0,0,31042,33971,33143,34157,34950,36175,3454,0,1568,1361,1900,0,0
credit_classification_train_002767,50000,21,-1,0,0,0,0,0,47285,47807,48371,48629,49410,49568,2108,2062,1710,1923,1512,1000,0
credit_classification_train_002768,150000,34,-1,2,2,2,0,0,40749,39815,46887,45832,52968,60034,0,8538,0,8810,8942,9344,0
credit_classification_train_002769,160000,26,-1,-1,-1,-1,0,-1,8036,7663,768,10488,4724,104205,7663,768,10488,2049,104205,3000,0
credit_classification_train_002770,100000,30,2,2,2,2,2,2,29778,30678,31154,31625,31059,33123,1600,1200,1200,0,2500,1300,1
credit_classification_train_002771,170000,50,1,2,2,2,2,2,152495,155698,159029,160628,162808,163364,7200,7300,5700,6300,3300,9300,0
credit_classification_train_002772,120000,35,0,0,0,0,0,0,115600,113690,114609,118232,119052,119232,5521,4232,5602,4123,4330,13245,0
credit_classification_train_002773,200000,50,-2,-2,-1,-1,-1,-1,0,0,1350,0,1265,0,0,1350,0,1265,0,0,1
credit_classification_train_002774,130000,53,0,0,0,0,0,0,18614,20343,22386,24296,25436,27451,2343,2386,2296,1536,2451,2659,0
credit_classification_train_002775,30000,26,2,3,2,0,0,0,26412,25700,24989,25068,26145,27219,0,0,1500,1500,1500,1050,0
credit_classification_train_002776,160000,30,-1,2,2,-1,-1,-1,6548,3200,0,4775,456,0,7,0,4775,456,0,0,0
credit_classification_train_002777,270000,29,0,0,0,0,0,0,62516,48770,47846,39772,35143,44371,1854,1952,1418,5000,14000,2500,0
credit_classification_train_002778,30000,30,0,0,0,0,0,0,27020,27985,28782,24082,17060,0,1703,1500,1000,1000,0,0,0
credit_classification_train_002779,210000,45,0,0,0,0,0,0,203273,188955,183774,152509,136376,131656,6515,7113,6011,4471,4513,4261,0
credit_classification_train_002780,90000,37,-1,2,-1,2,-1,-1,2330,1073,2323,1073,1073,9699,0,2323,0,1073,9699,10289,0
credit_classification_train_002781,360000,32,0,0,0,0,0,0,120533,124530,128518,134368,135626,134864,6000,6000,8000,4918,5000,3300,0
credit_classification_train_002782,70000,48,2,2,2,2,2,2,62775,64139,65516,65945,66267,68549,3000,3000,2100,2000,3500,800,1
credit_classification_train_002783,360000,33,-1,0,0,0,0,0,5334,6849,68133,71708,58551,54678,3017,65009,6784,3041,5044,3042,1
credit_classification_train_002784,260000,54,-1,-1,0,0,0,0,16570,7934,20258,52574,19463,20226,8234,20034,52045,7000,8073,30113,0
credit_classification_train_002785,80000,35,1,-2,-2,-1,-1,-1,0,0,0,19980,173,0,0,0,19980,173,0,0,1
credit_classification_train_002786,170000,30,0,0,0,0,0,0,165327,165627,165871,164606,121547,121118,7400,6328,5280,4300,4500,4300,0
credit_classification_train_002787,340000,36,2,0,0,0,0,0,337981,344920,18921,21205,19810,13586,17181,2000,10000,5000,3000,1000,0
credit_classification_train_002788,60000,23,0,0,0,0,0,0,45648,46850,47214,19595,19209,19323,1937,1301,682,690,816,835,0
credit_classification_train_002789,350000,36,0,0,0,0,0,0,352032,353903,351888,351175,352835,354265,13068,14412,12947,13016,12823,12915,0
credit_classification_train_002790,130000,26,0,0,0,0,0,0,45563,46607,47329,45854,46822,47567,2100,1807,1800,1701,2002,1853,0
credit_classification_train_002791,350000,42,-1,-1,-1,-1,-1,-1,360,360,360,360,510,510,360,360,360,510,510,360,0
credit_classification_train_002792,210000,40,1,2,2,2,0,0,66635,56729,73783,58144,27617,14695,0,20012,24,33,0,223,0
credit_classification_train_002793,180000,27,1,-2,-2,-2,-2,-2,0,0,0,0,0,0,0,0,0,0,0,0,0
credit_classification_train_002794,250000,27,0,0,0,0,0,0,85238,87797,75436,58695,41211,34987,20004,2893,2201,1215,10040,10041,0
credit_classification_train_002795,500000,30,0,0,0,0,0,0,224387,165727,119760,72506,60548,57212,10100,7041,4123,5039,5071,3548,0
credit_classification_train_002796,30000,22,0,0,0,0,0,-2,24979,26418,26791,14500,0,0,1859,1232,1040,0,0,0,1
credit_classification_train_002797,200000,26,0,0,0,0,0,0,50124,51122,52533,52772,53441,22246,1830,2235,1447,1069,445,9332,0
credit_classification_train_002798,80000,37,2,0,0,-2,-2,-2,52052,51407,0,0,0,0,2000,0,0,0,0,0,1
credit_classification_train_002799,200000,32,-1,-1,-1,-1,0,-1,4640,17950,13056,2500,500,500,18116,13113,2522,0,500,500,0
credit_classification_train_002800,200000,45,0,0,0,0,0,0,97933,78409,58998,60219,61748,64220,3200,2200,2200,2500,3500,90000,0
credit_classification_train_002801,140000,42,0,0,0,0,0,0,158495,160681,144194,144802,147311,150207,5530,6600,5100,5460,5460,5100,0
credit_classification_train_002802,210000,42,-1,-1,-1,-1,-1,-1,3096,5260,3298,2972,975,3441,5260,3298,2972,975,3441,1666,0
credit_classification_train_002803,80000,43,-2,-2,-2,-2,-2,-2,398,379,298,-300,-300,-300,381,607,0,0,0,598,1
credit_classification_train_002804,110000,28,0,0,0,0,0,0,111425,95724,97712,99687,100937,103138,4300,4422,4493,3800,3975,3773,0
credit_classification_train_002805,140000,34,0,0,2,0,0,0,121374,125965,102527,103337,105942,101830,8200,3000,4000,4500,4000,4200,0
credit_classification_train_002806,170000,51,0,0,0,0,0,0,201851,195038,189067,180389,137030,129222,6873,7509,5573,4309,4239,5142,1
credit_classification_train_002807,20000,26,1,4,3,2,3,2,19276,18691,18048,18553,19465,16523,0,0,1000,1400,0,3000,0
credit_classification_train_002808,90000,31,2,2,0,0,0,0,90089,91196,89779,89214,88847,88724,3500,4400,5013,4000,4000,4000,1
credit_classification_train_002809,70000,23,0,0,0,0,0,0,39935,40973,41989,42823,43718,45203,1683,1699,1533,1585,2210,1875,0
credit_classification_train_002810,50000,34,0,0,0,0,0,0,27080,23365,24962,25557,26156,26032,1500,2000,1000,1000,1000,1000,0
credit_classification_train_002811,60000,55,3,2,2,0,0,0,60521,61450,57244,28853,29510,26547,2504,7,1200,1200,1100,1500,0
credit_classification_train_002812,20000,31,0,0,0,0,0,0,35651,20160,20080,19680,19680,0,4960,1400,0,0,0,0,0
credit_classification_train_002813,50000,43,0,0,0,0,0,0,9784,11578,7384,13479,6734,6801,2303,2095,500,1000,500,500,1
credit_classification_train_002814,80000,47,1,2,-1,-1,-1,-1,17401,8824,13261,6261,6261,6261,0,13261,6261,6261,6261,6261,0
credit_classification_train_002815,240000,30,0,0,0,0,0,0,89009,71169,67528,64238,65521,65829,3071,2390,2311,2330,2392,2504,0
credit_classification_train_002816,250000,28,0,0,0,0,0,0,249827,191305,90497,92278,93354,95309,8500,3899,3913,3186,3301,3525,0
credit_classification_train_002817,50000,22,0,0,2,0,0,0,25561,26951,26570,28085,27009,28142,2134,1000,2001,910,1510,500,0
credit_classification_train_002818,240000,30,0,0,0,0,0,0,226315,231582,226909,135626,138520,141280,9100,9859,4147,3691,3700,3729,0
credit_classification_train_002819,300000,58,-1,-1,-1,-2,-1,0,13620,5779,-1921,-1921,1912,1921,5823,0,0,3833,9,0,0
credit_classification_train_002820,140000,35,0,0,0,0,0,0,84873,82471,84235,82432,81465,83160,4000,4010,3800,3200,3100,3000,0
credit_classification_train_002821,10000,54,1,2,0,0,0,0,8210,7936,8792,9117,9305,9504,0,1146,471,483,502,460,0
credit_classification_train_002822,150000,32,0,0,0,-2,-2,-2,75918,77025,0,0,0,0,3525,0,0,0,0,0,0
credit_classification_train_002823,310000,44,-1,0,0,0,0,0,67423,67729,113788,106919,100656,93846,10000,56000,5000,4000,3300,5000,0
credit_classification_train_002824,300000,41,0,0,0,0,0,0,163033,140472,96234,64482,100558,76056,5505,5000,3000,95000,4000,3500,0
credit_classification_train_002825,60000,26,-1,-1,2,-1,0,-1,3437,16932,2301,6220,2227,10416,16960,0,6227,0,10416,0,0
credit_classification_train_002826,370000,28,0,0,0,0,0,-1,87313,90345,37554,7628,1026,1422,5000,6000,2000,1000,1422,3600,0
credit_classification_train_002827,50000,22,1,2,0,0,0,0,50781,45429,28927,19896,19475,19168,41,1617,816,1003,1004,912,0
credit_classification_train_002828,290000,28,0,0,0,0,0,0,240745,216678,205930,209010,213471,217561,9323,9000,8000,8000,7800,8238,0
credit_classification_train_002829,60000,29,0,0,0,0,0,0,54050,54555,15177,16610,16821,20048,2500,2000,2000,628,3525,3000,0
credit_classification_train_002830,120000,31,-1,-1,-1,-1,-1,-1,1769,390,390,390,390,390,390,390,390,390,390,1079,0
credit_classification_train_002831,500000,49,-2,-1,-1,-1,0,0,3645,2744,1000,16639,7081,0,2744,1005,16639,142,0,10220,0
credit_classification_train_002832,500000,39,0,-1,-1,-1,-2,-2,11712,523,1543,0,0,0,523,1543,0,0,0,0,0
credit_classification_train_002833,150000,25,0,0,0,0,0,2,39445,40799,40832,33843,37015,30074,2000,1417,1256,4429,1000,0,0
credit_classification_train_002834,80000,29,0,0,0,0,0,0,51630,54183,55685,58642,60533,61823,4000,3000,4500,3000,2300,6500,0
credit_classification_train_002835,50000,34,0,0,0,0,0,0,49454,49157,49773,48398,32584,33322,1792,2208,1513,1149,1245,1271,0
credit_classification_train_002836,100000,32,0,0,0,0,0,0,79158,93667,58161,41414,28835,29423,23591,2116,1400,1165,588,639,0
credit_classification_train_002837,210000,42,-1,-1,-1,-1,-1,-1,2827,3517,4412,2700,3578,4075,3527,4425,2708,3588,4087,1841,0
credit_classification_train_002838,90000,34,2,0,0,0,0,0,54933,55460,56599,58155,60058,61250,2009,2057,2500,3000,2189,2282,1
credit_classification_train_002839,20000,33,0,0,0,0,0,0,16128,17441,18589,18607,19892,24338,2000,2000,2001,2001,100,4737,0
credit_classification_train_002840,80000,32,-1,-1,-1,-1,-1,-1,1253,4091,4111,940,1550,4030,4091,4120,949,1550,4030,6030,0
credit_classification_train_002841,20000,43,1,-1,2,0,0,0,-20,780,780,1560,780,0,800,0,0,0,0,0,0
credit_classification_train_002842,180000,26,0,0,0,0,0,0,171041,111580,71902,10045,10484,10816,5000,3340,500,1000,1000,416,0
credit_classification_train_002843,380000,36,-2,-1,-1,-1,-1,2,3744,20334,8499,53235,101439,34579,20498,8549,53471,101785,117,32347,1
credit_classification_train_002844,50000,25,0,0,0,0,0,0,37034,37698,37252,38254,38445,39273,1586,1624,1626,1377,1448,1399,0
credit_classification_train_002845,80000,25,-1,2,2,0,0,0,1374,2373,2182,2232,3053,2271,1170,0,220,1000,282,0,0
credit_classification_train_002846,100000,30,0,0,0,0,0,0,58335,56745,56058,51573,47665,43756,2801,2300,1613,1594,1654,1222,0
credit_classification_train_002847,390000,27,1,-2,-1,-1,-1,0,0,0,6757,0,3339,3339,0,6757,0,3339,0,0,0
credit_classification_train_002848,200000,39,0,0,0,0,0,0,155693,158710,133245,131906,135533,137809,6000,5000,4871,5905,5491,5000,0
credit_classification_train_002849,50000,38,0,0,-1,0,0,-1,2410,0,4494,3034,2327,5892,0,4494,61,47,5892,164,0
credit_classification_train_002850,110000,29,0,0,0,0,0,0,107221,109494,111954,111771,111703,111864,4000,4300,4164,4500,4200,5000,0
credit_classification_train_002851,260000,35,1,-1,-1,-1,-1,-1,-15,16596,1935,5365,0,294,16611,1935,5365,0,294,741,0
credit_classification_train_002852,450000,29,1,-2,-2,-2,-2,-2,1261,1261,1261,1261,1261,1261,1261,1261,1261,1261,1261,1261,0
credit_classification_train_002853,20000,24,0,0,2,0,0,0,14558,17212,16635,16678,17268,17563,3200,0,600,1840,800,626,0
credit_classification_train_002854,80000,45,1,2,0,0,2,0,74081,72329,74409,78180,76831,79570,0,3300,5600,0,4000,4000,1
credit_classification_train_002855,290000,31,2,0,0,0,0,0,45021,44702,35181,28847,28131,3016,2700,1707,1800,0,0,2411,1
credit_classification_train_002856,280000,27,-1,-1,-1,-1,-1,-1,5924,5174,980,3058,3158,9530,5174,1078,3058,3158,9530,0,0
credit_classification_train_002857,30000,30,0,0,0,0,-1,0,29993,29890,28561,-229,23930,26655,1856,1000,1698,24860,3500,3000,0
credit_classification_train_002858,360000,29,-1,2,-1,-1,0,-1,780,390,390,540,540,390,0,390,540,390,390,390,0
credit_classification_train_002859,120000,46,0,0,2,2,2,2,14682,17325,17936,18536,19091,19629,3200,1200,1200,1000,1000,0,0
credit_classification_train_002860,150000,25,-1,-1,-1,-1,0,-1,1344,1041,2021,4495,15145,525,1041,2021,4495,10650,525,0,0
credit_classification_train_002861,210000,30,0,0,0,0,0,0,32903,33275,34174,34141,34456,34737,1600,1846,1209,1248,1247,1212,1
credit_classification_train_002862,200000,57,1,-2,-2,-2,-2,-2,0,0,0,0,0,0,0,0,0,0,0,0,1
credit_classification_train_002863,280000,41,0,0,0,0,0,0,9551,12848,15345,19211,22817,37323,5000,5000,5000,5000,16000,0,0
credit_classification_train_002864,50000,41,-1,-1,-1,0,-1,-1,390,390,780,390,390,390,390,780,0,390,390,1170,1
credit_classification_train_002865,270000,53,0,0,0,0,0,0,239963,224278,196747,108242,72480,36440,8710,8119,4500,3000,2000,131904,1
credit_classification_train_002866,110000,29,3,2,2,4,4,3,600,600,600,600,600,300,0,0,0,0,0,0,1
credit_classification_train_002867,310000,27,1,-1,-1,-2,-1,-1,0,113,0,0,6960,6008,113,200,0,6960,6008,0,1
credit_classification_train_002868,310000,37,-2,-2,-2,-2,-2,-2,0,0,0,0,0,0,0,0,0,0,0,0,1
credit_classification_train_002869,130000,23,-1,-1,-1,-1,-1,0,4459,13453,3656,5008,13734,14976,13485,3656,5024,13734,3000,822,0
credit_classification_train_002870,350000,33,-2,-2,-2,-2,-2,-2,6016,4322,5568,9571,6370,9674,4348,5596,9632,6402,9722,24086,0
credit_classification_train_002871,20000,28,-1,-1,-1,-1,-1,-2,780,1180,0,410,0,-2000,1180,0,410,1000,2000,2000,0
credit_classification_train_002872,250000,36,-1,-1,-1,-1,-1,0,6378,72173,6341,174,1676,388,72534,6456,174,1682,2,0,0
credit_classification_train_002873,290000,26,0,0,0,0,0,0,262518,180499,138326,128721,95657,90210,6500,5300,4000,5000,3000,2974,1
credit_classification_train_002874,50000,53,0,0,0,0,0,0,47750,49149,47843,29018,29777,28722,2180,1874,1049,1237,1100,1300,1
credit_classification_train_002875,210000,24,-2,-2,-2,-1,-1,-1,973,4197,1772,7293,1508,2498,4224,2631,8132,1563,2506,2135,0
credit_classification_train_002876,130000,33,2,2,0,0,0,0,73250,71473,73892,74400,62134,63430,0,3572,2645,1813,1878,2210,1
credit_classification_train_002877,30000,38,1,2,0,0,0,0,30771,29975,27541,27785,28839,29412,0,2000,1000,1500,1052,591,0
credit_classification_train_002878,200000,41,0,-1,-1,-1,0,0,6981,678,1287,54531,55229,56836,1000,1350,54531,2200,2500,2300,0
credit_classification_train_002879,400000,39,0,0,-1,0,0,0,10260,17794,6402,20772,12406,10945,12201,6430,20118,5037,5054,3104,0
credit_classification_train_002880,230000,40,1,-2,-1,-1,-1,-1,0,0,3504,4272,2977,1900,0,3504,4272,2977,1900,0,0
credit_classification_train_002881,160000,38,-1,-1,-1,-1,-1,-1,827,827,827,827,827,827,827,827,827,827,827,827,0
credit_classification_train_002882,240000,32,0,0,-2,-2,-2,-2,12000,0,0,0,0,0,0,0,0,0,0,0,0
credit_classification_train_002883,70000,27,0,0,0,0,0,0,17058,59481,50890,50981,54122,58227,52896,2047,1861,4000,5000,3044,0
credit_classification_train_002884,380000,33,-1,-1,-1,-1,-1,-1,2989,3731,3003,69127,33815,115854,3742,3012,69294,33827,115860,64486,0
credit_classification_train_002885,20000,31,-2,-2,-2,-2,-2,-2,264,264,2227,1357,1357,4500,264,2227,1357,1357,4500,1357,0
credit_classification_train_002886,130000,33,0,0,0,0,0,0,63505,64121,66351,73399,71007,71253,5000,5000,10000,3000,3000,3228,0
credit_classification_train_002887,100000,55,2,-1,-1,-1,-2,-1,435,435,285,-150,-585,1020,435,285,0,0,2040,0,0
credit_classification_train_002888,160000,28,0,0,0,0,0,0,40854,41849,42889,43904,44777,45866,1676,1716,1731,1604,1812,1667,0
credit_classification_train_002889,130000,29,0,0,0,0,0,0,65861,67857,69945,74082,75653,77259,3698,3786,5923,2796,2815,2929,0
credit_classification_train_002890,50000,25,0,0,0,0,0,0,47034,47521,47633,47482,48162,48926,2100,2500,2000,2000,1685,2000,0
credit_classification_train_002891,310000,29,0,0,0,0,0,0,44592,40110,39805,36823,38987,32304,2000,1620,1332,2772,1500,1500,0
credit_classification_train_002892,20000,53,3,4,3,2,3,2,15507,14974,14449,15116,14582,14206,0,0,1200,0,0,2230,1
credit_classification_train_002893,60000,41,0,0,0,0,0,0,60672,58929,60335,59384,60861,59241,2741,3000,2300,2600,2200,2665,0
credit_classification_train_002894,60000,36,1,-2,-2,-2,-2,-2,0,0,0,0,0,0,0,0,0,0,0,0,1
credit_classification_train_002895,60000,45,0,0,0,0,0,0,60035,60776,49802,50965,19275,17976,2380,2262,3000,1500,1000,1500,1
credit_classification_train_002896,20000,37,0,0,0,0,0,0,15429,16436,17584,18166,8190,8190,1270,1418,1000,3144,0,0,0
credit_classification_train_002897,180000,33,-1,-1,-1,-1,-1,-1,3060,2337,766,316,4356,316,2337,766,316,4356,316,716,0
credit_classification_train_002898,110000,27,1,2,0,0,0,0,59580,54255,55474,45467,46285,47334,0,2230,2100,2010,2150,1200,1
credit_classification_train_002899,70000,46,2,2,2,2,2,2,24036,25035,25930,26206,26477,27404,1700,1600,1000,1000,1500,0,1
credit_classification_train_002900,200000,27,0,0,0,0,0,2,233637,175918,181089,183180,192223,189681,7000,8100,6600,12000,0,6054,1
credit_classification_train_002901,80000,31,-1,-1,-1,-1,-1,-1,1068,0,100,0,1050,-150,0,100,0,1050,0,0,1
credit_classification_train_002902,270000,33,-2,-2,-2,-2,-2,-2,0,0,1205,0,0,0,0,1205,0,0,0,0,0
credit_classification_train_002903,20000,40,1,2,2,2,3,2,15476,16533,15975,17903,17336,16910,1600,0,2500,0,0,2000,0
credit_classification_train_002904,150000,41,-1,-1,-2,-1,0,0,1650,0,0,6784,6923,14116,0,0,6784,159,167,760,0
credit_classification_train_002905,20000,43,0,0,0,2,0,-1,18100,17926,19485,19503,19566,1320,2000,3000,1200,1000,1400,0,0
credit_classification_train_002906,230000,44,-1,-1,-1,-1,-1,-1,5630,390,5090,19394,205,0,390,5090,19394,0,3916,3916,1
credit_classification_train_002907,330000,32,-2,-2,-2,-1,-1,-1,28106,1323,-363,137,4094,607,2701,363,513,4107,607,0,0
credit_classification_train_002908,200000,25,1,-2,-2,-2,-2,-1,2396,1823,1630,2203,1443,1823,1823,1630,2203,1443,1823,1027,0
credit_classification_train_002909,30000,23,2,2,2,2,2,2,10732,20501,20831,21231,20589,31018,10000,1000,1000,0,13000,0,0
credit_classification_train_002910,30000,30,2,0,0,0,2,2,21326,20425,20135,19529,17428,25227,1400,1700,1679,0,10000,0,1
credit_classification_train_002911,30000,32,1,2,2,0,0,0,29095,30819,29214,29478,23384,22428,2500,0,910,1000,1000,1000,0
credit_classification_train_002912,20000,47,0,0,0,0,0,0,18768,18795,19390,19464,18126,18827,1400,1400,1000,700,1600,0,0
credit_classification_train_002913,180000,39,0,0,0,0,0,0,65710,58159,60188,61090,62450,63911,2500,3000,2500,2500,2500,3000,0
credit_classification_train_002914,200000,40,1,-2,-2,-2,-2,-2,2418,0,0,0,0,0,0,0,0,0,0,0,0
credit_classification_train_002915,80000,37,-1,-1,-1,-1,-1,-1,10115,249,5986,188,1644,16872,258,5995,188,1644,16872,4000,0
credit_classification_train_002916,400000,35,0,0,0,0,0,0,109943,222085,223350,213831,210563,211925,120018,10071,8037,8018,8809,5022,1
credit_classification_train_002917,400000,37,-2,-2,-2,-1,0,0,2218,13181,4039,10692,18692,19565,13256,4039,10692,8000,9000,1000,0
credit_classification_train_002918,30000,44,1,2,2,2,0,0,19397,18659,22544,21889,22721,23401,1500,4500,0,1500,1200,2000,1
credit_classification_train_002919,230000,42,-2,-2,-1,-1,-1,0,-138,-69,231,4749,33389,34928,0,300,4749,38000,5000,3000,0
credit_classification_train_002920,50000,22,2,2,2,2,2,2,40189,43434,44316,45189,46214,48904,3900,1900,1900,1900,3600,0,0
credit_classification_train_002921,150000,38,0,0,0,0,0,0,40441,38497,39552,40393,41243,42157,2000,2000,1500,1500,1600,1600,0
credit_classification_train_002922,500000,42,1,-1,2,2,0,0,-984,3516,1924,1924,8924,6729,4500,0,0,7000,36,532,1
credit_classification_train_002923,500000,41,-1,-1,2,0,0,-1,10386,34000,28854,92952,50089,2165,28854,0,70000,32000,2165,41242,0
credit_classification_train_002924,20000,23,-1,0,0,0,0,0,9525,16977,18546,18846,18066,17463,8000,2000,900,0,1000,0,0
credit_classification_train_002925,380000,39,-1,-1,0,0,0,0,19261,81961,61189,38875,17876,13313,81975,1480,3000,1000,3000,10024,0
credit_classification_train_002926,430000,30,0,0,0,0,0,0,62774,68284,74806,82241,80298,53289,10284,10806,12241,1606,1119,52319,0
credit_classification_train_002927,260000,42,-2,-2,-2,-2,-2,-2,246,246,246,246,246,246,246,246,246,246,246,246,0
credit_classification_train_002928,190000,34,0,0,2,0,0,2,138628,156232,152251,153820,163265,166627,21440,0,5600,11950,6200,0,0
credit_classification_train_002929,120000,29,-1,-1,-1,-1,-1,-1,380,380,380,380,380,380,380,380,380,380,380,2880,0
credit_classification_train_002930,80000,38,0,0,0,2,0,0,39410,41460,46307,45324,41887,38600,3000,6000,0,2033,5000,1500,0
credit_classification_train_002931,100000,38,1,-2,-2,-1,-1,2,0,0,0,53,4009,316,0,0,53,4328,0,10401,0
credit_classification_train_002932,80000,53,0,0,0,0,0,0,48688,101878,20475,20325,20276,20662,2530,3990,850,800,1100,1100,0
credit_classification_train_002933,20000,22,1,2,0,0,0,0,8222,7948,8958,9456,10150,10727,0,1300,800,1000,900,2130,1
credit_classification_train_002934,250000,48,1,-2,-2,-2,-2,-2,0,0,0,0,0,0,0,0,0,0,0,0,1
credit_classification_train_002935,50000,38,0,0,0,0,2,2,7980,10513,9922,8633,8385,7862,3000,1200,1800,0,1600,0,0
credit_classification_train_002936,100000,30,2,0,0,0,0,0,53718,55851,56424,57584,58957,60317,3000,2100,2100,2300,2500,2500,0
credit_classification_train_002937,50000,35,0,0,0,0,0,0,41970,31319,18172,18687,19234,19552,1291,1303,818,1000,787,559,0
credit_classification_train_002938,360000,25,-1,-1,-1,0,0,-1,586,14074,5672,5084,3317,1646,14076,5672,0,0,1646,3875,0
credit_classification_train_002939,230000,33,0,-1,-1,-1,-1,-1,7990,13450,56729,-1310,6734,87161,13450,56729,0,8044,87161,5000,0
credit_classification_train_002940,260000,29,0,0,0,0,0,0,267336,264929,234214,169096,117873,79782,11000,9800,6000,4088,3000,3000,1
credit_classification_train_002941,90000,24,2,2,2,0,0,0,124457,118666,105806,98257,91442,66762,6600,0,2915,3154,2977,90000,1
credit_classification_train_002942,330000,38,-2,-2,-2,-2,-2,-2,0,0,0,0,0,0,0,0,0,0,0,0,1
credit_classification_train_002943,60000,47,0,0,0,0,0,0,9253,56120,57614,58699,57302,51812,50000,3000,2700,3000,3000,3000,0
credit_classification_train_002944,80000,31,0,0,0,0,0,0,28190,27045,22843,20578,19049,16221,1751,1500,1000,779,545,500,1
credit_classification_train_002945,80000,29,0,0,0,-2,-2,-2,58246,61650,0,0,0,0,5000,0,0,0,0,0,0
credit_classification_train_002946,100000,39,0,0,0,0,0,0,121895,107315,115214,83649,59993,62813,4500,10000,11000,3000,4000,3000,1
credit_classification_train_002947,50000,55,2,2,2,0,0,0,19056,18586,17418,15004,15804,17443,1000,1000,1000,1000,4024,2000,0
credit_classification_train_002948,90000,40,0,0,0,0,0,0,87190,86135,87247,88943,90961,44522,3068,3335,3319,3590,1368,1121,0
credit_classification_train_002949,60000,31,2,0,0,0,2,2,19921,20993,21736,23172,22661,24087,1700,1400,1800,0,1800,0,0
credit_classification_train_002950,140000,27,-1,-1,-1,-1,-1,-1,1186,3713,390,390,6580,0,4000,390,390,6580,0,780,0
credit_classification_train_002951,120000,37,2,2,2,2,2,2,117681,119513,120990,121795,113328,120615,5200,5000,4200,0,9200,0,1
credit_classification_train_002952,210000,26,0,0,0,0,0,0,186544,188366,173694,163481,128216,113292,8102,7798,12246,5268,5000,10000,0
credit_classification_train_002953,480000,39,0,0,0,0,0,0,502904,481990,476680,402695,362128,347271,180000,17000,12638,12058,11101,9567,0
credit_classification_train_002954,100000,27,2,0,0,2,2,2,34694,36014,39321,39145,39494,39896,1900,4200,900,1400,900,6440,1
credit_classification_train_002955,50000,58,0,0,0,0,0,0,24885,26250,26955,27647,28149,28940,1772,1447,1139,1100,1262,1009,0
credit_classification_train_002956,360000,31,1,-1,-1,-1,-1,-2,0,951,3760,752,0,0,951,3760,752,0,0,0,0
credit_classification_train_002957,170000,44,-1,-1,-1,-1,-1,-1,29940,15903,5641,2194,18601,2557,15927,5641,2194,18601,2557,3871,0
credit_classification_train_002958,20000,35,0,0,0,-1,-1,-1,17008,17922,18421,7032,0,1000,1501,1000,7200,0,1000,2017,0
credit_classification_train_002959,220000,29,0,0,0,-2,-2,-2,31037,6244,0,0,0,0,3050,0,0,0,0,0,0
credit_classification_train_002960,60000,30,0,0,0,0,0,0,57041,58268,59568,61298,29587,27267,2148,2303,2669,1032,1000,1300,0
credit_classification_train_002961,80000,26,0,0,0,0,0,0,78872,80301,74349,75443,57735,58139,2800,2800,2400,2100,2100,2100,0
credit_classification_train_002962,140000,45,0,0,0,0,2,2,53951,55444,57549,60971,61374,63243,3000,3000,5000,2000,3000,2500,0
credit_classification_train_002963,50000,43,0,0,0,0,0,0,42627,39610,26538,20818,19759,17907,1610,1279,687,690,671,506,0
credit_classification_train_002964,310000,33,-2,-2,-2,-2,-2,-2,115,894,0,0,0,0,894,0,0,0,0,0,1
credit_classification_train_002965,360000,31,1,-1,2,-1,0,0,0,238,238,3730,3930,3930,238,0,3730,200,0,0,0
credit_classification_train_002966,80000,41,0,0,0,0,0,-1,52456,20925,15115,12465,6925,6049,11500,3000,4000,1260,6100,0,0
credit_classification_train_002967,50000,22,0,0,0,0,-1,-1,6673,5054,2340,1990,1377,1080,1056,1000,40,1377,1080,382,1
credit_classification_train_002968,150000,36,-1,-1,-1,-1,-1,0,9788,6252,30244,2434,29139,26987,6252,30620,2434,29139,1210,10000,0
credit_classification_train_002969,170000,35,0,0,0,0,0,0,51207,38528,34688,30542,61032,23711,5000,2000,3000,1000,6000,8753,0
credit_classification_train_002970,500000,34,-1,-1,-1,-1,-1,-1,1895,1086,740,0,1868,1883,1086,740,0,1868,1883,621,0
credit_classification_train_002971,10000,40,0,0,0,0,0,-2,8286,9395,10000,10000,0,0,1400,1000,0,0,0,0,0
credit_classification_train_002972,200000,29,-1,-1,-1,-1,-1,-1,9585,1686,820,1889,6617,3986,1735,824,1889,6617,3986,2460,0
credit_classification_train_002973,120000,48,0,0,0,0,0,-2,61673,60679,61943,58744,-36156,-36156,2345,3419,5026,15651,0,0,0
credit_classification_train_002974,130000,28,-1,-1,-1,-1,-1,-1,390,7412,390,4134,540,390,7412,390,4134,540,390,2596,0
credit_classification_train_002975,150000,37,0,0,0,0,0,0,86037,84679,82490,78890,75240,75639,5000,5000,4000,3500,3000,4000,0
credit_classification_train_002976,50000,27,0,0,0,0,0,-1,50580,48956,49252,28838,2102,19366,3000,4063,1700,600,20000,1000,0
credit_classification_train_002977,180000,65,0,-1,0,0,0,0,191309,174775,174702,176816,180911,123229,175100,7000,5000,5309,5288,3000,1
credit_classification_train_002978,180000,27,0,0,0,0,0,0,20793,18795,23194,44070,39003,26424,10053,12057,30035,863,72,37,0
credit_classification_train_002979,300000,29,-1,-1,-1,-1,-1,-2,3438,28,342,25022,0,0,28,342,25081,0,0,0,0
credit_classification_train_002980,170000,29,0,0,0,0,0,0,50104,32978,11779,79862,39617,34091,2000,2009,78417,8000,3000,3000,0
credit_classification_train_002981,450000,39,-1,-1,-1,-1,-1,-1,242,0,2343,2313,8295,699,0,2343,2313,8295,1806,1274,0
credit_classification_train_002982,200000,34,1,-2,-2,-2,-2,-2,0,0,0,0,0,0,0,0,0,0,0,17000,0
credit_classification_train_002983,70000,24,0,0,0,0,0,0,68689,68161,69534,67399,66963,66797,3120,3166,2609,2574,3000,3500,0
credit_classification_train_002984,50000,22,0,0,0,0,0,0,18471,19483,19431,19307,19361,19738,1329,1307,683,857,856,834,0
credit_classification_train_002985,180000,33,-2,-2,-2,-2,-2,-2,8492,5199,9973,10069,13190,20127,5199,9973,10083,13279,20127,9422,0
credit_classification_train_002986,350000,56,-2,-2,-2,-2,-2,-2,1966,14440,13176,9399,10477,10775,14515,13316,9446,10529,10829,12876,0
credit_classification_train_002987,30000,32,0,-1,-1,-1,0,-1,28701,26108,17595,24715,22136,22738,27078,17648,25008,509,22806,10035,0
credit_classification_train_002988,140000,30,0,0,0,0,0,0,97288,98068,98098,97055,97035,101525,4400,4500,3500,3500,8000,500,1
credit_classification_train_002989,330000,36,0,0,0,0,0,0,43943,41738,37766,37117,30555,13420,5019,1952,2000,814,475,697,0
credit_classification_train_002990,360000,49,0,0,0,0,0,0,170792,153458,136109,114908,111274,110141,5729,5365,4664,3890,3899,4724,0
credit_classification_train_002991,180000,49,-2,-2,-2,-2,-2,-2,0,0,0,0,45,0,0,0,0,45,0,2380,0
credit_classification_train_002992,180000,26,0,0,-2,-2,-2,-2,8516,0,0,0,0,0,0,0,0,0,0,0,1
credit_classification_train_002993,100000,29,2,0,0,0,0,2,43531,45103,45779,46912,49715,48791,2600,2200,2200,3900,0,6100,1
credit_classification_train_002994,60000,24,0,0,0,0,0,0,60839,59316,59707,18490,19505,20197,3400,1705,1200,1300,1003,1000,0
credit_classification_train_002995,60000,32,0,0,0,0,0,0,59166,39328,38313,28660,31398,9966,2000,2300,1700,10000,1200,20000,0
credit_classification_train_002996,80000,44,0,0,0,0,0,0,80610,81008,80725,50472,50340,42393,6502,4000,1889,2000,7700,9600,0
credit_classification_train_002997,50000,53,1,2,0,0,0,0,51254,49852,28379,15988,16718,17446,0,6200,2000,1000,1000,1000,0
credit_classification_train_002998,80000,32,-2,-2,-2,-2,-2,-2,871,3179,3344,3552,0,0,3381,3384,3958,0,0,0,0
credit_classification_train_002999,150000,28,0,0,0,0,0,-2,147933,111608,91705,32907,0,0,3202,20088,700,0,0,0,0
credit_classification_train_003000,90000,54,-1,-1,-1,-1,-1,-1,692,392,332,14579,2091,506,394,332,14579,2091,506,417,0
credit_classification_train_003001,130000,44,1,2,2,2,2,2,5230,4998,7898,7021,46431,45891,0,3000,0,40200,0,780,1
credit_classification_train_003002,180000,42,0,0,0,0,0,2,258662,265416,279551,285045,298652,296036,11056,20000,12000,18000,0,5651,0
credit_classification_train_003003,30000,29,2,2,2,0,0,0,20501,25151,24453,24849,25399,27020,5000,0,1100,1100,2200,1200,0
credit_classification_train_003004,330000,37,0,0,0,0,0,0,46348,37052,36228,37833,37694,41269,1574,1640,3000,3000,4016,2049,0
credit_classification_train_003005,160000,25,1,-1,0,0,0,-2,0,1000,2043,3133,0,0,1000,1043,1133,0,0,7482,1
credit_classification_train_003006,160000,33,0,-1,-1,-1,0,0,9765,2836,824,948,632,316,2836,824,948,0,0,316,0
credit_classification_train_003007,300000,39,1,-2,-1,-1,-1,-1,-3928,-5973,4735,6186,116,14429,1720,344467,6822,49,15000,12000,1
credit_classification_train_003008,100000,33,1,-2,-2,-2,-1,0,0,0,0,0,79679,79691,0,0,0,79679,3300,3210,0
credit_classification_train_003009,350000,32,-2,-2,-2,-2,-2,-2,384,717,409,0,944,534,717,409,0,944,534,2281,0
credit_classification_train_003010,210000,43,0,0,0,0,0,0,209781,180962,181870,159975,138349,112371,6500,6601,5085,4087,4220,27704,0
credit_classification_train_003011,240000,25,1,-1,-1,-1,-1,-2,0,587,0,2417,0,0,587,0,2417,0,0,7642,0
credit_classification_train_003012,230000,30,-1,-1,-2,-2,-2,-1,2380,0,0,0,0,31868,0,0,0,0,31868,13216,0
credit_classification_train_003013,30000,27,0,0,0,0,2,2,8476,9677,10715,13218,12709,17463,1500,1500,3000,0,5000,0,0
credit_classification_train_003014,130000,27,0,0,0,0,0,0,32464,33805,34810,35194,35951,36703,1867,1872,1256,1500,1500,1500,0
credit_classification_train_003015,50000,40,2,2,0,0,0,0,49157,47990,38426,7816,7859,7979,0,2050,500,500,400,400,1
credit_classification_train_003016,200000,30,1,2,2,2,2,2,182499,184632,180260,192260,187714,195702,6600,0,15000,0,11013,5549,1
credit_classification_train_003017,420000,35,0,0,0,0,0,0,63715,62201,56125,49114,47563,45829,3002,2200,1700,1800,1700,1500,0
credit_classification_train_003018,30000,32,2,2,0,0,0,-1,28156,27422,28335,20946,15525,7422,0,1542,1024,1000,7422,281,1
credit_classification_train_003019,50000,40,0,0,0,0,0,0,52828,93362,46645,19114,19341,20047,3000,2403,6700,1000,1000,2000,0
credit_classification_train_003020,20000,24,1,2,2,2,0,0,6696,7437,8810,9470,18315,19237,1000,1495,1000,9000,1800,900,1
credit_classification_train_003021,150000,27,-2,-2,-2,-2,-2,-2,35688,14736,36490,3125,7603,2995,14820,36672,3232,7641,3010,982,0
credit_classification_train_003022,20000,37,0,0,0,0,0,-2,17622,19996,15467,15863,0,0,3000,2000,1000,0,0,0,0
credit_classification_train_003023,20000,34,0,0,0,0,-1,0,15494,11950,11292,10790,780,780,1488,1220,608,780,0,0,0
credit_classification_train_003024,140000,29,0,0,0,0,0,0,129289,90352,85052,65758,46847,39777,3713,3546,2589,1960,1733,1379,0
credit_classification_train_003025,200000,29,0,0,-1,0,0,0,7298,1467,439,2257,43720,43968,1000,439,2000,42000,1700,2000,0
credit_classification_train_003026,340000,29,0,0,0,0,0,0,135538,113464,88629,71435,69725,69714,4093,3000,11115,2052,2500,1100,0
credit_classification_train_003027,80000,50,2,0,0,0,0,0,115027,118188,117725,118100,60745,54509,6000,5500,4356,3000,2100,5000,0
credit_classification_train_003028,120000,34,-1,-1,-2,-2,-2,-2,1800,0,0,0,0,0,0,0,0,0,0,0,0
credit_classification_train_003029,230000,34,2,2,2,2,2,2,186163,190784,195724,198707,201634,205949,9000,9300,7500,7500,7500,7500,1
credit_classification_train_003030,290000,35,-1,-1,-1,-2,-2,-1,17397,11754,28874,77790,8142,9547,12556,29020,78178,8572,9590,151945,0
credit_classification_train_003031,140000,29,0,0,0,0,0,0,7307,11718,5280,8166,18002,22262,5000,3000,3000,10000,5000,2500,0
credit_classification_train_003032,250000,39,0,0,0,0,0,0,18376,20070,21428,22757,24382,28768,2000,2000,2000,2000,5000,4000,0
credit_classification_train_003033,230000,24,0,0,0,0,0,0,69158,73712,68831,61534,25914,36313,8149,2214,5904,5542,15502,5000,0
credit_classification_train_003034,20000,25,-1,0,0,2,0,0,1828,2835,5270,5040,5304,5777,1200,2500,0,500,558,0,1
credit_classification_train_003035,170000,25,0,0,0,0,0,0,70326,71919,68356,68724,68889,69712,3100,3626,2500,2450,2693,2602,0
credit_classification_train_003036,170000,30,-1,-1,-1,0,0,0,8404,16835,2200,7510,12510,19720,16835,2200,5510,5000,8100,0,0
credit_classification_train_003037,50000,29,0,0,0,0,0,0,47373,48076,23459,16175,17753,18302,2000,2083,2000,2000,1000,1000,0
credit_classification_train_003038,50000,24,0,0,0,0,0,0,45404,38383,39851,27258,27679,28619,1700,2156,1200,1010,1400,970,0
credit_classification_train_003039,20000,21,-1,0,0,0,2,0,17617,17540,25816,12957,9602,9357,1489,2302,2400,0,2000,3000,0
credit_classification_train_003040,170000,48,2,-1,-1,0,-1,-1,316,316,632,316,466,316,316,632,0,466,316,0,0
credit_classification_train_003041,170000,33,-1,-1,-1,-1,-1,-1,2371,316,316,316,316,316,316,316,316,316,316,1316,0
credit_classification_train_003042,50000,26,0,0,0,0,0,0,48057,48457,44932,20024,18830,18087,2007,1351,1561,628,775,1602,0
credit_classification_train_003043,30000,45,0,-1,-1,0,0,-2,3390,390,780,780,0,0,390,780,0,0,0,0,0
credit_classification_train_003044,130000,36,0,0,0,0,0,0,127544,126771,124824,123174,100585,97687,5963,6316,4845,3471,3673,3590,0
credit_classification_train_003045,130000,24,0,0,2,0,0,0,46113,49520,47627,47262,46226,390,5000,0,1925,0,0,780,0
credit_classification_train_003046,400000,26,0,0,0,0,0,0,74465,68544,60763,53184,45776,38432,3600,2200,1700,1500,1315,800,0
credit_classification_train_003047,140000,32,0,0,0,0,0,0,101458,99196,78458,76387,76344,67302,3997,3520,2500,2689,2494,2498,0
credit_classification_train_003048,120000,24,0,0,0,0,-1,-1,3377,4644,8528,8200,3488,1161,2500,5000,1000,3488,1161,5036,0
credit_classification_train_003049,200000,33,0,0,0,0,0,0,103876,66894,12475,14208,15270,14880,2034,3000,2083,10000,0,1286,1
credit_classification_train_003050,170000,27,-1,-1,-1,-1,0,-1,2697,0,1409,1337,1337,53885,0,1409,1337,0,53885,2000,0
credit_classification_train_003051,40000,48,0,0,-1,-1,-1,-1,1672,0,836,836,571,1735,0,836,836,571,2000,0,0
credit_classification_train_003052,100000,44,0,0,0,0,0,0,41803,73882,75609,77265,78973,81665,33882,4000,4000,4000,5000,5900,1
credit_classification_train_003053,260000,44,1,-2,-2,-2,-2,-2,0,0,0,0,0,0,0,0,0,0,0,0,1
credit_classification_train_003054,30000,41,1,2,2,2,2,2,4743,5609,5371,5833,5594,6074,1090,0,552,0,573,0,1
credit_classification_train_003055,80000,34,2,2,2,0,0,0,81882,81814,78353,78814,49062,48764,3650,0,3328,1888,1787,1960,1
credit_classification_train_003056,30000,24,0,0,0,0,0,0,26581,27080,26759,27186,27208,27234,1500,1445,1425,1000,1000,2000,1
credit_classification_train_003057,100000,24,2,0,0,2,2,-1,17938,20486,21644,9209,6495,78080,2842,3000,0,6000,80900,0,1
credit_classification_train_003058,150000,24,-1,-1,-1,-1,-1,-1,9514,14961,3337,1012,4944,1016,15046,3367,1020,5392,1016,0,0
credit_classification_train_003059,50000,23,-1,-1,2,-1,-1,-1,8225,2763,2545,1170,2480,8047,5308,0,1170,2480,8047,4428,0
credit_classification_train_003060,130000,27,0,0,0,0,0,0,129150,105529,107691,108418,115638,117958,5300,5400,4000,9000,4400,4500,0
credit_classification_train_003061,150000,41,2,2,2,2,2,2,68571,69845,71434,72365,73377,75052,3000,3300,2700,2800,3000,2800,1
credit_classification_train_003062,30000,41,1,2,0,0,0,0,25562,23250,23217,21295,19076,9292,0,1600,1500,1000,1720,0,0
credit_classification_train_003063,130000,31,0,0,0,0,0,0,133845,126804,130264,133603,132215,131848,7000,7000,7000,5500,5100,5500,0
credit_classification_train_003064,210000,44,1,2,0,0,0,0,236136,220847,216703,206635,96240,88040,0,9400,5000,2000,1800,10000,0
credit_classification_train_003065,120000,37,-1,-1,-1,-1,-1,-1,32050,3872,52150,2740,4626,802,3872,52150,2740,4626,802,0,0
credit_classification_train_003066,50000,35,0,0,0,0,0,0,20274,44996,21147,21964,21405,20297,2600,1800,1500,1000,1000,1000,0
credit_classification_train_003067,420000,34,-1,-1,-1,0,0,-1,26232,8955,33661,12957,10221,40060,8967,33661,3005,3000,40060,5000,0
credit_classification_train_003068,240000,28,0,0,0,0,0,0,147974,150683,137645,140388,142521,143736,5300,4931,4966,5000,4771,4354,0
credit_classification_train_003069,180000,31,-1,-1,-1,-1,-1,-1,766,243,243,243,4889,243,243,243,243,4889,243,13868,0
credit_classification_train_003070,60000,22,2,0,0,0,0,0,46403,34438,30920,27817,26281,26830,1544,1759,1500,940,972,976,1
credit_classification_train_003071,50000,39,0,0,0,0,0,0,31514,32346,26223,25791,19476,19066,1710,1787,1295,825,684,784,0
credit_classification_train_003072,20000,42,0,0,0,0,0,0,19185,18621,19605,19717,19203,19871,1323,1307,691,705,995,722,0
credit_classification_train_003073,240000,45,-1,-1,-1,-1,-1,-1,8732,5286,5596,3328,3763,9529,5286,5596,3328,3763,9529,4895,0
credit_classification_train_003074,290000,32,0,0,0,0,0,0,78200,79726,80890,81615,75661,77012,3700,3600,3000,3000,3000,3000,0
credit_classification_train_003075,70000,35,0,0,2,2,2,2,27915,31009,31914,32394,31574,34053,3577,1700,1300,0,3000,1385,0
credit_classification_train_003076,70000,34,1,3,2,0,0,0,70971,71272,69405,34045,34995,36025,2000,0,1220,1500,1725,0,1
credit_classification_train_003077,130000,27,0,0,0,0,0,0,29078,30110,31119,31891,32429,33035,1506,1515,1287,1200,1341,1663,0
credit_classification_train_003078,100000,53,2,0,0,0,0,0,43611,45415,47053,47747,48459,49560,2500,2400,1845,2400,2500,0,1
credit_classification_train_003079,500000,48,-1,0,0,0,0,0,30252,47506,28171,26498,45212,35223,38009,28005,22000,33000,22000,10000,0
credit_classification_train_003080,50000,39,0,0,0,0,0,0,41250,40813,10695,8841,8140,8267,1501,1297,448,449,419,415,0
credit_classification_train_003081,80000,25,0,0,0,0,0,2,78639,80188,80711,59119,62019,60955,3200,2500,2182,4700,0,2000,0
credit_classification_train_003082,360000,39,-1,2,-1,-1,0,-1,1139,264,2193,528,264,264,0,2193,528,0,264,264,0
credit_classification_train_003083,390000,41,-1,-1,-1,-1,-1,-1,6782,1466,3273,6965,4893,7777,1466,3273,6965,4893,7777,7271,0
credit_classification_train_003084,360000,30,0,0,-2,-1,0,0,23900,0,0,150,205150,0,0,0,150,205000,0,0,0
credit_classification_train_003085,10000,45,1,2,2,2,0,0,9503,7238,9407,8126,8838,9039,0,2310,0,1000,500,335,0
credit_classification_train_003086,90000,28,0,0,0,0,0,-2,81553,39759,29601,20650,0,0,2000,1396,1050,0,0,0,0
credit_classification_train_003087,30000,37,3,2,2,0,0,0,29657,30320,28991,29066,29340,30786,1763,0,1178,1223,2435,1200,1
credit_classification_train_003088,20000,56,0,0,2,2,2,0,15397,17819,18239,19094,12393,13037,3000,1000,1500,0,1000,1000,0
credit_classification_train_003089,500000,29,0,0,0,0,0,-1,29378,20154,11963,8839,2678,3028,5000,8000,3000,1000,3028,8878,0
credit_classification_train_003090,110000,29,0,0,0,0,0,0,101006,104474,106332,106906,108952,110444,5300,5300,4000,4100,4631,4404,1
credit_classification_train_003091,320000,35,-1,0,0,0,0,0,61687,59130,121486,22337,23358,13536,3500,3300,6000,5000,2000,3000,0
credit_classification_train_003092,210000,35,-1,-1,-2,-2,-2,-2,3805,0,0,0,0,0,0,0,0,0,0,0,0
credit_classification_train_003093,20000,38,0,0,0,0,0,0,15255,16507,16842,15151,16741,20540,5006,4015,2006,7137,18000,202,1
credit_classification_train_003094,100000,41,-1,-1,-1,-1,-1,-1,1594,4612,2098,3494,2086,2379,4612,2099,3494,2086,2379,3219,0
credit_classification_train_003095,50000,46,2,0,0,2,2,0,25706,25040,25376,23845,21691,20426,1434,2456,784,0,778,573,1
credit_classification_train_003096,150000,33,1,-2,-2,-2,-2,-2,-286,-286,-286,-286,-286,-286,0,0,0,0,0,750,0
credit_classification_train_003097,370000,33,0,0,0,0,0,0,18082,18339,19031,17345,18245,23200,1628,1320,1100,1000,10000,1000,0
credit_classification_train_003098,360000,35,-1,2,2,-2,-2,-2,2500,2500,0,0,0,0,0,0,0,0,0,0,0
credit_classification_train_003099,20000,33,0,0,0,0,0,0,2909,3537,4120,3802,3484,3152,1224,1197,269,269,261,227,0
credit_classification_train_003100,50000,23,0,0,0,2,2,2,47053,47835,51109,51713,52738,48789,1842,4116,2000,1950,0,1885,1
credit_classification_train_003101,230000,26,-1,-1,-1,4,3,2,8328,0,600,600,300,150,0,600,0,0,0,686,1
credit_classification_train_003102,150000,28,0,0,0,0,0,0,22943,18989,19961,16549,14227,15380,1335,1307,1178,1500,1500,1000,0
credit_classification_train_003103,420000,37,0,0,0,-1,0,0,36032,41932,9778,158901,161876,165378,7022,1846,163862,6000,6000,6000,0
credit_classification_train_003104,220000,37,-2,-2,-2,-2,-2,-2,14298,100606,11202,21683,10860,12534,101405,11202,21778,10860,12534,7923,0
credit_classification_train_003105,80000,44,0,0,0,0,0,0,47102,24470,25614,21053,18531,19051,1473,1617,856,672,828,910,0
credit_classification_train_003106,130000,26,1,2,0,0,0,0,99290,96811,99330,94501,91503,91064,0,5000,3358,3500,6000,3500,1
credit_classification_train_003107,20000,26,0,0,-2,-2,-2,-2,16320,0,0,0,0,0,0,0,0,0,0,0,0
credit_classification_train_003108,240000,37,0,0,0,0,0,0,280110,281104,286048,369693,243198,243498,10000,15002,9000,10000,8600,8500,0
credit_classification_train_003109,100000,35,-1,-1,-1,-1,-1,0,1046,2700,2187,678,2040,944,2702,2187,678,2040,0,0,0
credit_classification_train_003110,240000,47,-2,-1,-1,-2,-1,-1,27884,23222,0,0,13143,27383,23610,0,0,13143,27383,21718,0
credit_classification_train_003111,200000,29,-1,-1,-1,-1,0,0,3655,3036,3423,7403,4896,3185,3084,3475,7417,108,18,8424,0
credit_classification_train_003112,300000,55,0,0,0,0,0,0,69994,71388,72886,74371,75854,77440,2552,2645,2696,2716,2809,2826,0
credit_classification_train_003113,70000,30,-1,0,0,0,0,0,2429,3878,4957,6209,6338,6587,1500,1300,1500,380,500,500,1
credit_classification_train_003114,60000,23,0,0,0,0,0,0,15592,16643,15557,15526,16273,17001,2000,1400,1000,1000,1000,1000,0
credit_classification_train_003115,230000,24,0,0,0,0,0,0,78737,63494,55284,42693,42541,34197,2300,2000,1535,1183,1500,2000,0
credit_classification_train_003116,20000,40,0,0,0,-1,-1,-1,16149,17373,18000,20000,0,780,1500,1000,20000,0,390,0,0
credit_classification_train_003117,140000,23,0,0,2,0,0,0,90289,91739,89623,82030,84792,84794,10007,1038,3900,5000,4000,5000,1
credit_classification_train_003118,20000,37,0,0,0,0,0,-2,17312,17762,18814,19614,0,0,1500,1500,1000,0,0,0,1
credit_classification_train_003119,130000,46,0,0,0,0,0,0,147582,138996,140558,90522,90917,92330,5394,4229,3211,3297,3312,3381,1
credit_classification_train_003120,30000,25,1,2,0,0,0,0,30347,28517,29709,29833,29306,29348,0,1800,1000,1041,1138,932,0
credit_classification_train_003121,310000,43,-1,-1,-1,0,-1,-1,4323,650,10453,10115,600,1788,650,10453,202,1098,1788,200,0
credit_classification_train_003122,110000,48,0,0,0,0,0,0,108668,111162,107172,107629,106628,106903,4322,5369,4003,3806,4050,3672,0
credit_classification_train_003123,500000,39,0,0,0,0,0,-1,39823,61597,52210,27843,28926,11931,30006,23016,566,22323,11931,10683,0
credit_classification_train_003124,230000,37,0,0,0,0,0,0,30769,30792,30140,31067,31091,28223,1500,1600,1500,1000,1000,1200,0
credit_classification_train_003125,30000,26,0,0,0,0,2,0,26990,24706,25022,26405,25861,27778,4900,2000,2100,0,2500,1840,0
credit_classification_train_003126,80000,46,0,0,0,0,0,0,44302,45311,46321,47259,48230,49351,1192,1202,1135,1165,1326,2204,0
credit_classification_train_003127,20000,30,0,0,-1,-1,-1,-2,16925,12216,1179,1536,-301,-301,1000,1179,1536,0,0,0,1
credit_classification_train_003128,200000,36,-2,-2,-2,-2,-2,-2,588,608,4695,2008,164,3383,608,4695,2008,164,3383,4331,0
credit_classification_train_003129,160000,33,-1,-1,-1,-1,-1,-1,2355,2714,12094,2855,3803,8911,2719,15000,2855,3803,8911,0,1
credit_classification_train_003130,180000,28,0,0,0,0,0,0,133868,125613,86893,89014,91946,93237,5300,4000,4000,10000,3200,3100,0
credit_classification_train_003131,30000,35,0,0,0,0,0,0,23697,20523,20762,22535,22622,11400,3000,3102,3008,3136,1103,0,0
credit_classification_train_003132,490000,30,0,0,0,0,0,0,250637,254499,254762,253583,232878,236555,11032,10000,10000,9012,10000,10000,0
credit_classification_train_003133,200000,35,0,0,0,0,2,0,104393,108956,109339,113799,75536,66643,6300,4588,6910,30,2375,9577,0
credit_classification_train_003134,100000,45,-1,-1,-1,-1,-1,-1,1480,916,1238,916,1444,1450,916,1238,916,1444,1450,1143,0
credit_classification_train_003135,300000,27,0,0,0,0,0,0,17376,17538,16425,11976,3012,0,1294,11236,1032,9,0,0,0
credit_classification_train_003136,20000,46,0,0,0,0,0,0,11325,12654,13659,13635,13922,14689,1519,1524,500,507,1000,500,0
credit_classification_train_003137,120000,54,1,-2,-2,-2,-1,-1,-200,-200,-200,0,700,1935,0,0,200,700,1935,0,1
credit_classification_train_003138,280000,42,-2,-2,-2,-2,-2,-2,-26,-26,-26,-26,5294,-4,0,0,0,5320,0,919,0
credit_classification_train_003139,260000,30,0,0,0,0,0,0,7426,6887,7757,8172,8407,8681,2000,1757,2000,2000,2000,2000,0
credit_classification_train_003140,280000,42,1,-2,-2,-2,-2,-2,0,0,0,0,0,0,0,0,0,0,0,0,0
credit_classification_train_003141,240000,65,0,0,0,0,0,0,146696,149707,151780,152373,145763,148276,6930,6000,6000,6000,5500,6000,0
credit_classification_train_003142,120000,54,-1,3,2,-1,-1,-1,632,632,316,316,316,316,0,0,316,316,316,316,0
credit_classification_train_003143,60000,31,0,0,0,3,2,2,47000,49236,57752,56243,55213,58700,3000,10000,0,0,4400,2200,0
credit_classification_train_003144,20000,22,0,0,2,0,0,0,8134,9992,10526,11049,11865,12665,2000,1000,1000,1000,1000,8100,0
credit_classification_train_003145,20000,23,3,3,2,0,0,2,11859,11385,10916,12419,13904,13538,0,0,2000,2000,0,1400,1
credit_classification_train_003146,200000,30,-2,-2,-2,-2,-2,-2,42488,0,0,0,7637,21186,0,0,0,7637,21186,0,0
credit_classification_train_003147,50000,24,0,0,0,0,0,0,50628,50705,50328,19542,19439,19683,2235,1858,823,838,702,687,0
credit_classification_train_003148,230000,31,-1,-1,-1,-1,-1,-1,2274,7398,5537,1247,0,1000,7398,5537,1259,0,1000,4134,0
credit_classification_train_003149,100000,46,-1,-1,0,-1,-1,-1,390,3505,5695,3480,2949,477,3505,2695,3480,2949,477,1753,0
credit_classification_train_003150,100000,38,2,2,2,0,0,2,37516,38622,37706,38148,40630,39827,2000,0,1369,3100,0,1443,0
credit_classification_train_003151,50000,23,2,0,0,0,0,0,49758,48456,44116,21247,20066,18858,2401,2254,2004,704,707,1004,1
credit_classification_train_003152,50000,33,0,0,0,0,0,0,48111,47583,38897,20190,19633,19035,2100,1690,11700,1200,1200,1000,0
credit_classification_train_003153,60000,33,0,0,0,0,0,0,52176,39107,39547,39555,40216,41039,2000,2000,1500,2000,2200,2000,0
credit_classification_train_003154,20000,61,2,0,0,-2,-2,-2,18828,10400,0,0,0,0,1400,0,0,0,0,0,0
credit_classification_train_003155,200000,34,2,0,0,0,2,2,150493,156449,162377,174501,155355,129942,10000,10000,15000,0,10000,0,1
credit_classification_train_003156,30000,33,-1,3,2,-1,0,0,31724,30923,29928,29498,27025,0,0,0,31200,541,0,0,1
credit_classification_train_003157,250000,41,-1,-1,-1,-1,-1,-1,312,-18,3600,-10,2022,3809,0,3618,0,2032,3827,3710,0
credit_classification_train_003158,160000,66,2,2,2,2,2,2,67771,69535,70848,71739,73090,74490,3400,3000,2600,2600,2700,2800,1
credit_classification_train_003159,70000,26,0,0,0,0,0,0,64691,65259,66673,62278,64268,65264,2500,2500,2500,3000,3000,2500,0
credit_classification_train_003160,230000,28,-1,0,0,0,0,0,48144,51966,44477,39998,23278,27775,12000,2353,5000,0,8000,643,0
credit_classification_train_003161,20000,29,3,2,2,2,0,0,16330,15784,18200,17613,18371,19865,0,3000,0,1200,1800,0,1
credit_classification_train_003162,170000,29,-2,-2,-2,-1,0,0,0,0,0,10232,9677,0,0,0,10232,194,0,0,0
credit_classification_train_003163,230000,49,1,-2,-2,-2,-2,-1,0,0,0,0,0,6946,0,0,0,0,6946,0,0
credit_classification_train_003164,160000,24,0,0,0,0,0,0,77838,76054,73992,73246,71321,141494,3300,3275,3000,3000,3000,3500,0
credit_classification_train_003165,180000,26,-1,-1,-2,-1,0,0,189,-2811,-2811,126884,129020,131708,0,0,131453,4209,4350,4099,0
credit_classification_train_003166,80000,33,-1,2,-1,-1,-1,-1,780,390,814,390,390,390,0,814,390,390,390,1578,1
credit_classification_train_003167,130000,27,0,0,0,-2,-2,-2,21920,12390,0,0,0,0,1400,0,0,0,0,0,0
credit_classification_train_003168,200000,38,-2,-2,-2,-2,-2,-2,5607,0,316,499,672,100,0,316,499,672,100,0,0
credit_classification_train_003169,90000,27,0,0,0,0,0,0,85822,83206,74030,70198,71330,65479,3327,3471,3199,2964,2718,2087,0
credit_classification_train_003170,60000,50,-1,-1,-1,-1,0,0,7888,13989,9588,18041,14458,12710,14026,9700,18064,4016,5029,2828,0
credit_classification_train_003171,180000,42,0,0,0,0,0,0,102826,102646,82849,78064,73437,108072,5011,5006,5000,5005,42500,3000,0
credit_classification_train_003172,150000,64,0,0,0,0,0,0,56852,58031,59202,60304,61650,0,2688,2730,2680,2850,0,0,0
credit_classification_train_003173,130000,43,0,0,0,0,0,0,121816,124223,62318,64214,44840,45969,6000,6000,3000,2000,2000,2000,0
credit_classification_train_003174,50000,23,0,0,0,0,-1,2,16139,17261,14354,8713,1781,1615,1400,1000,500,1781,0,0,0
credit_classification_train_003175,80000,36,1,-2,-2,-2,-2,-2,4233,14233,15854,10000,10000,10000,14233,15854,10000,10000,10000,10000,0
credit_classification_train_003176,50000,37,0,0,0,0,0,-1,50239,49642,48381,44113,8522,17948,1799,2060,1014,170,17948,188,0
credit_classification_train_003177,210000,31,-2,-2,-2,-2,-1,-1,1440,0,7422,893,6082,2293,0,7422,893,6082,2293,3299,0
credit_classification_train_003178,20000,24,0,0,0,0,0,0,19433,20508,19662,20001,16448,16774,1700,1300,600,600,600,622,0
credit_classification_train_003179,100000,47,0,0,0,0,0,0,94925,95130,60003,38500,4681,76728,3889,2412,1698,679,72809,2748,0
credit_classification_train_003180,180000,31,0,0,0,0,0,0,173517,160996,132054,115551,109539,108837,10122,35206,40600,5000,10000,10000,0
credit_classification_train_003181,110000,29,0,0,-2,-2,-2,-2,41300,0,0,0,0,0,0,0,0,0,0,0,0
credit_classification_train_003182,30000,47,2,0,0,0,2,2,25690,26719,27774,28809,30399,29760,1445,1500,1500,2200,0,1200,0
credit_classification_train_003183,20000,25,0,0,0,0,0,0,11629,11936,12643,13447,8199,8416,1193,1290,1094,1000,316,1000,0
credit_classification_train_003184,160000,28,0,0,2,2,0,0,62312,66965,67648,66020,67386,68336,5856,2311,0,2377,2000,1881,0
credit_classification_train_003185,360000,31,0,0,-2,-2,-2,-2,17582,0,0,0,0,0,0,0,0,0,0,0,0
credit_classification_train_003186,20000,25,1,2,3,2,2,0,19045,20438,19771,20241,19364,18260,2000,0,1000,0,1000,0,0
credit_classification_train_003187,10000,22,-1,-1,-1,-1,0,-1,5208,654,9954,9719,6547,654,654,9954,9919,0,654,264,0
credit_classification_train_003188,100000,37,0,0,0,0,0,0,68760,70113,71567,72410,73846,75556,3095,3181,2628,2640,2897,3600,0
credit_classification_train_003189,310000,42,0,0,0,0,0,0,128166,102808,94484,95087,80331,66813,3844,5000,5000,6000,6000,7000,0
credit_classification_train_003190,50000,46,0,0,0,0,0,0,49566,49483,48495,28641,28846,29024,1968,1644,1013,1044,1045,1034,0
credit_classification_train_003191,210000,36,-1,-1,-1,-2,-2,-2,26656,2641,0,0,0,0,2641,0,0,0,0,0,0
credit_classification_train_003192,240000,43,0,0,0,0,0,0,191453,193548,190288,186770,180458,178722,8500,8300,7000,7000,7000,6500,0
credit_classification_train_003193,150000,29,0,0,-1,-1,0,0,102802,112174,6263,6824,10824,14631,12186,6263,6824,10000,10000,10000,0
credit_classification_train_003194,250000,38,2,0,0,0,0,0,236546,232795,189111,189558,185565,189003,8007,7000,8200,7000,7000,8000,0
credit_classification_train_003195,150000,23,-1,-1,-1,0,0,0,330,330,63917,59865,59258,57924,330,63917,2100,2100,2200,2200,0
credit_classification_train_003196,80000,27,1,2,2,0,0,0,79108,78637,75688,46378,46175,41118,3200,0,1806,2124,1599,1500,0
credit_classification_train_003197,130000,27,0,0,0,0,0,0,89956,61868,63766,65839,67908,63530,2317,3000,3000,3000,5000,2305,0
credit_classification_train_003198,80000,25,-1,-1,-2,-2,-2,-2,1672,0,0,0,0,0,0,0,0,0,0,0,0
credit_classification_train_003199,210000,30,0,0,0,0,0,0,104701,106134,108423,91143,82733,74125,4002,5000,3500,3000,2700,5000,0
credit_classification_train_003200,340000,49,-1,-1,-1,-1,-1,-1,1190,2988,390,1489,2140,1190,2988,390,1489,2140,1190,1190,0
credit_classification_train_003201,230000,38,-2,-2,-2,-2,-2,-2,0,0,0,0,0,0,0,0,0,0,0,0,0
credit_classification_train_003202,230000,40,2,2,2,0,0,0,119730,120912,111819,93007,92122,61583,5000,0,3700,3986,2900,1057,0
credit_classification_train_003203,200000,42,0,0,0,0,0,0,23242,24575,25284,25938,26478,26889,1711,1420,1074,1107,1000,1000,0
credit_classification_train_003204,260000,29,0,0,0,0,0,0,246509,251197,243167,231463,105518,93193,7012,6310,5871,3130,2966,3230,0
credit_classification_train_003205,200000,32,0,0,0,0,0,0,180461,171839,173325,153953,144206,143178,8300,10000,6000,6000,6000,4500,0
credit_classification_train_003206,70000,30,2,2,0,0,0,0,34985,34146,35271,35986,36905,37641,0,2000,1300,1500,1500,1576,1
credit_classification_train_003207,290000,36,-1,-1,-1,-1,-1,-1,16082,27310,12811,11111,24586,11992,27411,12821,11111,24586,11992,12772,0
credit_classification_train_003208,80000,30,0,0,0,0,0,0,48006,48159,46099,47039,48286,48974,2100,3000,2000,2000,2000,2000,0
credit_classification_train_003209,250000,33,2,0,0,0,0,2,243262,238599,198588,203286,215882,214320,7991,9000,8000,16000,2000,6200,1
credit_classification_train_003210,230000,29,0,0,0,0,0,0,123436,127873,129832,133273,139818,65649,7000,6000,6000,10000,30000,3044,0
credit_classification_train_003211,20000,22,2,2,2,2,0,0,5743,7487,8114,7835,8605,10948,2000,900,0,900,2500,0,1
credit_classification_train_003212,60000,38,0,0,2,0,0,0,72930,71123,67405,63559,60048,56458,5000,3000,3000,3000,2000,3000,0
credit_classification_train_003213,50000,45,0,0,0,0,2,0,8558,9886,10593,11358,11033,11402,1471,1178,943,0,553,600,0
credit_classification_train_003214,50000,34,-1,2,2,-2,-2,-2,780,780,0,0,0,0,0,0,0,0,0,0,0
credit_classification_train_003215,210000,31,0,0,0,0,0,0,161159,165071,173443,179686,197458,138218,8000,13000,10000,20000,7000,7000,0
credit_classification_train_003216,60000,53,1,2,0,0,0,2,8735,8448,9156,10226,12041,11704,0,1000,1226,2000,0,1100,1
credit_classification_train_003217,240000,50,0,0,0,0,0,0,242152,237635,242191,212879,185490,188850,8000,8000,7000,6000,6000,7000,0
credit_classification_train_003218,210000,48,-1,-1,-1,-1,-1,0,11876,11876,11876,11876,18954,11876,11876,11876,11876,18954,5000,11876,0
credit_classification_train_003219,50000,34,2,2,2,2,3,2,44951,45906,46872,49974,50023,53367,2000,2000,4200,1170,4300,0,1
credit_classification_train_003220,100000,38,-1,-1,-1,-1,-1,-1,1669,710,1824,1968,0,640,710,1824,1968,0,640,0,0
credit_classification_train_003221,220000,27,0,0,0,-1,-1,-1,66620,56611,37504,9499,3679,13232,16008,12000,15030,10000,15000,5000,0
credit_classification_train_003222,50000,24,0,0,0,0,0,0,44742,45737,46814,47978,48733,50241,1737,1814,1978,1733,2241,1700,0
credit_classification_train_003223,50000,23,2,2,-2,-2,-2,-1,4338,0,0,0,0,74,0,0,0,0,74,390,1
credit_classification_train_003224,80000,36,0,0,0,0,0,0,74652,76506,78173,79220,81351,48056,3700,3500,3000,3368,1023,1500,0
credit_classification_train_003225,160000,24,-1,2,-1,2,-1,-1,2227,316,632,316,316,632,0,632,0,316,632,0,0
credit_classification_train_003226,230000,34,-2,-2,-2,-2,-2,-2,711,-1,-1,-1,-1,-1,0,0,0,0,0,0,0
credit_classification_train_003227,200000,35,2,0,0,0,0,0,51609,53165,55285,57370,59454,63461,3000,3000,3000,3000,5000,0,1
credit_classification_train_003228,50000,22,0,0,0,-1,-1,-2,24763,33542,30455,2000,0,0,10000,1175,2000,0,0,0,1
credit_classification_train_003229,140000,27,0,0,0,0,0,0,88588,86625,89226,91680,93220,94456,3200,4000,4003,4003,4006,4000,0
credit_classification_train_003230,10000,56,0,0,2,2,2,0,7324,9808,9501,10029,9730,9974,2609,0,830,0,400,500,0
credit_classification_train_003231,360000,51,-1,-1,-1,-1,-1,-1,19155,1473,1430,18697,659,781,1473,1430,18740,659,781,1557,0
credit_classification_train_003232,290000,37,2,0,0,0,0,0,131279,134113,136948,139674,142793,162091,4700,4800,4735,5100,21500,6000,1
credit_classification_train_003233,310000,36,0,0,0,0,0,0,32782,33587,39572,44598,50570,64916,11406,10773,10819,15766,20645,5000,0
credit_classification_train_003234,390000,28,0,0,0,0,0,0,18891,19521,28868,29661,21907,8205,6000,10000,2000,15000,5000,2000,0
credit_classification_train_003235,120000,25,3,3,2,2,2,2,87057,84821,85194,76326,75122,75011,0,2700,2500,3200,2500,0,1
credit_classification_train_003236,200000,29,0,0,0,0,0,2,168374,172158,175701,181235,192713,189449,8000,7900,10000,14400,0,6700,0
credit_classification_train_003237,50000,54,0,0,0,0,0,0,42326,43815,45156,46206,46968,47876,2200,2050,2100,1828,1815,3400,0
credit_classification_train_003238,130000,36,0,0,0,0,0,0,26244,27068,28383,29018,29671,-2000,1550,1769,1404,1493,0,4720,0
credit_classification_train_003239,230000,36,-2,-2,-2,-2,-2,-2,140,358,285,219,415,142,358,285,219,416,142,3000,0
credit_classification_train_003240,10000,24,0,0,0,0,0,0,6709,7895,8751,8925,9111,9360,1300,1146,320,330,400,1000,0
credit_classification_train_003241,10000,52,1,4,3,2,2,0,8546,8267,7992,8610,8325,8441,0,0,900,0,400,900,1
credit_classification_train_003242,20000,23,1,2,0,0,-1,0,6081,3408,4016,3282,1814,2232,0,1000,100,1814,1000,0,1
credit_classification_train_003243,80000,23,0,0,-2,-2,-2,-2,68850,0,0,0,0,0,0,0,0,0,0,0,0
credit_classification_train_003244,320000,29,-2,-1,2,-1,-1,-1,0,192,192,2518,255,1945,192,0,2518,255,1945,301,0
credit_classification_train_003245,140000,42,0,0,0,0,0,0,24984,26010,27026,27714,28139,28697,1434,1450,1138,1021,1026,1061,0
credit_classification_train_003246,140000,35,0,0,0,0,0,0,88394,90252,92775,93606,95301,96653,3280,4270,3500,3606,3500,3550,0
credit_classification_train_003247,50000,30,0,0,0,0,0,0,50507,48751,44688,19823,13645,10876,4000,2220,1000,1500,1000,1500,0
credit_classification_train_003248,260000,30,-1,-1,-1,-1,-1,-1,232,91,85,105,80,95,91,85,105,80,95,80,0
credit_classification_train_003249,80000,55,0,0,0,-2,-2,-2,72462,41300,0,0,0,0,3000,0,0,0,0,0,0
credit_classification_train_003250,140000,34,-1,-1,-2,-2,-1,0,1500,0,0,0,6400,11400,0,0,0,6400,5000,1000,0
credit_classification_train_003251,50000,24,0,0,0,0,0,0,50801,50143,49586,19430,19375,18995,2360,1700,1000,900,870,2130,0
credit_classification_train_003252,60000,37,0,0,0,0,0,0,60655,60281,59968,40377,40679,40493,2410,2203,1500,1600,1500,1400,0
credit_classification_train_003253,280000,56,0,0,0,0,0,0,208775,182350,132257,101783,177145,169311,8042,6700,5137,100000,7000,6321,0
credit_classification_train_003254,130000,30,-1,-1,-1,-1,-1,0,1493,1492,1310,1310,2046,1574,1492,1310,1310,2046,574,1995,1
credit_classification_train_003255,200000,38,-2,-2,-2,-2,-2,-2,3388,-12,1081,1884,2089,7097,0,1093,1893,2097,7132,488,1
credit_classification_train_003256,50000,51,0,0,0,0,0,0,5703,7596,8511,10361,11039,11107,2000,1200,2000,1000,400,1000,1
credit_classification_train_003257,200000,27,1,-2,-1,0,-1,-1,0,0,6331,6460,630,500,0,6331,129,630,500,0,0
credit_classification_train_003258,230000,43,2,2,2,0,0,0,222819,232264,227054,196356,199525,201836,14300,158,7100,7400,7500,7820,1
credit_classification_train_003259,10000,23,0,0,0,0,0,0,6969,7992,9106,9719,9917,0,1300,1400,1000,198,0,0,0
credit_classification_train_003260,50000,32,0,0,0,0,0,0,49330,49547,49740,50275,20089,19964,2150,2100,2097,1289,712,713,0
credit_classification_train_003261,400000,27,-1,-1,-1,-1,-1,-1,2691,426,426,27926,0,430,426,426,27926,27500,430,3504,0
credit_classification_train_003262,350000,49,-2,-2,-2,-2,-2,-2,27506,4213,1518,4625,363,858,4213,1529,4713,363,858,566,0
credit_classification_train_003263,390000,38,0,0,0,0,0,0,30642,31843,32860,33511,34271,35040,2000,1548,1199,1300,1337,13000,0
credit_classification_train_003264,230000,41,-1,-1,-1,-2,-2,-2,9360,9650,0,0,0,0,9650,0,0,0,0,0,0
credit_classification_train_003265,330000,36,-1,-1,-1,-1,-1,-1,399,26,519,452,457,0,26,707,452,457,0,0,0
credit_classification_train_003266,200000,58,-1,-1,-1,-1,-1,-2,283,5361,6309,385,0,0,5361,6309,385,0,0,3390,0
credit_classification_train_003267,340000,41,-2,-2,-2,-2,-2,-2,186,3823,-20,4016,6209,2081,3842,0,4036,6254,2091,1917,0
credit_classification_train_003268,50000,44,2,2,2,0,0,0,26587,29730,28565,26601,26391,27165,3600,0,1500,1000,1200,1200,1
credit_classification_train_003269,140000,47,0,0,0,0,0,0,109259,108015,107209,106353,100653,99546,5400,5211,4000,4000,4000,3600,0
credit_classification_train_003270,180000,29,-2,-1,-1,-1,-2,-2,0,300,740,0,0,0,300,740,0,0,0,0,1
credit_classification_train_003271,420000,39,-1,0,-1,-1,0,0,22219,22423,4889,14373,12881,3690,7573,4913,14415,6930,709,104259,0
credit_classification_train_003272,240000,33,-2,-2,-2,-2,-2,-2,0,0,0,0,0,0,0,0,0,0,0,0,0
credit_classification_train_003273,100000,37,0,0,0,0,0,0,177961,108173,15697,11353,9306,9693,3082,2022,1000,1000,500,300,1
credit_classification_train_003274,500000,31,-1,-1,-1,-1,-1,-1,1779,644,1138,643,628,905,644,1138,643,630,905,3111,0
credit_classification_train_003275,240000,34,-1,-1,0,0,-1,-1,626,1921,20740,21274,888,360,1921,19000,2624,888,360,360,0
credit_classification_train_003276,20000,47,0,0,0,2,0,0,13963,15227,17968,17382,18094,19399,1500,3000,0,1000,1600,0,1
credit_classification_train_003277,60000,37,0,0,0,0,0,0,42372,35580,28330,28136,26752,27357,1500,1800,1088,1200,1200,1000,0
credit_classification_train_003278,500000,38,-1,-1,0,0,0,0,250,1384,6324,7353,5536,8321,1384,5000,1224,3003,3506,3552,0
credit_classification_train_003279,50000,44,1,2,2,2,0,0,49615,48552,50175,12790,12743,17305,0,3056,0,2000,5000,3000,1
credit_classification_train_003280,240000,47,1,-2,-2,-1,0,0,-40,-40,-40,1160,1160,0,0,0,1200,0,0,0,0
credit_classification_train_003281,170000,36,-1,-1,-1,0,-1,-1,1000,1000,3000,1000,1000,1500,1000,3000,0,1000,1500,1000,0
credit_classification_train_003282,50000,35,-1,-1,-1,-1,-1,0,780,0,390,390,28094,28263,0,390,390,28094,1011,965,0
credit_classification_train_003283,20000,24,2,2,2,2,2,2,16276,16715,18327,17735,19446,18988,1000,2200,0,2000,0,1200,0
credit_classification_train_003284,80000,43,0,0,0,0,0,0,72987,72055,70730,68487,57304,41345,2561,2745,2100,1684,4000,3000,0
credit_classification_train_003285,30000,26,2,2,2,2,2,2,30372,30954,30670,29856,30584,27883,1805,2074,0,2304,0,2400,1
credit_classification_train_003286,140000,38,0,0,2,0,0,2,15438,12140,11225,6688,6908,6438,2620,0,310,400,0,1435,0
credit_classification_train_003287,230000,41,0,0,0,0,0,0,226467,231187,231272,228653,225471,224853,10000,10500,10000,9000,8200,9000,0
credit_classification_train_003288,500000,56,0,0,0,0,0,0,87161,89009,92651,93725,95517,97581,3248,5140,3510,3461,3646,3770,0
credit_classification_train_003289,180000,33,-1,-1,-1,0,0,0,506,0,174,1974,3462,4114,0,174,1800,2600,2000,3500,0
credit_classification_train_003290,220000,45,0,0,0,0,0,0,204052,207977,214117,216712,194521,198246,7600,10000,8255,7200,7500,8500,0
credit_classification_train_003291,10000,53,-1,-1,0,0,0,0,1772,8304,9506,9702,9999,10344,8304,1500,500,600,800,0,0
credit_classification_train_003292,490000,30,0,0,0,0,0,-1,26088,24092,24488,16995,-1527,62491,2003,2041,1092,4,64895,3003,0
credit_classification_train_003293,130000,24,0,0,0,0,0,0,78744,74511,81315,75538,77172,79442,3500,10000,4000,3500,3500,3500,0
credit_classification_train_003294,200000,47,0,0,0,0,0,0,193229,197253,158980,157837,127528,119550,9058,7260,7367,4303,4551,4411,0
credit_classification_train_003295,20000,23,0,0,0,0,2,2,11564,13063,14337,15596,15204,17149,2000,1500,1500,0,2200,0,1
credit_classification_train_003296,200000,33,0,0,0,2,-1,-1,57579,50612,10537,5552,2506,9443,5250,10023,27,2614,9454,5019,0
credit_classification_train_003297,30000,24,2,2,2,0,0,-2,28470,31407,30200,30000,0,0,3407,0,0,0,0,0,0
credit_classification_train_003298,360000,34,0,0,-1,-1,-2,-2,9561,5866,1297,0,0,0,1166,1297,0,0,0,444,0
credit_classification_train_003299,220000,34,0,0,0,0,0,0,208009,212271,166288,168146,172345,177151,8200,8000,6108,7000,7743,7700,0
credit_classification_train_003300,500000,46,0,0,0,0,0,-1,196606,64144,49722,67909,61613,16932,10000,10000,20025,10000,20000,18000,0
credit_classification_train_003301,90000,52,2,2,2,2,2,2,90603,92152,86671,91280,85868,91047,3900,0,6800,0,6500,0,0
credit_classification_train_003302,150000,32,-1,-1,-1,-1,-1,-1,1758,468,2988,2232,4535,0,468,2988,2232,4535,0,1593,0
credit_classification_train_003303,190000,32,0,0,2,0,0,0,5484,6192,4988,3440,3341,3228,2450,0,200,1000,1000,1000,0
credit_classification_train_003304,360000,31,-2,-2,-2,-2,-2,-2,3429,33535,2441,5681,65816,17577,33702,2453,5710,66145,17589,8050,0
credit_classification_train_003305,50000,36,2,2,0,0,0,0,45960,44883,40820,33545,46832,24101,0,1973,1784,845,1750,1010,1
credit_classification_train_003306,130000,28,0,0,0,0,0,0,119513,121776,122440,125189,127644,74295,6000,4500,5100,5365,2846,2600,0
credit_classification_train_003307,290000,43,-1,0,0,0,0,0,170373,168738,103299,104583,106447,104045,5007,3500,3500,4000,4000,5000,0
credit_classification_train_003308,90000,40,0,0,0,0,0,0,89928,81721,76947,46589,47730,49488,3416,4142,1700,1888,2710,1500,0
credit_classification_train_003309,20000,26,0,0,0,2,0,0,15271,16707,20601,19952,19586,18528,2000,4500,0,671,700,2000,1
credit_classification_train_003310,30000,58,0,0,0,0,0,0,9819,10873,9646,9995,10371,5139,1230,1100,419,600,500,500,0
credit_classification_train_003311,60000,33,-1,-1,-1,2,-1,-1,4260,780,390,390,390,390,780,390,0,390,390,2405,1
credit_classification_train_003312,50000,24,-1,2,-1,-1,-1,0,1959,662,1655,0,1250,1000,0,1655,0,1250,0,0,0
credit_classification_train_003313,130000,27,0,0,0,0,0,0,131041,133792,127622,129795,122416,124653,6500,5000,5000,5000,5000,5000,0
credit_classification_train_003314,20000,25,0,0,0,0,0,0,18193,18804,19324,18692,16035,12262,1800,1200,559,532,424,620,0
credit_classification_train_003315,40000,24,1,8,7,6,5,4,25933,25589,25234,24579,23635,22680,0,0,0,0,0,0,0
credit_classification_train_003316,50000,24,2,0,0,0,0,0,23497,24197,25226,26238,26760,27318,1395,1424,1436,958,989,1128,0
credit_classification_train_003317,180000,29,-2,-1,0,0,-2,-2,0,287,5264,1521,0,0,287,5293,1523,0,0,0,0
credit_classification_train_003318,90000,41,-1,0,0,0,0,0,48276,47820,46602,47141,16114,15825,2281,1219,1164,556,595,480,0
credit_classification_train_003319,50000,31,-2,-2,-2,-2,-2,-2,0,323,0,0,0,0,323,0,0,0,0,0,0
credit_classification_train_003320,20000,34,1,2,0,0,0,0,15095,14459,12607,16430,19230,0,0,6000,5000,3000,0,0,0
credit_classification_train_003321,100000,42,7,6,5,4,3,2,33816,33024,32308,31399,30448,29933,0,60,0,0,0,118,0
credit_classification_train_003322,500000,35,-1,-1,-1,-2,-1,-1,6257,10445,7009,12515,8037,7944,10492,7114,12587,8071,7978,13896,0
credit_classification_train_003323,100000,44,0,0,0,2,0,0,11509,11119,12376,4419,2946,1473,1270,3000,0,0,0,3230,0
credit_classification_train_003324,10000,22,0,0,0,0,0,0,7960,9649,8518,8628,9293,5033,2000,1000,500,1500,0,2500,1
credit_classification_train_003325,20000,24,2,0,0,0,0,0,17781,19388,19933,17331,12822,19924,2000,1300,390,388,10000,400,1
credit_classification_train_003326,20000,39,1,2,2,2,2,2,10968,12495,11998,13795,13431,16199,2000,0,2000,0,3000,0,1
credit_classification_train_003327,50000,23,1,2,0,0,0,0,50614,29173,28116,28771,29531,30211,0,1500,1100,1200,1300,1100,0
credit_classification_train_003328,270000,35,-1,-1,-1,-1,-1,-1,165,165,165,165,0,601,165,165,165,0,601,928,0
credit_classification_train_003329,160000,29,-1,-1,-1,0,-1,-1,390,4238,780,390,390,540,4238,780,0,390,540,780,0
credit_classification_train_003330,120000,27,2,2,-2,-1,-1,-1,500,0,0,41150,0,125,0,0,41150,0,125,0,0
credit_classification_train_003331,50000,21,-1,-1,-1,-1,-1,-1,390,1499,780,797,1166,0,1499,780,797,1166,0,0,1
credit_classification_train_003332,100000,29,0,0,2,0,0,2,95205,102039,99504,94453,99711,97944,9300,0,3400,6800,0,3500,1
credit_classification_train_003333,490000,54,-1,-1,-1,-1,-1,-1,396,396,361,7530,396,396,396,361,7600,396,396,396,0
credit_classification_train_003334,500000,54,2,2,2,0,0,0,518950,539418,519267,518741,516139,514975,39000,0,19000,19000,18000,15000,1
credit_classification_train_003335,180000,46,-1,2,-1,0,0,0,10456,7326,8469,6591,5244,2174,357,8510,5244,2174,0,3371,1
credit_classification_train_003336,50000,52,0,0,0,0,0,-1,47594,48611,49063,16908,13112,2280,2200,2343,1178,654,2280,390,1
credit_classification_train_003337,350000,41,0,0,0,0,0,0,122017,121505,119522,119947,117328,118400,6000,5900,5800,4100,4500,5000,0
credit_classification_train_003338,10000,21,2,0,0,0,0,0,8999,9042,10038,9784,9984,9780,1400,1305,1000,200,196,0,1
credit_classification_train_003339,140000,24,0,0,0,0,0,0,38483,43627,35893,40883,16256,14354,10169,20000,15000,628,1392,1200,0
credit_classification_train_003340,200000,40,-2,-2,-2,-2,-2,-2,531,0,2358,2477,958,11312,0,2358,2477,958,11312,0,0
credit_classification_train_003341,50000,26,-1,-1,-1,-1,-1,-1,1530,750,1140,1530,750,1140,750,1140,1530,750,1140,1530,0
credit_classification_train_003342,10000,51,3,2,2,7,7,7,2400,2400,2400,2400,2400,2400,0,0,0,0,0,0,1
credit_classification_train_003343,300000,31,0,0,0,0,0,0,285038,291480,298378,131103,128742,124882,12507,15056,5027,5007,5063,3039,0
credit_classification_train_003344,50000,24,0,0,0,0,0,0,48928,32646,31428,24880,26098,26886,2000,3505,2000,8000,4000,3650,1
credit_classification_train_003345,50000,28,-1,-1,-1,-1,-1,-1,2926,1252,435,1309,589,1210,1254,435,1309,589,1210,1065,0
credit_classification_train_003346,340000,49,-1,-1,-1,-2,-1,2,1960,1052,6730,1346,3684,745,1228,7270,2000,4325,0,11271,0
credit_classification_train_003347,50000,29,0,0,2,0,0,0,48632,52100,50611,50411,19722,19682,4600,0,2200,900,800,800,0
credit_classification_train_003348,500000,50,-1,-1,-1,-1,0,0,2112,6000,2079,2710,2040,-55,6031,2509,2713,2010,0,4642,0
credit_classification_train_003349,70000,33,0,0,0,0,0,0,69418,68943,38783,3758,1261,0,2382,2025,1000,25,0,1651,1
credit_classification_train_003350,180000,48,-1,-1,-1,-1,-1,-1,1294,1294,1466,1294,2324,264,1294,1466,1294,2324,264,264,0
credit_classification_train_003351,180000,33,-2,-2,-2,-2,-2,-2,1246,1845,471,471,248,335,1845,471,471,248,335,200,0
credit_classification_train_003352,160000,36,-1,3,2,-1,2,-1,598,598,168,1449,916,2133,0,0,1449,0,2133,0,1
credit_classification_train_003353,230000,37,-2,-2,-2,-2,-2,-2,0,0,0,0,0,0,0,0,0,0,0,0,0
credit_classification_train_003354,170000,48,-1,-1,-1,-1,0,0,390,390,390,780,780,0,390,390,780,0,0,0,0
credit_classification_train_003355,50000,44,0,0,0,0,0,0,46363,47356,48905,49794,8820,9000,1762,2311,2200,176,180,9769,0
credit_classification_train_003356,320000,35,1,-2,-2,-2,-2,-2,291,2594,2691,291,291,291,2594,2691,291,291,291,3124,1
credit_classification_train_003357,230000,31,0,0,0,0,0,0,184444,182933,178409,175091,171800,168476,7016,5500,5125,5031,4969,5071,0
credit_classification_train_003358,140000,53,0,0,0,0,0,0,8068,9446,13271,11243,12091,12691,1535,5004,1451,1000,1000,3194,0
credit_classification_train_003359,50000,36,2,0,0,0,0,0,42380,40288,32631,29968,29092,29977,1901,1744,1027,1033,1345,1000,1
credit_classification_train_003360,50000,37,0,0,0,0,0,0,39804,41106,41843,42839,43690,44232,1964,1701,1697,1548,1620,1774,0
credit_classification_train_003361,170000,34,-1,-1,-1,-1,-1,-1,1837,1328,321,0,3857,0,1328,324,0,3857,0,253,0
credit_classification_train_003362,90000,46,0,0,0,0,0,0,91092,91229,66730,44850,29257,24755,4000,3000,2000,638,2000,500,0
credit_classification_train_003363,50000,54,-2,-2,-2,-2,-2,-2,1583,2134,0,2025,0,1924,2134,0,2025,0,1924,0,0
credit_classification_train_003364,50000,47,0,0,0,0,-1,0,51129,50378,48282,0,2068,30135,2096,1000,0,2068,30067,1051,0
credit_classification_train_003365,100000,42,-1,2,2,-2,-2,-2,7689,2052,1281,3770,2056,5628,0,1281,3786,2056,5634,6013,0
credit_classification_train_003366,210000,44,-1,-1,-1,-1,-1,0,360,360,1234,722,1326,360,360,1234,722,1326,0,2388,0
credit_classification_train_003367,50000,39,0,0,0,0,0,0,46410,48710,8108,7358,3098,0,5000,2001,2000,0,0,0,0
credit_classification_train_003368,140000,45,-1,-1,-2,-2,-2,-2,1553,0,0,0,0,0,0,0,0,0,0,0,0
credit_classification_train_003369,490000,41,0,0,0,0,0,0,95997,98047,100412,102736,105083,107334,3600,4000,4000,4000,4000,4000,0
credit_classification_train_003370,70000,33,0,0,0,0,0,0,66701,69907,67450,61902,19551,27831,53000,26017,40000,17000,24000,28000,0
credit_classification_train_003371,20000,42,0,0,0,0,0,0,15717,16724,18051,18759,19132,19684,1276,1603,1311,684,860,874,0
credit_classification_train_003372,50000,22,0,0,0,0,0,0,48255,41550,35553,23711,25975,900,2400,1842,1000,1928,900,31150,0
credit_classification_train_003373,20000,28,-1,0,0,0,0,0,16122,16787,14459,14743,16351,17126,2000,2000,2000,2000,2000,2000,1
credit_classification_train_003374,50000,22,0,0,0,0,0,0,55100,52440,47080,15718,13674,15145,2372,2149,1203,2000,1716,628,0
credit_classification_train_003375,90000,25,0,0,0,0,-1,-1,28276,29305,30336,28800,9852,2160,1505,1536,1000,9852,2160,400,0
credit_classification_train_003376,80000,28,-1,-1,0,0,0,0,198,734,1580,2338,3140,3907,734,1044,1000,2000,1500,800,0
credit_classification_train_003377,340000,25,0,0,0,0,0,0,170717,174026,177359,173334,176605,180205,6401,6501,6101,6201,6501,6601,0
credit_classification_train_003378,30000,22,0,0,2,0,0,-1,28000,30463,29697,29760,21061,1894,3703,0,1000,421,1894,5514,0
credit_classification_train_003379,160000,45,-2,-2,-2,-2,-2,-2,2869,2357,5608,1851,2801,3268,2361,5608,1851,2801,3268,2096,0
credit_classification_train_003380,320000,28,-2,-2,-2,-2,-2,-2,0,0,0,0,1999,1999,0,0,0,1999,1999,1999,0
credit_classification_train_003381,200000,36,-2,-2,-2,-2,-2,-2,3131,207,3578,0,0,0,207,3599,0,0,0,3832,0
credit_classification_train_003382,30000,52,1,-2,-2,-2,-1,0,-190,-760,-760,-760,760,760,0,0,0,1520,0,0,0
credit_classification_train_003383,500000,33,-2,-1,0,0,-2,-2,11058,18578,84087,50058,35036,4757,18641,75207,5100,5089,118,1647,0
credit_classification_train_003384,110000,31,0,0,0,0,0,0,61050,62663,62425,59118,49449,38047,2600,2100,2000,2000,1500,1000,0
credit_classification_train_003385,280000,28,-2,-2,-2,-2,-2,-2,1799,1768,1848,-8,1601,-3,1782,1857,0,1609,3,1077,0
credit_classification_train_003386,30000,32,1,3,2,0,0,2,27807,27078,26363,27379,28953,28354,0,0,1758,2332,0,1400,1
credit_classification_train_003387,100000,47,0,0,0,0,0,0,139550,70620,70000,70298,69677,69672,3500,2600,3000,2500,2500,2500,0
credit_classification_train_003388,80000,40,-1,-1,-1,0,0,0,5810,216,5741,6143,7039,26799,216,7741,500,1000,20000,1500,0
credit_classification_train_003389,230000,29,-2,-2,-2,-2,-2,-2,4649,3985,2234,-1,-1,-1,4004,2245,0,0,0,279,0
credit_classification_train_003390,500000,49,0,0,0,0,0,0,435737,421983,414453,422168,423674,413326,20157,13670,13596,14454,33720,12284,0
credit_classification_train_003391,140000,28,-1,2,-1,-1,-1,-1,1953,1366,464,337,548,395,0,464,337,548,395,681,1
credit_classification_train_003392,20000,35,0,0,0,0,0,0,18126,19174,20095,18583,19313,36046,1347,1268,1000,1000,1000,1000,0
credit_classification_train_003393,170000,34,-1,-1,2,0,-1,-1,7885,7190,6854,3142,5000,0,2336,0,0,5000,0,0,0
credit_classification_train_003394,80000,42,0,0,0,0,-2,-2,46911,31748,16000,0,0,0,1748,1000,0,0,0,0,0
credit_classification_train_003395,10000,36,-1,0,0,0,0,0,3671,4945,6157,7172,8048,8318,1500,1300,1124,1000,400,500,0
credit_classification_train_003396,160000,29,-1,-1,-1,-1,-1,-1,7002,6696,6062,4203,5780,12575,7229,6085,4230,5797,12589,6233,0
credit_classification_train_003397,50000,42,2,2,2,0,0,0,51614,52034,50151,20448,20464,20456,2000,39,718,800,800,800,0
credit_classification_train_003398,240000,50,0,0,0,0,0,0,140233,134223,130372,128921,120048,121292,4754,4873,5033,4204,4509,5009,0
credit_classification_train_003399,230000,40,0,0,0,0,0,0,33907,35038,36574,36985,37701,30735,2000,2100,1500,1000,1000,1000,0
credit_classification_train_003400,360000,37,-2,-2,-2,-2,-2,-2,880,22311,-447,-6146,13461,0,22311,26,0,25461,0,0,0
credit_classification_train_003401,20000,30,0,0,-2,-2,-1,0,3366,0,0,0,2105,2105,0,0,0,2105,0,0,0
credit_classification_train_003402,70000,26,2,2,2,2,0,0,46599,45578,48505,47427,48447,45145,0,4000,0,2000,1700,3000,0
credit_classification_train_003403,80000,25,0,0,0,0,0,0,66426,55334,53738,49021,45494,44218,2657,1800,1799,1616,1697,1737,0
credit_classification_train_003404,210000,32,-1,0,0,0,-1,-1,1952,2787,6316,6504,326,89599,1526,4000,514,326,89599,3292,0
credit_classification_train_003405,30000,34,-1,-1,2,0,0,0,411,995,579,1430,1414,1398,1000,0,1420,400,400,0,0
credit_classification_train_003406,50000,47,0,0,0,0,0,0,48308,48019,48647,26894,10875,15878,2200,2068,3048,418,12004,5001,0
credit_classification_train_003407,160000,27,-1,-1,-1,-1,-1,-2,1111,1111,0,6795,0,0,1111,0,6795,0,0,0,0
credit_classification_train_003408,60000,28,0,0,0,0,0,0,34580,15924,18124,28644,18656,15952,1300,2500,1000,1688,1000,1000,0
credit_classification_train_003409,500000,27,0,0,0,0,0,0,252881,224633,486367,616836,250600,296217,30032,271636,30876,60044,50539,100562,0
credit_classification_train_003410,10000,47,0,0,2,0,0,2,6817,9119,8826,8849,9567,9265,2588,0,318,862,0,502,1
credit_classification_train_003411,300000,33,0,0,0,0,0,0,351232,298709,268531,157953,161183,163942,9198,7668,4429,4821,4684,3152,0
credit_classification_train_003412,70000,54,-1,-1,-1,-1,0,0,1261,1261,390,780,390,0,1261,390,780,0,0,780,0
credit_classification_train_003413,200000,26,-1,-1,-1,-2,-2,-1,2318,7298,0,0,0,980,7478,0,0,0,980,0,0
credit_classification_train_003414,50000,52,1,2,2,2,0,0,50757,78196,43733,85652,29775,30243,0,5607,16,1167,1051,1165,1
credit_classification_train_003415,300000,36,1,-2,-2,-2,-1,0,0,0,0,0,1894,2394,0,0,0,1894,500,4662,0
credit_classification_train_003416,500000,38,-2,-2,-2,-2,-2,-2,1523,0,0,0,0,0,0,0,0,0,0,0,1
credit_classification_train_003417,200000,29,0,0,0,0,0,0,45841,37221,34718,32148,25380,22701,4000,7000,7000,7000,7000,295,0
credit_classification_train_003418,360000,48,-1,-1,-2,-1,-1,-1,485,-15,-15,12588,1243,-6,0,0,12603,1250,0,420,0
credit_classification_train_003419,30000,26,0,0,0,0,0,2,27889,26990,24706,25022,26405,25861,2875,4900,2000,2100,0,2500,0
credit_classification_train_003420,50000,42,2,0,0,2,0,0,47647,50232,50510,32177,29530,29789,3700,3700,0,1072,1500,1132,1
credit_classification_train_003421,100000,35,2,0,0,2,2,0,98845,95265,98571,99322,96661,95951,4600,8002,4003,2,4005,4000,1
credit_classification_train_003422,160000,37,-1,-1,-1,-1,-1,-1,316,316,0,316,632,0,316,0,316,632,0,316,0
credit_classification_train_003423,500000,44,-2,-2,-2,-2,-2,-2,29996,10625,14567,0,3808,6751,10625,14573,0,3808,6751,0,0
credit_classification_train_003424,200000,34,-2,-2,-2,-2,-2,-2,0,0,0,0,0,0,0,0,0,0,0,0,1
credit_classification_train_003425,50000,48,1,2,2,2,2,0,17613,18334,17742,19273,18826,19213,1298,0,1829,0,849,822,0
credit_classification_train_003426,90000,36,1,-1,-1,-1,-1,-1,0,950,628,284,1055,2607,950,628,284,1055,2607,0,0
credit_classification_train_003427,20000,22,0,0,2,2,2,2,12476,14951,14426,16471,15909,17151,3000,0,2600,0,1500,0,0
credit_classification_train_003428,130000,38,2,2,0,0,0,0,114726,107602,106907,94152,96365,97413,20,4544,3200,3500,3585,2519,1
credit_classification_train_003429,20000,50,2,0,0,0,2,2,11545,12945,13972,15730,15183,16182,1600,1542,2300,0,1400,800,1
credit_classification_train_003430,100000,32,0,0,0,0,0,0,26650,26127,26608,24689,25699,26809,2000,2000,2000,1700,1500,1500,0
credit_classification_train_003431,90000,39,1,-2,-2,-1,0,0,0,0,0,873,873,0,0,0,873,0,0,0,0
credit_classification_train_003432,20000,35,0,0,0,0,0,0,16500,17012,18181,19331,19113,17996,1281,1450,1600,382,383,345,0
credit_classification_train_003433,230000,35,0,0,-1,-1,-1,-1,6012,0,1897,0,89,2398,78,1897,0,89,2398,671,1
credit_classification_train_003434,150000,24,0,0,-1,-1,-1,0,139125,0,435,0,81824,83101,0,870,0,82259,3018,3102,0
credit_classification_train_003435,50000,30,0,0,0,0,0,0,22541,16138,17163,17878,18931,19617,1300,1300,1000,1500,1000,1012,0
credit_classification_train_003436,180000,38,-1,-1,0,-1,-1,-1,390,10426,21430,21040,2234,12485,10426,11820,21040,2234,10641,0,0
credit_classification_train_003437,40000,24,0,0,0,0,0,0,40848,39270,40929,40528,39575,40526,1650,2300,1600,1330,1500,1500,0
credit_classification_train_003438,130000,39,2,2,2,2,2,2,66548,71034,69329,74175,72383,77217,5600,0,6000,0,6000,0,1
credit_classification_train_003439,200000,33,0,0,0,0,0,0,66471,67010,67627,68085,69445,71242,2387,2485,2414,2434,2863,3000,0
credit_classification_train_003440,70000,26,0,0,0,-1,0,0,67864,68284,67375,71270,71157,71008,3517,3700,71270,3000,3000,3000,1
credit_classification_train_003441,200000,34,0,0,0,0,0,0,67002,76429,94564,95859,99593,101834,10000,18900,3000,4524,3084,3242,0
credit_classification_train_003442,490000,36,-2,-2,-2,-2,-2,-2,5310,2691,3367,-46,9285,-14,2711,3384,0,9331,0,2960,0
credit_classification_train_003443,440000,64,0,0,0,0,0,0,427038,431540,413605,355274,361170,338732,20000,18000,18003,15000,13000,17000,0
credit_classification_train_003444,330000,25,0,0,0,0,2,0,46140,45781,48139,51137,39450,25358,2504,4007,5056,74,1023,2566,0
credit_classification_train_003445,240000,39,-1,-1,-1,0,0,0,9000,2831,68105,95615,123931,151559,2831,68116,30800,30000,30000,10000,0
credit_classification_train_003446,200000,25,0,0,0,0,-1,-1,41357,22770,23231,6979,2428,2099,3262,3346,3034,2440,2109,0,0
credit_classification_train_003447,40000,26,2,2,2,2,2,0,33811,34654,35597,36211,35334,36170,1700,1800,1500,0,1500,1500,1
credit_classification_train_003448,120000,36,-2,-2,-2,-2,-2,-2,326,326,326,326,326,652,326,326,326,326,652,0,0
credit_classification_train_003449,80000,29,0,0,0,0,0,0,63899,62048,49814,45292,43190,39457,2500,2500,2010,2000,2000,2000,1
credit_classification_train_003450,340000,36,0,0,0,0,0,0,167474,155293,134467,129891,113919,106675,7106,4435,4091,3548,4535,4127,0
credit_classification_train_003451,30000,46,1,-2,-2,-1,0,0,0,0,0,14071,14350,14650,0,0,14071,514,532,543,0
credit_classification_train_003452,200000,33,0,0,0,0,0,0,198878,195883,190282,164492,165076,166008,7700,7527,4900,5100,5300,4610,1
credit_classification_train_003453,20000,22,0,0,0,0,0,0,18062,18374,19222,18014,18627,15811,1700,1500,1000,1000,1000,1000,0
credit_classification_train_003454,10000,51,2,2,-2,-2,-2,-1,103,-677,-677,-1067,-747,71,0,0,0,1100,818,1418,1
credit_classification_train_003455,30000,49,0,0,2,0,0,0,27838,30715,29322,28015,28610,28884,3330,0,1148,1195,910,1000,0
credit_classification_train_003456,240000,28,0,0,0,0,0,0,209848,214477,218142,195913,197823,189111,10000,9000,7000,7000,6625,7000,0
credit_classification_train_003457,350000,41,-1,-1,-1,-1,-1,-1,57956,15987,36582,8197,14494,54284,15987,36607,8243,14494,54284,6702,0
credit_classification_train_003458,210000,46,1,2,0,0,-1,-1,5816,5579,20079,17309,2310,241,13,17309,0,2310,241,4000,1
credit_classification_train_003459,90000,32,0,0,0,0,0,0,23730,24693,6470,9882,28283,27893,2000,5000,5000,25000,22000,5000,0
credit_classification_train_003460,500000,36,-1,-1,-1,-1,-1,-1,10935,4079,3943,3338,1224,31022,4081,4283,3338,1224,31022,1088,0
credit_classification_train_003461,20000,21,-1,-1,2,2,-2,-2,390,780,780,0,0,0,780,0,0,0,0,0,0
credit_classification_train_003462,50000,24,0,0,0,0,0,0,48497,49564,19207,18963,19741,19901,2089,1580,1000,1000,1500,1500,1
credit_classification_train_003463,290000,34,-1,-1,-1,-1,-1,-1,8690,-204,3268,302,3586,2345,0,3600,800,5228,2345,9139,0
credit_classification_train_003464,230000,24,1,2,0,0,2,0,20887,18705,17295,18335,9320,1858,0,1200,3000,0,254,1637,0
credit_classification_train_003465,120000,38,0,0,0,0,0,0,111098,114863,118038,118805,59210,61267,5600,6500,5000,3000,3000,3000,0
credit_classification_train_003466,420000,34,0,0,0,0,0,0,88948,79783,80575,92982,98502,103200,30000,10575,15000,10000,10000,20000,0
credit_classification_train_003467,30000,22,0,0,0,0,2,0,25536,26635,27383,29061,28492,29850,1800,1500,2100,0,1800,1000,0
credit_classification_train_003468,80000,49,-1,-1,-1,-1,-1,-1,3367,4641,2290,1459,6764,7601,4641,2290,1459,6764,7601,7990,0
credit_classification_train_003469,50000,44,-1,-1,-1,-1,-1,-1,3424,155,1922,1473,1865,835,155,1922,1473,1865,835,1833,0
credit_classification_train_003470,50000,31,0,0,0,0,2,0,40011,33648,35082,38286,37543,0,1566,2000,3800,0,1546,0,0
credit_classification_train_003471,200000,49,-1,-1,2,0,0,0,3024,11080,8736,26383,27959,20360,10000,0,20000,10000,5000,1520,0
credit_classification_train_003472,50000,29,0,0,0,0,0,0,47194,48381,46777,39420,8824,9009,2002,2000,1530,1000,327,329,1
credit_classification_train_003473,40000,48,-1,0,0,0,0,0,27273,27207,28055,15199,17331,19428,2000,3000,3000,3000,3000,5000,0
credit_classification_train_003474,70000,29,0,0,2,2,2,2,71237,76632,74853,78789,77084,80572,6577,0,5816,0,5364,0,1
credit_classification_train_003475,50000,22,0,0,0,-1,-1,0,47559,50463,49094,1884,19792,19809,3690,2500,942,19792,727,792,0
credit_classification_train_003476,70000,60,0,0,0,0,0,0,10083,11091,12117,13125,13407,13692,1184,1210,1218,500,500,543,0
credit_classification_train_003477,100000,26,0,0,0,0,0,0,46891,48134,49331,50508,51543,52685,2000,2000,2000,2000,2000,2000,0
credit_classification_train_003478,180000,34,0,0,0,0,0,0,43374,38842,37895,36002,31173,30832,2100,2000,5000,1500,1500,1500,0
credit_classification_train_003479,90000,50,0,0,0,2,0,0,43439,44512,47677,46615,47537,48616,2100,4200,0,2000,2000,2000,0
credit_classification_train_003480,130000,37,0,0,0,0,0,0,110434,108740,122873,122870,120373,134146,4100,20000,6000,5000,20000,6000,0
credit_classification_train_003481,200000,40,-2,-2,-2,-2,-2,-2,2552,8064,32082,6914,1905,3244,8084,32105,7186,1905,3244,9768,0
credit_classification_train_003482,60000,28,1,2,2,0,0,0,32578,34742,33907,36032,38114,40332,3000,0,3000,3000,3000,5000,0
credit_classification_train_003483,500000,44,0,0,0,0,0,0,206766,196931,190584,124514,211301,200525,20077,20972,5045,100055,10018,10197,0
credit_classification_train_003484,50000,25,0,0,0,-1,-1,-2,20916,14500,0,790,3696,6696,5000,0,790,3696,3000,5724,0
credit_classification_train_003485,50000,50,0,0,2,0,0,0,47405,50138,25768,26142,26771,27175,4130,0,1100,1200,1000,1100,1
credit_classification_train_003486,500000,46,-2,-2,-2,-2,-2,-1,18664,67646,-214,-214,42772,45282,68013,0,0,42986,45508,9055,0
credit_classification_train_003487,360000,28,0,0,0,-2,-1,-1,207571,182384,161295,199803,198614,2383,6114,4899,202074,200395,2383,98668,0
credit_classification_train_003488,30000,32,0,0,0,0,0,0,30096,30287,28823,26799,25457,26143,1494,1445,1506,912,1097,1000,0
credit_classification_train_003489,350000,33,0,0,0,0,0,0,53562,49396,42968,38575,34226,31026,2045,1660,1338,1300,2000,865,0
credit_classification_train_003490,70000,29,2,2,2,2,2,2,44594,45588,46540,47378,46490,47758,2000,2000,1900,0,2200,3600,1
credit_classification_train_003491,50000,41,2,2,2,2,2,2,23043,24064,24981,25473,25857,26298,1700,1600,1200,1100,1000,0,1
credit_classification_train_003492,300000,29,-2,-2,-2,-2,-2,-2,0,0,0,0,0,0,0,0,0,0,0,0,1
credit_classification_train_003493,90000,40,0,0,0,-1,-1,-1,42856,44925,0,787,1457,0,3114,0,787,1457,0,0,1
credit_classification_train_003494,180000,32,-1,-1,-2,-2,-2,-2,134,357,288,837,467,15868,357,288,837,467,15868,351,0
credit_classification_train_003495,80000,28,0,0,0,0,-1,0,150651,52233,81162,71470,28718,27813,3905,81000,1513,47921,10000,2001,0
credit_classification_train_003496,20000,46,0,0,0,0,0,0,14075,15523,17264,18325,15680,0,2000,2000,1500,500,0,0,0
credit_classification_train_003497,120000,23,0,0,2,0,0,0,39517,42543,41583,42736,43806,44623,4000,0,2000,1600,1500,1557,0
credit_classification_train_003498,160000,31,0,0,0,0,0,0,160843,153543,157871,143690,134386,138038,6000,7225,5000,5000,5900,4992,0
credit_classification_train_003499,50000,22,2,2,2,3,2,2,19091,18487,22219,21520,20108,18207,0,4042,0,648,0,921,0
credit_classification_train_003500,200000,36,-1,-1,-1,-1,-1,-1,2500,0,5448,632,0,646,0,5448,632,0,646,0,0
credit_classification_train_003501,110000,30,2,2,2,2,2,0,124206,124679,126200,130540,127114,111429,4000,5000,8000,0,5000,5000,1
credit_classification_train_003502,350000,50,-1,-1,-1,-1,-1,-1,41069,312,34034,1157,8584,2076,315,34034,1157,8584,2076,6265,0
credit_classification_train_003503,50000,22,0,0,0,2,2,0,46476,47703,51922,51563,50677,48556,2000,5000,1200,0,1853,0,0
credit_classification_train_003504,130000,25,-2,-1,0,0,0,0,51734,77751,93696,79187,116374,120793,77817,79000,3382,103001,6000,4514,0
credit_classification_train_003505,630000,31,0,0,0,0,0,0,447263,458762,470298,480587,385587,373910,20000,20000,20000,15000,15000,15000,0
credit_classification_train_003506,80000,26,0,-1,-1,2,2,2,1238,376,2281,1356,355,-520,376,2281,0,0,0,35893,0
credit_classification_train_003507,210000,49,0,0,0,0,0,0,27984,27686,29209,28326,26198,25020,1500,2000,1500,1000,1500,1300,0
credit_classification_train_003508,210000,33,-1,-1,-1,-1,-1,-1,291,291,291,291,441,291,291,291,291,441,291,291,0
credit_classification_train_003509,80000,48,0,0,0,0,0,0,79518,77757,32325,25670,30089,29395,2264,1420,1002,6005,2000,970,0
credit_classification_train_003510,100000,39,0,0,0,0,0,0,97040,65668,66046,66779,45833,46369,2617,2098,1916,1707,1732,1379,0
credit_classification_train_003511,50000,31,0,0,0,0,0,0,45861,47667,48119,8257,8037,9470,3687,5000,1000,309,2000,1000,0
credit_classification_train_003512,160000,30,-1,-1,-2,-1,-1,2,9640,0,0,2804,403,253,0,0,2804,403,0,3144,0
credit_classification_train_003513,90000,23,-1,0,0,2,2,2,11495,10764,11304,9601,10050,8304,1200,3000,0,2000,0,2000,1
credit_classification_train_003514,220000,40,-1,-1,-1,-1,-1,-1,13654,12312,23031,7229,3942,2132,12312,23031,7234,3942,2132,5809,0
credit_classification_train_003515,240000,35,-2,-2,-2,-2,-2,-2,3862,1780,0,0,0,0,1783,0,0,0,0,2500,0
credit_classification_train_003516,20000,27,1,2,2,2,2,0,17569,18478,19884,20218,19687,20307,1500,2000,1000,0,1000,1000,1
credit_classification_train_003517,50000,45,1,2,2,2,0,0,46166,42253,46794,44995,45934,48796,0,5600,0,1800,4000,0,0
credit_classification_train_003518,30000,52,3,2,2,2,2,2,26494,26675,29111,28325,28840,5450,900,3974,0,600,0,0,1
credit_classification_train_003519,50000,28,0,0,0,0,0,0,52775,54397,55328,42511,31032,34510,2500,2000,2000,5000,4000,3000,1
credit_classification_train_003520,10000,23,1,2,0,0,0,2,9020,8707,8519,9505,10127,9677,0,1391,1300,900,0,500,1
credit_classification_train_003521,120000,37,-1,2,-1,-1,-1,-1,1235,316,316,16885,46929,69521,0,316,16885,54629,77046,4499,0
credit_classification_train_003522,10000,24,0,-1,-1,0,0,0,9285,273,8327,9379,9566,9766,273,8327,1200,342,354,438,0
credit_classification_train_003523,70000,29,0,0,0,0,0,-2,11502,11009,13997,6832,0,0,2000,4037,2000,0,0,0,0
credit_classification_train_003524,310000,42,0,0,0,0,0,0,169749,172685,176630,180315,184072,188194,7000,6630,6379,6586,7086,7522,1
credit_classification_train_003525,180000,43,-1,-1,-1,-1,-1,-1,1473,22969,27315,13315,8194,12800,22969,27392,13315,9000,12800,9460,0
credit_classification_train_003526,20000,41,0,0,2,0,0,0,19080,20303,19302,19897,19895,20313,3000,0,1311,699,725,711,0
credit_classification_train_003527,100000,33,0,0,0,0,0,0,75374,44796,47294,38712,39304,40479,2000,5000,1521,1595,2000,2716,0
credit_classification_train_003528,240000,51,-2,-2,-2,-1,-1,-1,4302,542,3934,6630,6817,7658,546,3953,6646,6865,7673,4208,0
credit_classification_train_003529,20000,22,0,0,0,0,0,0,17377,18439,19117,11983,11626,1970,1360,1286,1000,987,39,0,0
credit_classification_train_003530,100000,26,2,2,2,2,-2,-2,89296,101755,90684,23000,25000,0,14002,560,0,2000,0,53528,0
credit_classification_train_003531,50000,38,0,0,-2,-2,-2,-2,51400,0,0,0,0,0,0,0,0,0,0,0,1
credit_classification_train_003532,310000,29,-2,-2,-2,-2,-2,-2,13158,1062,8805,3024,0,0,1062,8805,3087,0,0,3240,0
credit_classification_train_003533,180000,41,0,0,0,0,0,0,99925,102359,96462,96846,95549,94131,5024,4300,3500,4000,4000,3650,0
credit_classification_train_003534,80000,25,0,0,0,0,0,0,73267,74425,76347,51150,43193,44230,2971,3435,1750,1593,1730,1972,1
credit_classification_train_003535,50000,22,0,0,0,0,0,0,22616,21415,20769,21339,19382,18577,1668,1283,853,1000,758,475,0
credit_classification_train_003536,50000,22,2,2,2,0,0,0,50974,51688,50024,29381,28957,28435,3000,0,800,808,1200,775,0
credit_classification_train_003537,200000,29,0,0,0,0,0,0,9078,11612,12100,13900,15900,0,3000,1500,2000,2000,0,0,0
credit_classification_train_003538,230000,23,0,0,0,0,0,0,34975,35950,18661,12157,13104,13314,2000,1241,1157,1104,814,715,0
credit_classification_train_003539,30000,25,2,2,2,2,2,2,24022,25038,25429,25714,26353,26868,1700,1100,1000,1200,1100,1200,1
credit_classification_train_003540,200000,50,3,2,2,2,0,0,176077,179769,178358,177340,181281,191644,8000,3000,3400,6800,13600,5900,1
credit_classification_train_003541,50000,64,0,0,0,0,0,-1,48369,44762,17403,17907,19000,18055,2384,5461,2872,1093,19055,2239,0
credit_classification_train_003542,210000,36,0,0,-2,-2,-2,-2,15991,0,0,0,0,0,0,0,0,0,0,0,0
credit_classification_train_003543,90000,25,0,0,0,0,0,0,91151,88937,91097,52285,46430,47404,3453,3868,1960,1658,1718,2200,0
credit_classification_train_003544,10000,25,-1,-1,-1,-1,-1,-1,3161,390,390,390,0,1280,390,390,390,0,1280,6380,0
credit_classification_train_003545,330000,28,-1,-1,-1,-1,-1,-1,390,0,780,150,320,780,0,780,150,320,1000,0,0
credit_classification_train_003546,250000,51,2,2,2,2,2,2,2487,2487,2487,2487,2487,2487,0,0,0,0,0,0,1
credit_classification_train_003547,110000,62,0,0,0,0,0,2,65932,66740,68170,69634,73981,72676,2500,2500,2600,5519,0,3000,0
credit_classification_train_003548,100000,55,0,0,0,0,0,0,17048,26593,50330,7495,9584,0,10000,35000,2000,2089,0,0,0
credit_classification_train_003549,50000,31,-1,0,-1,-1,-1,-2,12725,34526,12787,3995,0,0,30018,12787,3995,0,0,0,0
credit_classification_train_003550,320000,39,0,0,0,-2,-1,-1,46383,111937,0,0,589,-4543,68800,0,0,589,0,0,0
credit_classification_train_003551,150000,28,0,0,0,0,0,-2,3558,4725,2980,3234,0,0,2000,1000,2234,0,0,0,0
credit_classification_train_003552,400000,37,0,0,0,0,0,0,49447,59781,86070,100620,133307,117194,30000,50000,50006,38000,10000,12000,0
credit_classification_train_003553,50000,42,0,0,0,0,0,2,35892,32546,30660,31320,36227,35569,2007,2000,1500,5400,0,3000,0
credit_classification_train_003554,230000,38,2,2,2,2,2,0,177917,181465,185074,187053,176805,180826,8000,8000,6500,0,7000,6500,0
credit_classification_train_003555,450000,37,0,-1,-1,-1,-1,-1,37070,17596,24965,0,1649,5212,17596,24965,0,1649,5212,535,0
credit_classification_train_003556,120000,68,2,2,0,0,0,0,125406,123819,122209,122047,122019,130079,4400,4436,4370,4440,12600,4500,1
credit_classification_train_003557,500000,45,-1,-1,-1,-1,-1,-1,1366,9489,51322,12150,12463,11872,9543,51322,12176,12463,11872,22547,0
credit_classification_train_003558,100000,29,0,0,-1,-1,-1,-1,51183,-1478,1261,1044,-217,522,0,4000,1044,0,2000,2000,0
credit_classification_train_003559,160000,39,0,0,0,2,2,0,34171,34939,38038,38683,37764,39053,1639,3683,1564,0,2053,3228,1
credit_classification_train_003560,20000,26,-1,-1,-1,-1,-1,0,11030,5331,20985,6932,37345,28798,5331,20985,6932,37845,2000,11200,0
credit_classification_train_003561,120000,31,2,0,0,2,0,0,25719,29961,32451,31630,34115,36551,5000,3000,0,3000,3000,4000,1
credit_classification_train_003562,270000,36,-1,0,-1,-1,-1,-1,109611,64202,33846,42278,36841,57844,6285,33894,42399,36841,57844,35862,0
credit_classification_train_003563,230000,31,0,0,0,0,0,-1,17587,19297,19580,8247,-6666,13334,2000,1000,2000,0,20000,8200,0
credit_classification_train_003564,170000,28,0,0,0,0,0,0,12324,13467,14394,15249,15999,16753,1350,1158,1100,1000,1025,1512,0
credit_classification_train_003565,10000,34,0,0,0,-1,0,0,9323,8708,0,9601,10005,9058,1000,0,9601,800,1000,1000,0
credit_classification_train_003566,30000,28,0,0,0,0,0,0,25344,26614,27878,29103,29426,29907,2000,2000,2000,1100,1088,1124,0
credit_classification_train_003567,80000,23,0,0,0,0,0,0,69584,66342,60514,48965,29648,28737,2519,1838,1434,1015,1505,663,0
credit_classification_train_003568,300000,42,-1,-1,-1,-2,-2,-2,1653,1734,0,0,0,0,1734,0,0,0,0,0,0
credit_classification_train_003569,200000,34,0,0,0,0,0,0,189279,195200,60278,58972,55731,99900,10000,5023,5000,5000,50000,4000,0
credit_classification_train_003570,330000,37,-2,-2,-2,-2,-2,-2,0,0,0,0,0,1624,0,0,0,0,1624,0,0
credit_classification_train_003571,140000,33,1,-1,-1,-2,-2,-2,0,840,0,0,0,0,840,0,0,0,0,0,0
credit_classification_train_003572,290000,32,0,0,0,0,0,0,76383,78200,79726,80890,81615,75661,3400,3700,3600,3000,3000,3000,0
credit_classification_train_003573,260000,38,1,-2,-2,-2,-2,-2,0,0,0,0,0,0,0,0,0,0,0,0,0
credit_classification_train_003574,200000,36,0,0,0,0,0,0,167385,171476,175956,171340,177236,181978,8000,8045,8000,8000,7000,18000,0
credit_classification_train_003575,60000,39,-2,2,-1,-1,-1,-1,50210,2846,18862,18145,20934,22146,60054,19061,20089,23019,22181,16711,0
credit_classification_train_003576,210000,47,-2,-2,-2,-2,-2,-2,6460,3623,10325,8751,11920,8967,3623,10362,8751,11920,8967,7416,1
credit_classification_train_003577,50000,23,-1,-1,-1,-1,-1,-1,15512,2552,13890,2545,15688,3088,2552,13914,2545,16508,3088,0,0
credit_classification_train_003578,160000,27,0,0,0,0,0,0,80964,80337,82182,82586,85145,87049,4000,4000,3500,4000,4000,2500,0
credit_classification_train_003579,280000,31,-2,-2,-2,-2,-2,-2,8383,8797,8741,8178,-4,-4,9044,8844,8247,0,0,0,0
credit_classification_train_003580,390000,32,-1,0,0,0,0,0,46895,45435,47678,47753,38671,50795,7518,12006,13006,4006,25011,14009,0
credit_classification_train_003581,240000,29,0,0,0,0,0,0,236883,241574,244010,239778,191762,196015,8636,9303,8159,5449,5900,5323,0
credit_classification_train_003582,70000,27,3,2,3,2,0,0,70084,71379,69264,26547,24173,24620,3000,0,0,2000,1000,1000,1
credit_classification_train_003583,150000,34,-2,-2,-2,-2,-2,-2,5712,14539,8796,20359,17329,20087,14539,8796,20375,17329,20087,0,0
credit_classification_train_003584,200000,33,0,0,0,0,0,0,19572,28858,52512,71923,19923,-77,10000,25000,20400,0,0,77,0
credit_classification_train_003585,220000,36,2,2,2,0,0,0,195725,197466,189149,187531,187856,186532,8200,0,7000,7000,7200,23700,1
credit_classification_train_003586,50000,23,0,0,-2,-2,-2,-2,49276,0,0,0,0,0,0,0,0,0,0,0,0
credit_classification_train_003587,20000,40,0,0,2,3,2,2,12649,15526,16383,15831,15438,17371,3103,1408,0,0,2346,0,0
credit_classification_train_003588,290000,42,0,0,0,0,0,0,19281,21654,20073,25966,22347,12572,6654,1476,10002,447,251,16338,0
credit_classification_train_003589,90000,36,0,0,0,0,0,0,7752,9112,10306,11328,12036,14329,1500,1500,1500,1200,2500,0,1
credit_classification_train_003590,160000,35,0,0,0,0,0,0,96515,139439,141416,112497,119511,119763,50439,6000,5000,9000,4000,4000,0
credit_classification_train_003591,280000,51,-2,-2,-2,-2,-2,-2,2477,3470,0,0,0,0,3470,0,0,0,0,1715,0
credit_classification_train_003592,380000,39,-2,-2,-2,-1,-1,-2,0,4107,2517,710,0,0,4107,2517,716,0,0,1183,0
credit_classification_train_003593,70000,32,0,0,0,2,0,0,10856,10822,13627,10852,12676,14463,2000,3000,0,2000,3000,4000,0
credit_classification_train_003594,10000,25,-1,2,0,0,-1,-1,7786,8512,9290,9480,388,10000,1000,1000,190,388,10000,0,0
credit_classification_train_003595,400000,31,-2,-2,-2,-2,-2,-2,203,767,664,1250,-10,2174,770,667,1256,0,2184,0,0
credit_classification_train_003596,30000,38,0,0,-2,-2,-2,-2,30000,-720,-720,-1500,0,0,0,0,0,1500,0,0,0
credit_classification_train_003597,10000,22,0,0,0,-1,-1,2,7572,8520,6118,245,10274,9963,1118,1020,250,10300,0,200,0
credit_classification_train_003598,180000,30,0,0,0,0,0,0,23398,14445,15404,19885,22355,22902,1541,1500,4911,10355,10902,3500,0
credit_classification_train_003599,20000,22,2,3,2,2,2,0,15662,16004,17046,16676,16704,16984,900,1600,200,600,700,2100,0
credit_classification_train_003600,200000,31,-1,-1,-1,0,0,-1,3702,25548,10594,7969,2865,5625,25678,10623,25,16,6000,19,1
credit_classification_train_003601,10000,22,0,0,0,0,0,0,8780,4060,2774,3764,4001,5134,1100,1300,1200,300,1200,0,0
credit_classification_train_003602,450000,55,2,2,-2,-2,-2,-2,2500,0,0,0,0,0,0,0,0,0,0,0,1
credit_classification_train_003603,210000,28,0,-1,-1,-1,-1,-1,7457,1512,8475,5499,2960,670,1512,8475,5499,2960,670,25594,0
credit_classification_train_003604,270000,35,2,0,0,0,0,0,128442,131185,134297,208396,106524,104447,6300,6800,4000,4200,7000,3000,0
credit_classification_train_003605,50000,24,-1,-1,-1,-1,0,0,390,390,390,780,780,0,390,390,780,0,0,0,0
credit_classification_train_003606,230000,28,0,0,0,0,0,0,53542,79186,49984,35526,24540,16038,36000,1222,7510,491,6600,0,0
credit_classification_train_003607,280000,33,-1,-1,-1,-1,-1,-1,281,5631,5525,0,21339,607,5631,5549,0,21339,607,0,0
credit_classification_train_003608,500000,27,0,0,0,0,0,0,204198,201648,197549,192093,187726,183860,7434,6342,5276,5271,5778,5029,0
credit_classification_train_003609,130000,25,0,0,0,0,0,0,55368,58035,47313,44568,48560,51529,5000,5000,5000,5000,5000,5000,0
credit_classification_train_003610,320000,32,0,0,0,0,0,0,101121,86781,74909,55472,53699,46313,5800,9805,5006,3704,12860,13201,0
credit_classification_train_003611,190000,26,1,4,3,2,2,2,51799,50667,52175,51159,54225,54826,0,2500,0,4308,1500,2000,0
credit_classification_train_003612,150000,33,0,0,0,0,0,0,37794,39240,40653,41249,42356,43278,2000,2000,1500,1700,1700,1668,0
credit_classification_train_003613,50000,34,-2,-1,0,0,0,0,50680,50655,50710,50503,40140,-21364,50702,2033,1776,2000,29000,59901,0
credit_classification_train_003614,100000,24,-1,3,2,-1,-1,-1,1331,1326,652,326,326,476,0,0,326,326,476,326,0
credit_classification_train_003615,390000,53,0,0,0,0,0,0,30400,34756,29530,27620,32364,34041,5000,5000,5000,5000,5000,1161,0
credit_classification_train_003616,70000,35,0,0,0,0,0,0,68445,67371,68263,68927,69176,70592,3001,3052,3348,2617,2840,2674,0
credit_classification_train_003617,120000,47,1,2,2,2,2,2,121400,123055,118030,122443,120370,123766,7352,0,8990,0,9000,0,0
credit_classification_train_003618,90000,35,0,0,0,0,0,0,90467,88834,89791,53096,52340,27660,4000,5000,3100,1700,1421,319,1
credit_classification_train_003619,300000,34,0,0,0,0,0,0,271928,274915,279570,241030,228125,215438,10230,9483,8172,8081,7707,7981,1
credit_classification_train_003620,290000,24,-2,-2,-1,-1,-1,0,14931,15090,19239,4940,93332,96112,15090,19239,4975,96151,5500,4000,0
credit_classification_train_003621,40000,33,0,0,-2,-2,-2,-2,23330,0,0,0,0,0,0,0,0,0,0,0,0
credit_classification_train_003622,80000,30,0,0,0,0,0,0,79194,80575,76782,48643,49263,49869,3077,2291,1723,1775,1802,1763,0
credit_classification_train_003623,290000,38,2,2,0,0,0,0,324016,294976,297386,243558,241765,236413,0,12139,80000,10000,8443,10000,1
credit_classification_train_003624,80000,22,-1,-1,-1,-1,-1,0,1807,133,5395,1182,266,366,133,5395,1182,266,233,0,0
credit_classification_train_003625,80000,24,-1,-1,-2,-2,-2,-2,2346,0,0,0,0,0,0,0,0,0,0,0,1
credit_classification_train_003626,20000,50,0,0,0,0,0,-1,18865,36059,18757,15521,13086,7688,1500,2580,1279,654,7688,0,0
credit_classification_train_003627,20000,30,1,-2,-2,-2,-2,-2,0,0,0,0,0,0,0,0,0,0,0,0,1
credit_classification_train_003628,50000,47,1,2,0,0,0,0,66978,65198,48951,17744,36230,37128,0,2600,635,657,750,501,1
credit_classification_train_003629,100000,60,0,0,3,2,0,0,4814,8311,8031,5790,3860,2599,3591,0,0,0,0,2712,1
credit_classification_train_003630,140000,28,0,0,2,0,0,0,11285,14096,12108,12211,11793,3719,3329,0,432,1000,1000,1000,0
credit_classification_train_003631,50000,28,3,2,2,7,7,7,2400,2400,2400,2400,2400,2400,0,0,0,0,0,0,0
credit_classification_train_003632,360000,45,-1,-1,-1,-1,-1,-2,287,29646,9251,18860,-40,-40,29794,9297,18954,0,0,0,0
credit_classification_train_003633,390000,41,0,0,-2,-2,-2,-2,10496,-23,-349,-675,-1001,-1327,0,0,0,0,0,2000,0
credit_classification_train_003634,140000,38,0,0,0,2,0,0,137611,135905,142477,140617,139353,140953,6010,12500,4009,5000,6000,5300,0
credit_classification_train_003635,110000,29,0,0,0,0,0,0,104216,104343,142622,73702,75513,77111,7316,3000,6000,3000,2935,3011,0
credit_classification_train_003636,100000,26,-1,-1,-1,-1,-1,-1,567,390,508,0,4580,2274,390,508,0,4580,2274,0,0
credit_classification_train_003637,280000,51,-2,-2,-2,-2,-2,-2,2158,0,0,0,0,0,0,0,0,0,0,0,0
credit_classification_train_003638,90000,44,2,0,0,0,0,0,58395,59559,61640,62793,63493,67204,2134,3043,3000,2300,4506,15490,1
credit_classification_train_003639,500000,40,0,0,0,0,0,0,212961,264961,237006,139311,128095,181304,63000,20078,30141,30000,60000,50000,0
credit_classification_train_003640,30000,27,0,0,0,0,0,0,25107,26312,28102,29078,29201,24122,2000,3000,2000,1000,1500,1000,0
credit_classification_train_003641,30000,24,-1,0,0,0,0,0,20069,21148,22185,22551,23223,24837,1700,1700,1000,1000,2000,1400,0
credit_classification_train_003642,120000,41,1,2,0,0,-1,-1,121988,90063,27941,11990,390,390,0,1600,1000,390,390,0,1
credit_classification_train_003643,300000,26,0,0,0,0,0,0,63425,50294,38235,29944,26259,26288,3005,2691,2400,1000,1000,859,0
credit_classification_train_003644,20000,24,0,0,0,0,0,0,17850,15528,13597,14088,13723,16318,2019,2000,1003,1000,3000,2000,0
credit_classification_train_003645,270000,38,-1,0,0,0,-1,0,2974,3562,5061,5500,116681,119553,1071,2000,1000,116681,5000,4000,0
credit_classification_train_003646,190000,37,0,0,0,0,0,0,181295,178857,181463,178984,175131,170136,8019,8008,6700,6800,6324,6120,0
credit_classification_train_003647,100000,35,0,0,0,0,0,0,100207,94080,75428,76450,77503,64119,4026,3100,3050,3000,2300,2700,0
credit_classification_train_003648,50000,41,0,0,0,0,0,0,39369,40710,42736,43751,44619,45900,2000,3000,1729,1597,2000,1709,0
credit_classification_train_003649,200000,37,-2,-2,-2,-2,-2,-2,162,536,0,495,0,0,536,0,495,0,0,546,0
credit_classification_train_003650,80000,42,0,0,-2,-2,-2,-2,71650,0,0,0,0,0,0,0,0,0,0,0,0
credit_classification_train_003651,80000,42,0,0,-1,-1,0,0,43024,9821,600,53900,55000,65000,5098,600,53900,1100,10000,0,0
credit_classification_train_003652,20000,49,2,2,2,2,0,0,13380,13264,19195,18497,18160,19067,400,6180,0,454,1000,400,1
credit_classification_train_003653,30000,35,0,0,0,2,0,0,8348,9678,12702,12206,12701,13839,1476,3500,0,1000,1500,0,1
credit_classification_train_003654,10000,23,0,0,0,0,0,0,7545,7510,8583,9156,9727,8706,1500,1588,1274,1235,303,300,0
credit_classification_train_003655,30000,51,0,0,2,2,2,0,22373,25363,23582,21422,18302,16527,3400,1400,1000,700,1000,488,0
credit_classification_train_003656,130000,28,0,0,0,-1,-1,-1,71983,71514,73274,3541,3333,3333,4000,7000,3600,3333,3333,3110,0
credit_classification_train_003657,30000,39,2,0,0,2,2,0,11436,12439,14911,15819,15346,16666,1500,3000,1500,0,1500,2000,1
credit_classification_train_003658,40000,23,-1,2,-1,-1,0,0,652,326,326,26370,24572,24918,0,326,26370,886,1075,830,1
credit_classification_train_003659,110000,36,0,0,0,0,0,0,109345,111980,111563,106625,48631,49724,4400,4200,4406,1800,1900,1900,0
credit_classification_train_003660,80000,37,0,0,0,0,0,0,69767,73197,44195,45458,48679,49895,5000,3000,2000,4000,2000,2000,0
credit_classification_train_003661,170000,32,-1,-1,-1,-1,-1,-1,6699,2999,4896,68,2761,2673,2999,4904,68,2761,2673,1861,0
credit_classification_train_003662,50000,27,1,2,2,2,2,2,15345,14812,16696,16134,17380,16958,0,2137,0,1503,0,800,0
credit_classification_train_003663,30000,46,1,2,0,0,0,0,26840,25311,25906,25494,24986,24915,0,1804,1200,500,737,0,0
credit_classification_train_003664,80000,27,-1,-1,-1,-1,0,-1,993,1528,1138,4130,3740,1404,1528,1499,4130,0,1404,1621,0
credit_classification_train_003665,180000,40,-1,-1,-1,-1,-1,-2,899,2879,8750,9931,0,7760,2879,8750,9931,0,7760,3450,0
credit_classification_train_003666,40000,27,0,0,2,0,0,0,26663,31589,31772,32146,33128,33923,5700,1000,1200,1500,1500,1900,1
credit_classification_train_003667,270000,36,0,0,0,0,0,0,276192,271773,262623,268735,273709,273139,11000,11100,12000,11000,10200,10500,0
credit_classification_train_003668,40000,24,1,2,2,0,0,0,9958,12140,11653,11762,12418,13108,2500,0,600,1000,900,1000,0
credit_classification_train_003669,150000,23,-2,-1,0,0,0,0,956,66470,66187,65419,61645,64189,66470,2451,2543,5000,4189,10000,0
credit_classification_train_003670,230000,41,1,-1,-1,-1,-1,-1,0,1482,2140,2360,2620,0,1482,2140,2560,2620,0,0,1
credit_classification_train_003671,130000,43,0,0,0,0,0,0,130874,132743,131862,101971,101689,101303,5500,6000,4000,4000,4000,3800,0
credit_classification_train_003672,20000,45,0,0,0,2,0,0,17235,18253,20858,20202,18950,17709,1610,3215,0,780,640,1400,0
credit_classification_train_003673,180000,27,2,2,0,0,0,0,186895,167768,125879,119283,117515,109499,0,6000,3663,3700,3400,2771,1
credit_classification_train_003674,730000,56,0,0,0,0,0,0,746814,374028,351588,86927,66111,38491,20500,16500,3000,2000,2000,5000,0
credit_classification_train_003675,480000,38,0,0,0,0,0,0,29414,33482,37501,41399,35489,33081,5002,5002,5031,1006,986,986,0
credit_classification_train_003676,170000,27,-1,-1,-1,-1,0,0,711,176,465,1422,582,291,176,1000,1422,291,0,291,0
credit_classification_train_003677,220000,42,1,-2,-2,-2,-2,-2,0,0,0,0,0,0,0,0,0,0,0,0,1
credit_classification_train_003678,140000,28,-1,-1,-1,-1,-1,-1,7588,15557,18886,9476,5040,6070,17015,19030,10000,10000,6100,22000,0
credit_classification_train_003679,240000,38,1,-2,-2,-2,-2,-1,0,0,0,0,0,690,0,0,0,0,690,0,0
credit_classification_train_003680,220000,26,2,2,2,2,2,0,215477,216099,210839,216988,213824,39819,5516,0,8275,0,800,223833,0
credit_classification_train_003681,200000,29,-1,-1,0,0,0,-2,2704,4959,5800,6000,0,0,4959,1000,200,0,0,0,0
credit_classification_train_003682,240000,27,1,-2,-1,-1,0,0,0,0,402,14350,14129,10222,0,402,14350,1129,1222,204,0
credit_classification_train_003683,50000,23,1,2,0,0,0,0,47201,47548,48402,28331,29174,29739,1400,1800,1100,1300,1200,1100,0
credit_classification_train_003684,30000,23,-1,-1,-1,-1,-1,0,23225,29801,10008,9336,24339,16710,30043,10024,9340,24363,5714,4,0
credit_classification_train_003685,140000,27,0,0,0,0,-1,-1,10064,10551,11655,11377,735,1051,2000,2000,1000,735,1051,569,0
credit_classification_train_003686,110000,29,2,2,2,2,2,2,95690,105101,105676,106506,103591,109276,11000,3800,4000,0,8800,0,1
credit_classification_train_003687,20000,23,1,2,0,0,0,0,17682,18595,19447,19312,17987,17822,1500,1500,1000,1000,1000,1000,0
credit_classification_train_003688,50000,53,0,0,0,0,0,-2,20211,48672,34694,35503,2025,0,36396,1662,1471,2125,0,0,0
credit_classification_train_003689,110000,38,0,0,0,0,0,0,52708,51021,51166,42718,42183,40909,2469,2119,1857,1418,1390,1408,0
credit_classification_train_003690,30000,22,0,0,0,2,0,0,27444,29000,29886,28392,22612,22750,2000,1800,0,1000,1000,0,1
credit_classification_train_003691,50000,47,0,0,0,0,0,0,22923,23264,23879,23960,24067,24253,1400,1400,850,871,974,962,0
credit_classification_train_003692,30000,33,0,0,0,0,0,0,59867,28357,29312,26404,25806,26325,1500,1433,1500,920,929,0,1
credit_classification_train_003693,80000,22,0,0,0,0,0,0,76737,70614,68502,27160,27712,29245,3500,10092,966,2000,2000,1037,0
credit_classification_train_003694,80000,44,1,-1,-1,-1,-1,-1,-60,2400,595,1810,737,2555,2460,595,1815,737,2555,4290,0
credit_classification_train_003695,20000,23,0,0,0,0,0,0,15196,16373,17590,18107,18756,19949,1428,1500,800,936,2000,797,0
credit_classification_train_003696,120000,27,0,0,2,0,0,0,75896,77931,79384,81367,82321,84336,3900,3300,3900,3200,3500,3500,0
credit_classification_train_003697,130000,39,0,0,0,0,0,0,103566,105797,102729,104761,87660,92123,3969,3823,3836,3345,9116,0,1
credit_classification_train_003698,500000,30,-1,-1,-1,0,0,-1,1089,58665,168052,254571,59587,13398,58665,170119,156000,2000,13398,527143,0
credit_classification_train_003699,30000,27,-2,-2,-2,-2,-2,-2,1784,6801,2118,4171,1714,2001,6855,2118,4171,1714,2001,0,0
credit_classification_train_003700,90000,54,-2,-2,-2,-2,-2,-2,0,0,0,0,1805,0,0,0,0,1805,0,0,1
credit_classification_train_003701,50000,43,0,0,0,0,0,0,31199,36067,24727,30182,27043,25995,12009,2111,11000,1000,6000,6001,0
credit_classification_train_003702,500000,27,0,0,0,0,0,0,131519,127055,122368,108543,93906,82288,6662,12105,8610,3555,4073,2666,0
credit_classification_train_003703,50000,44,0,0,0,0,0,0,45858,46315,47435,48290,49257,49345,2000,1865,1720,1687,1732,2007,0
credit_classification_train_003704,250000,35,-2,-2,-2,-2,-2,-1,7379,42849,24502,25016,33754,4418,45000,25000,15167,80000,5000,6000,0
credit_classification_train_003705,20000,30,0,0,0,0,0,0,19149,20221,19812,10717,13534,15298,1392,1201,1000,3000,2000,399,0
credit_classification_train_003706,80000,23,-2,-2,-2,-2,-2,-2,780,0,390,390,390,540,0,390,390,390,540,390,1
credit_classification_train_003707,50000,54,2,2,2,2,2,2,48556,49240,48647,36411,32087,22909,1804,2045,1314,1268,0,2436,1
credit_classification_train_003708,620000,52,-1,-1,-1,0,-1,-1,31400,32166,17206,164582,75743,54737,32335,17244,154826,76300,55012,55136,0
credit_classification_train_003709,80000,25,-1,-1,2,-1,0,-1,390,5640,390,780,390,390,5250,0,780,0,390,390,0
credit_classification_train_003710,210000,44,-1,-1,-1,-1,-1,-1,4925,32767,6273,5651,9103,8660,32930,6975,5661,9109,8664,8917,0
credit_classification_train_003711,90000,24,0,0,0,-1,0,0,36179,36137,28400,28982,29782,24389,1953,2000,29982,800,1516,60615,0
credit_classification_train_003712,160000,53,-1,-1,-1,-1,-1,-1,791,9164,4791,2999,961,994,9173,4805,3008,1742,998,1101,0
credit_classification_train_003713,220000,36,-1,-1,0,-1,-1,-1,996,4102,4111,1057,990,1324,4102,1111,1057,990,1324,1039,0
credit_classification_train_003714,70000,38,0,0,0,0,0,0,59195,37953,34689,35700,36252,37008,2195,1881,1892,1444,1490,1344,0
credit_classification_train_003715,360000,32,-1,-1,-1,-1,-1,-1,7462,2708,5562,3906,8413,3079,2721,5588,3924,8454,3093,4095,0
credit_classification_train_003716,20000,42,2,2,2,2,2,2,18155,17595,19355,19554,19795,19342,0,2344,800,683,0,1500,1
credit_classification_train_003717,270000,37,-2,-2,-2,-2,-2,-2,264,217,253,189,-75,525,217,300,200,0,600,200,0
credit_classification_train_003718,340000,27,0,0,0,0,0,0,172180,180140,166281,155628,145645,103263,21105,5461,5000,5849,2732,50000,0
credit_classification_train_003719,210000,29,-1,-1,-1,-1,-1,-1,18662,6220,199,0,10024,-18,6224,199,200,10024,0,0,0
credit_classification_train_003720,180000,25,0,0,0,0,0,0,120583,97341,87773,89547,91639,93991,3507,3201,3200,3500,4000,3704,0
credit_classification_train_003721,80000,50,0,0,0,-1,0,-1,56602,14233,15729,3000,1500,1500,5000,5000,3000,0,1500,4473,0
credit_classification_train_003722,140000,26,2,0,0,0,0,0,144010,142724,142802,140103,142750,142855,5301,5400,5100,5300,5500,5400,1
credit_classification_train_003723,260000,38,-2,-2,-2,-2,-2,-2,0,0,0,0,0,0,0,0,0,0,0,0,0
credit_classification_train_003724,180000,30,0,0,0,0,-1,-1,39259,41054,25590,5817,13623,-2202,3000,6000,1000,13623,388,77001,0
credit_classification_train_003725,40000,23,2,2,2,2,2,2,33895,33068,35704,36173,36796,37288,0,3200,1500,1500,1400,1500,1
credit_classification_train_003726,80000,25,1,-1,-1,-1,-2,-1,0,9000,380,0,0,363,9000,380,0,0,363,0,0
credit_classification_train_003727,30000,34,0,0,4,3,2,0,19785,24633,23961,23289,22779,51224,5500,0,0,0,3400,512,0
credit_classification_train_003728,20000,36,0,0,2,0,0,0,21309,22693,20899,20014,19331,17176,3150,0,800,850,660,650,0
credit_classification_train_003729,210000,37,0,0,0,0,0,0,26557,31090,58054,44624,43339,44245,5000,28008,15000,1552,1605,1615,0
credit_classification_train_003730,110000,27,0,0,0,0,0,0,52426,45107,44310,34820,36005,25976,1772,1900,1815,2000,1500,2000,0
credit_classification_train_003731,250000,46,0,0,0,0,0,0,244563,248218,70004,64953,51507,50338,10925,2351,1886,1616,1756,1182,0
credit_classification_train_003732,290000,34,-1,-1,-2,-1,-1,-1,1597,-2002,-1001,3999,0,4483,0,0,5000,0,4483,1209,0
credit_classification_train_003733,10000,23,0,0,0,0,0,0,7641,8557,9080,1410,9508,8997,1262,1000,1115,9329,331,1000,0
credit_classification_train_003734,80000,27,0,0,0,0,0,0,25424,24499,25181,5187,5524,5529,2000,2150,1000,2500,1000,1000,0
credit_classification_train_003735,50000,49,0,-1,-1,-1,0,0,2522,1173,-88,2912,390,390,1173,0,3000,0,0,780,0
credit_classification_train_003736,100000,30,-1,-1,-1,-1,-2,-2,430,35993,2772,0,0,0,35993,2772,0,0,0,0,0
credit_classification_train_003737,330000,37,-1,-1,-1,-1,-1,-1,694,0,2023,-22,2870,860,0,2023,0,2892,1059,1727,0
credit_classification_train_003738,230000,46,0,0,0,-1,-1,-1,8136,3590,2936,476,476,476,1500,1000,476,476,476,1685,0
credit_classification_train_003739,20000,24,-1,-1,-1,-1,0,-1,720,100,1192,7804,6200,3982,100,1192,7807,124,3982,1156,1
credit_classification_train_003740,50000,48,2,2,2,2,2,2,44489,45470,46424,45377,48441,47511,2000,2000,0,3800,0,1800,1
credit_classification_train_003741,310000,48,0,0,0,0,0,0,102646,101640,102740,97791,86200,83017,5200,4700,4250,3100,3100,3100,0
credit_classification_train_003742,200000,41,1,-1,0,-1,2,0,2217,61328,2877,160944,156864,160066,61634,2877,160944,0,5900,13000,1
credit_classification_train_003743,190000,37,0,0,0,0,0,0,98588,80559,81481,75853,68074,64941,4007,4051,5013,3000,3000,3500,0
credit_classification_train_003744,70000,41,0,0,0,0,0,0,70476,68539,69520,51605,50311,50729,2700,3500,2000,2000,2500,2500,0
credit_classification_train_003745,100000,27,-1,-1,-1,-2,-2,-2,11540,1300,0,0,0,0,1303,0,0,0,0,0,0
credit_classification_train_003746,100000,33,0,0,0,0,0,0,74847,70663,63794,60651,54664,51776,3000,3000,2700,2000,2000,2000,0
credit_classification_train_003747,170000,53,0,0,0,0,0,0,161858,162402,159863,159700,77043,77047,5800,6500,5000,3000,3000,2500,0
credit_classification_train_003748,180000,29,-2,-2,-2,-2,-2,-2,2639,0,0,0,0,0,0,0,0,0,0,661,1
credit_classification_train_003749,50000,22,0,0,0,0,0,0,50186,49061,43528,29606,30305,28895,1994,1500,1009,1124,1100,2000,1
credit_classification_train_003750,20000,54,0,0,0,0,0,0,17016,17909,18298,18761,17781,10674,1568,1737,1200,0,0,0,0
credit_classification_train_003751,500000,37,0,0,0,0,0,0,208068,188873,170225,170407,196150,167748,30072,10093,20031,60030,15008,8008,0
credit_classification_train_003752,180000,35,-1,-1,-1,-1,-1,-1,11285,11781,13613,8401,1859,429,11798,13694,8401,1859,429,946,0
credit_classification_train_003753,90000,34,2,0,0,0,-1,0,49530,18717,3053,3537,46816,47398,1449,1213,1087,47698,1740,1888,1
credit_classification_train_003754,20000,25,2,2,3,3,3,3,1050,1050,1050,1050,1050,1050,0,0,0,0,0,0,0
credit_classification_train_003755,130000,26,-2,-2,-2,-2,-2,-1,0,0,0,402,0,2054,0,0,402,0,2054,0,0
credit_classification_train_003756,500000,44,0,0,0,0,0,0,111937,104203,96617,97437,185322,179697,4000,4009,17446,100000,10000,20000,0
credit_classification_train_003757,50000,25,0,0,0,0,0,0,48213,47750,46153,45572,45412,44985,1800,1700,1585,2000,2000,1600,0
credit_classification_train_003758,70000,34,2,0,0,0,0,0,71332,71122,70012,66541,31609,31259,2744,3239,3405,1085,1102,1155,1
credit_classification_train_003759,90000,40,2,2,2,2,2,0,4918,4694,6547,7481,7212,7595,0,2100,1200,0,500,1000,1
credit_classification_train_003760,240000,41,-2,-2,-2,-2,-2,-2,-317,63435,697,-3,635,1269,63752,700,0,638,1275,421,0
credit_classification_train_003761,240000,48,0,0,0,0,0,0,116058,117196,121245,122736,125599,128506,4500,6000,5000,5000,5000,5000,0
credit_classification_train_003762,60000,27,5,4,3,2,-1,0,67940,65957,64005,61769,51722,44956,0,0,0,51722,16000,1100,1
credit_classification_train_003763,50000,41,1,2,2,2,2,2,24540,25330,26620,26889,26158,27737,1500,2000,1000,0,2000,0,1
credit_classification_train_003764,200000,30,6,5,4,3,2,0,71310,69676,67976,68468,67439,56163,0,0,2000,0,1925,1130,1
credit_classification_train_003765,120000,32,0,0,0,0,0,0,45117,45607,46247,45974,45854,45191,3000,3000,2000,2000,1500,1500,0
credit_classification_train_003766,20000,36,-1,-1,-1,0,0,0,3152,0,4956,10148,6979,8353,0,4956,200,2000,1500,500,0
credit_classification_train_003767,20000,24,0,0,0,0,0,0,22515,24146,25374,19075,18907,18507,2000,2024,2000,1005,1188,2002,0
credit_classification_train_003768,200000,45,0,0,0,0,0,0,144314,147532,147911,57903,60117,61828,7008,8000,5000,3000,3000,3000,0
credit_classification_train_003769,20000,22,0,0,-1,0,0,0,20813,19666,20076,19875,19659,19310,1000,20700,2000,800,465,1000,0
credit_classification_train_003770,230000,55,0,0,0,0,0,0,7302,4561,5975,11072,10021,14431,2001,2001,6018,5007,5010,7053,0
credit_classification_train_003771,80000,54,2,2,2,2,2,2,48298,49402,50416,51293,50170,53391,2200,2100,2000,0,4200,2100,1
credit_classification_train_003772,140000,27,0,0,0,0,0,0,130905,122390,122024,112367,67820,66595,6067,6723,4069,5000,3200,3000,0
credit_classification_train_003773,440000,36,0,-1,-1,-1,0,0,7887,2516,5252,13192,29029,27812,2516,5252,13192,20000,1179,623,0
credit_classification_train_003774,50000,54,1,2,2,0,0,0,62847,60885,56828,55419,54054,53143,2100,0,2000,2000,2455,4000,0
credit_classification_train_003775,360000,44,0,0,0,0,0,0,162773,158557,158098,153896,152053,128253,5676,6019,5315,4975,4701,4516,0
credit_classification_train_003776,60000,43,0,0,0,0,0,0,60788,61005,60164,31211,30374,30432,2500,3001,3003,2000,2001,2000,0
credit_classification_train_003777,50000,39,0,0,0,0,-1,-1,48803,48808,20131,19940,390,540,1487,1200,399,390,540,390,1
credit_classification_train_003778,80000,36,0,0,2,2,2,2,47502,50423,49311,52584,53589,54748,4000,0,4100,2000,2200,2200,0
credit_classification_train_003779,50000,30,-1,-1,-2,-2,-2,-2,1500,0,0,0,0,0,0,0,0,0,0,0,1
credit_classification_train_003780,80000,67,0,0,0,0,0,-1,20255,18885,21529,29236,10662,2408,6000,5002,10662,2,2408,11662,0
credit_classification_train_003781,50000,38,0,0,0,0,0,0,33801,27027,24459,23161,22282,20537,1433,1319,773,787,757,615,0
credit_classification_train_003782,20000,53,0,0,0,0,0,0,19084,19224,18545,19405,19358,19413,1300,1400,1300,700,700,646,0
credit_classification_train_003783,160000,45,-2,-2,-2,-2,-2,-2,0,0,0,1468,0,0,0,0,1468,0,0,0,0
credit_classification_train_003784,80000,28,0,0,2,2,2,2,75709,80033,78145,80584,81693,78470,6800,0,6000,3000,0,5100,1
credit_classification_train_003785,150000,38,-1,-1,-2,-2,-2,-1,750,0,0,0,0,2040,0,0,0,0,2040,13061,1
credit_classification_train_003786,80000,36,0,0,0,0,0,0,19211,20237,21268,23903,24367,24964,1337,1368,3003,1000,1000,2000,1
credit_classification_train_003787,140000,31,-1,-1,-1,-1,-1,-1,727,829,550,1045,432,898,829,550,1045,432,898,208,0
credit_classification_train_003788,150000,41,0,0,0,0,0,0,78354,69250,69790,71535,73131,72502,2507,3001,3001,3013,3133,3000,0
credit_classification_train_003789,380000,34,-1,-1,-1,-1,-1,-1,4539,4119,4686,2363,2416,4718,4131,4700,2382,2423,4732,2353,0
credit_classification_train_003790,50000,49,0,0,0,0,0,0,5630,6629,5918,6918,6941,4756,1107,1000,1000,1500,2150,0,0
credit_classification_train_003791,360000,34,1,-2,-2,-1,-1,-2,0,0,0,700,0,0,0,0,700,0,0,0,1
credit_classification_train_003792,120000,30,-1,-1,-1,-1,-1,-1,3333,0,3333,0,984,984,0,3333,0,984,984,984,0
credit_classification_train_003793,170000,33,1,-1,-1,-1,-2,-2,0,7042,2986,0,0,0,7042,2986,0,0,0,0,0
credit_classification_train_003794,30000,23,0,0,0,0,2,0,19769,24285,26143,26929,19610,20591,5896,3002,2130,2,3004,8013,0
credit_classification_train_003795,50000,24,1,2,0,0,0,0,49469,42983,40307,17575,14691,14393,0,2199,1000,5000,2000,5000,1
credit_classification_train_003796,180000,30,-1,-1,-1,-1,-1,-1,220,4680,0,7500,4100,0,4686,0,7500,4100,0,4500,0
credit_classification_train_003797,50000,22,0,0,0,-1,0,0,29632,9856,9541,5411,4782,3192,6016,9021,6000,4000,2500,5000,0
credit_classification_train_003798,50000,23,0,-1,-1,-1,-1,0,1980,269,-721,-710,29114,27154,269,710,268,45171,1036,1000,0
credit_classification_train_003799,510000,31,1,-1,0,0,0,0,0,14370,17023,9706,7271,9551,14370,3500,2500,1380,2380,3000,1
credit_classification_train_003800,100000,29,1,3,3,2,2,2,99679,101249,98768,96287,102069,81931,4000,0,0,7629,0,18895,1
credit_classification_train_003801,200000,40,0,0,0,2,0,0,44600,42954,44318,32010,33271,34297,3000,6032,0,3000,3000,3000,0
credit_classification_train_003802,90000,42,0,0,0,0,0,0,91240,92795,93557,47166,48406,49695,4895,4806,1547,3000,3000,1720,0
credit_classification_train_003803,500000,32,0,-1,-1,-1,0,0,13631,3840,7527,77166,74397,77055,3840,7527,77166,3397,4055,2266,0
credit_classification_train_003804,500000,73,-2,-2,-2,-2,-2,-2,0,2826,2652,2835,8896,3850,2826,2652,2835,8896,3850,711,1
credit_classification_train_003805,80000,25,-1,-1,-1,-1,-1,-1,3002,1921,13454,1807,3560,3337,1921,13454,1807,3560,3337,6240,0
credit_classification_train_003806,260000,40,1,-1,-1,-2,-2,-2,0,342,0,0,0,0,342,0,0,0,0,0,0
credit_classification_train_003807,500000,29,0,0,-1,0,0,-1,82715,29004,104650,75583,26728,78226,7057,134011,8000,10000,78226,50000,0
credit_classification_train_003808,20000,22,0,0,0,0,0,0,15090,15199,17111,18422,18234,18217,1500,3000,2000,779,796,788,0
credit_classification_train_003809,30000,29,0,0,0,-1,-1,0,13172,7965,3101,3126,7365,3245,1082,1000,3126,7365,0,828,0
credit_classification_train_003810,30000,55,1,2,0,0,0,0,30724,29278,30393,29785,30377,30155,0,1600,1585,1377,1155,2600,1
credit_classification_train_003811,100000,34,1,-2,-2,-2,-2,-1,0,0,0,0,0,315,0,0,0,0,315,165,0
credit_classification_train_003812,240000,42,1,-1,-1,-2,-2,-2,0,6370,0,0,0,0,6370,0,0,0,0,0,0
credit_classification_train_003813,230000,44,0,0,0,0,0,0,230101,224517,223544,147971,61570,80279,10125,12966,5506,1623,80000,105451,0
credit_classification_train_003814,500000,44,-1,-1,0,0,0,-1,301,11057,58508,57855,134,11421,11063,49019,134,0,11421,0,0
credit_classification_train_003815,280000,39,-1,-1,-1,-1,-1,-1,1726,325,2001,1364,1313,1242,350,2001,1400,1320,1300,1500,0
credit_classification_train_003816,150000,34,1,2,2,2,2,2,52692,54229,55768,56266,54764,58862,3000,3000,2000,0,5000,3000,1
credit_classification_train_003817,60000,39,0,0,2,0,0,0,58538,61359,58147,59399,37746,37794,6000,0,2500,1316,1401,3000,0
credit_classification_train_003818,200000,30,-2,-2,-2,-2,-2,-2,3207,4347,2897,1432,1200,-41,4360,2902,1432,1517,0,0,0
credit_classification_train_003819,70000,28,0,0,0,0,0,0,19728,16923,10076,33079,23188,20937,8000,2000,30000,5000,20000,25000,0
credit_classification_train_003820,480000,39,0,0,-1,0,0,0,106660,400000,66270,80274,82160,110773,302000,66270,15000,3044,30042,34048,0
credit_classification_train_003821,320000,33,-1,-1,-1,-1,-1,-1,16003,1933,8835,3728,764,5468,1939,8835,3751,764,5468,749,0
credit_classification_train_003822,200000,45,0,0,0,-1,-1,-1,45876,35732,18000,27404,2644,2262,1732,1000,27404,2644,2262,4500,0
credit_classification_train_003823,450000,39,-1,-1,-1,-1,-1,0,3664,4587,4562,5001,39243,25512,4595,4562,5001,39292,0,62597,0
credit_classification_train_003824,180000,27,1,-1,-1,-1,-1,-1,0,376,0,390,698,636,376,0,390,698,636,456,0
credit_classification_train_003825,60000,25,-1,-1,0,-1,-1,0,480,1675,3630,578,4825,6200,1675,2500,578,4825,2000,2435,0
credit_classification_train_003826,180000,34,2,0,0,0,2,2,51385,53925,54848,57988,59438,61974,3140,923,4663,2530,3687,5000,1
credit_classification_train_003827,170000,23,2,0,0,0,0,0,160189,150377,138779,129548,121625,108462,5936,4584,4002,4093,4187,4335,0
credit_classification_train_003828,270000,42,-1,-1,-1,0,0,0,1870,0,8091,8350,8350,0,0,8091,1000,0,0,0,0
credit_classification_train_003829,140000,24,-1,-1,-2,-1,-1,-2,197,0,0,233,0,0,0,0,233,0,0,0,0
credit_classification_train_003830,40000,28,-1,-1,2,-1,-1,-1,10371,11895,11228,2475,5341,6255,2567,0,2475,5341,1500,0,1
credit_classification_train_003831,80000,47,0,0,0,0,0,0,6612,7118,7930,6674,6810,0,1188,1000,133,136,0,1407,1
credit_classification_train_003832,50000,29,0,0,2,2,0,0,15416,17392,18446,17852,18236,20524,2233,1639,0,672,2602,2000,0
credit_classification_train_003833,130000,37,-1,-1,-1,-1,-1,-1,923,1632,545,1262,1019,530,1632,545,1262,1019,530,1518,0
credit_classification_train_003834,140000,25,-1,-1,-1,-1,-1,-1,1605,1844,1311,643,2561,1440,1844,1311,643,2561,1440,1582,0
credit_classification_train_003835,500000,32,-2,-2,-2,-2,-2,-2,71731,75357,62407,63706,59452,47868,25487,80389,50132,22208,30167,25036,0
credit_classification_train_003836,500000,28,-1,0,0,0,0,0,319082,0,300165,281019,44528,40325,8752,0,21420,1002,935,967,0
credit_classification_train_003837,60000,26,1,-2,-1,-1,0,0,0,0,539,37970,39354,40048,0,539,37970,2000,1500,1481,0
credit_classification_train_003838,80000,23,0,0,0,0,0,2,59976,60130,59744,44031,48089,44789,2926,2550,1848,6084,38,4,0
credit_classification_train_003839,20000,23,0,0,0,0,0,0,5565,6841,7853,8565,9565,12065,1276,1288,1000,1000,2500,1000,0
credit_classification_train_003840,180000,42,-2,-2,-2,-2,-2,-2,177061,180778,3647,1593,1228,1006,8000,3653,32,0,1006,0,0
credit_classification_train_003841,310000,31,-2,-2,-2,-2,-2,-2,9108,24480,6864,0,150,150,24485,6864,0,150,150,271,0
credit_classification_train_003842,120000,50,0,0,0,0,0,0,109372,111564,112482,115046,80987,85921,5500,4200,4552,3100,6416,0,0
credit_classification_train_003843,50000,26,2,0,0,0,0,0,24724,49102,49885,25773,25544,26264,25000,2010,796,957,1175,0,0
credit_classification_train_003844,200000,42,-1,0,0,-2,-1,-1,5433,7328,0,0,2621,-72,2000,0,0,2621,0,0,0
credit_classification_train_003845,110000,48,0,0,0,0,0,0,92806,91217,89757,136859,60276,48652,5000,4087,64142,2038,1763,2500,0
credit_classification_train_003846,380000,53,-1,0,0,-1,-1,0,4901,22010,2302,20798,16394,26002,22000,2300,9947,16400,18000,7400,0
credit_classification_train_003847,310000,28,0,0,0,0,0,0,272588,169978,156699,131276,118837,119402,9978,6699,11276,9695,19402,6270,1
credit_classification_train_003848,450000,41,-1,0,0,2,-1,-1,2663,3146,3246,1623,1623,1694,2146,1623,0,1623,1694,2795,0
credit_classification_train_003849,360000,32,-2,-2,-2,-2,-2,-2,171,1058,3494,6339,2131,535,1058,3494,6339,2131,535,82000,0
credit_classification_train_003850,50000,23,-1,-1,-1,-1,-1,-1,980,3413,1068,1386,2800,3696,3500,11000,2000,2000,6396,3000,0
credit_classification_train_003851,20000,36,0,0,0,0,0,0,18839,19919,20042,20204,19662,14218,1690,1203,755,701,600,115,0
credit_classification_train_003852,520000,34,-1,-1,-1,-1,-1,-1,10000,10000,10000,10317,10000,126247,10000,10000,10317,10000,126247,4666,0
credit_classification_train_003853,240000,40,-2,-2,-2,-2,-2,-2,19295,2054,6984,0,0,0,2054,6984,0,0,0,0,0
credit_classification_train_003854,70000,31,0,0,0,0,0,0,101284,71451,66937,38521,34149,38819,2864,2501,1417,1500,5050,1279,0
credit_classification_train_003855,70000,24,0,-1,0,0,0,-1,7033,1602,28199,28980,29795,27091,1954,28000,1250,1496,29251,1000,1
credit_classification_train_003856,300000,34,1,-1,-1,-1,-1,0,2915,1813,3397,4024,5363,3572,1813,3555,4024,5363,0,500,0
credit_classification_train_003857,130000,39,0,0,0,0,0,0,88014,88951,90672,89252,91118,95105,3245,3217,3177,3286,4200,2500,0
credit_classification_train_003858,350000,42,-1,-1,-1,-1,-1,-1,3800,3138,4150,3750,1362,8210,3138,4160,3750,2272,8210,9731,0
credit_classification_train_003859,280000,28,1,-2,-1,0,0,-1,0,0,11905,8350,2428,4662,0,11905,200,49,4662,6278,0
credit_classification_train_003860,180000,36,-1,-1,-1,0,0,0,980,960,20924,65041,50983,48533,960,20964,50988,110,971,1677,0
credit_classification_train_003861,290000,48,-1,-1,-1,-1,-1,-1,31386,31394,1369,15010,3280,0,31401,1369,15010,3280,0,3357,0
credit_classification_train_003862,30000,43,2,2,2,2,2,2,28264,28703,26622,24022,24368,20859,2000,1300,2,1608,0,900,1
credit_classification_train_003863,170000,49,2,2,0,0,0,0,164210,159883,126712,87369,76552,78277,0,6400,3600,3000,3000,3100,1
credit_classification_train_003864,230000,40,-2,-2,-2,-2,-2,-2,360,0,0,0,0,0,0,0,0,0,0,0,0
credit_classification_train_003865,300000,31,0,0,0,0,0,0,32608,39029,38177,54867,66276,78169,20018,6028,25030,20023,20000,10000,0
credit_classification_train_003866,20000,28,1,-2,-2,-2,-1,0,0,0,0,0,12723,30000,0,0,0,12723,18000,32200,0
credit_classification_train_003867,30000,46,0,0,0,0,2,0,18910,20592,21949,24116,23430,25044,2000,2000,2535,0,2000,2300,0
credit_classification_train_003868,50000,24,0,0,2,2,0,0,20378,23346,23670,22994,23473,23932,3300,1000,0,1000,1000,962,1
credit_classification_train_003869,350000,44,-1,-1,-1,-1,-1,-2,2161,7230,3301,4301,15,684,7426,3306,4301,15,684,2713,0
credit_classification_train_003870,320000,41,1,-2,-2,-2,-2,-2,0,0,0,0,700,860,0,0,0,700,860,2420,1
credit_classification_train_003871,60000,31,0,0,2,0,0,0,55831,60430,58906,59210,44521,31497,8660,0,2150,800,1000,1781,0
credit_classification_train_003872,50000,38,2,0,0,2,2,2,29989,31184,33850,34495,35129,35918,2000,3500,1500,1500,1500,1500,1
credit_classification_train_003873,70000,29,0,0,0,2,0,0,32938,33635,35287,36002,37096,37999,1548,2200,1600,2000,1500,3000,0
credit_classification_train_003874,110000,29,0,0,0,0,0,0,106698,104546,100272,92615,92657,93364,6000,4800,4300,3600,3500,3600,0
credit_classification_train_003875,20000,23,1,2,0,0,0,3,14034,13524,14983,16197,18932,18271,0,2000,1780,3000,0,0,1
credit_classification_train_003876,230000,28,-1,-1,-1,-1,-1,-1,12089,2306,13827,11686,46963,15962,2306,13835,11686,46963,15962,1596,0
credit_classification_train_003877,150000,23,0,0,0,0,0,0,27338,23410,24410,27007,28585,27827,1403,1403,3000,2000,1155,2000,0
credit_classification_train_003878,80000,32,0,0,0,0,0,0,58091,58247,59495,58832,57677,58066,2700,2800,2100,2181,2500,2300,0
credit_classification_train_003879,80000,40,0,0,0,0,0,0,71578,71896,73744,73572,73025,73087,3007,5012,3119,3007,3110,3101,0
credit_classification_train_003880,220000,48,2,0,0,0,0,0,210380,213522,201852,169115,172169,162402,10000,9020,6000,5500,6000,5500,1
credit_classification_train_003881,10000,26,2,2,7,7,7,7,2400,2400,2400,2400,2400,2400,0,0,0,0,0,0,1
credit_classification_train_003882,140000,44,2,0,0,0,0,0,84371,85119,86901,89583,90432,92332,3046,3153,4126,3231,3351,3400,1
credit_classification_train_003883,180000,33,0,0,-1,-1,0,0,177017,107267,11426,96562,144345,141659,20135,12099,96562,49000,140000,6000,0
credit_classification_train_003884,160000,37,2,2,2,2,2,2,144255,147333,143786,151842,147962,156921,6900,200,12000,0,11500,5811,0
credit_classification_train_003885,90000,34,0,0,0,2,2,2,34302,35089,43449,42451,49718,48767,1640,9000,0,8000,0,2000,0
credit_classification_train_003886,30000,22,0,0,0,0,0,0,16534,17213,17723,17431,17882,17694,2002,1553,1002,2002,1000,542,0
credit_classification_train_003887,70000,38,0,0,0,0,0,0,22578,23606,24619,25107,25634,26143,1397,1410,898,931,936,970,0
credit_classification_train_003888,180000,26,0,0,0,0,0,0,131653,132462,130598,98336,86862,88618,5002,5004,3416,3074,3500,3179,0
credit_classification_train_003889,80000,29,2,2,2,2,0,0,82074,79440,102872,49043,23962,23283,0,4300,0,1000,5000,1000,1
credit_classification_train_003890,290000,29,0,0,0,0,0,0,1199,2528,3781,6076,6336,10570,2000,2000,3000,1000,5000,1000,0
credit_classification_train_003891,160000,30,0,0,0,0,0,0,143457,134345,77045,69659,70186,75249,5237,3034,3010,5011,10006,8070,0
credit_classification_train_003892,430000,37,-2,-2,-2,-2,-2,-2,1013,0,2320,0,4139,0,0,2320,0,4139,1015,0,1
credit_classification_train_003893,420000,38,0,-1,-1,-1,-1,-1,56107,53309,-11,51555,2093,5773,53400,0,51566,2093,5773,2984,0
credit_classification_train_003894,200000,40,1,2,2,0,-1,0,303719,268163,228720,234177,201490,190721,5133,0,5857,202076,6726,5346,0
credit_classification_train_003895,120000,23,0,0,0,0,0,0,38842,38973,37708,4293,4305,5128,2300,1200,1000,1000,888,60000,0
credit_classification_train_003896,50000,27,0,0,0,0,-2,-2,45190,45277,44941,0,0,0,5277,4941,0,0,0,0,0
credit_classification_train_003897,110000,29,1,2,0,0,0,0,113093,106321,107630,106354,79154,69988,3,4334,4250,2946,2506,2458,0
credit_classification_train_003898,330000,28,0,0,0,0,0,0,53260,37207,40560,41978,46728,40502,2000,4000,2000,5039,2164,2000,0
credit_classification_train_003899,270000,29,0,0,0,0,0,0,125120,102046,91426,93262,96104,98374,4000,2969,3000,4000,3500,3450,0
credit_classification_train_003900,140000,28,0,0,0,0,0,0,115743,117357,112527,91802,94114,91201,5000,5000,3600,4000,4000,4000,0
credit_classification_train_003901,60000,28,2,0,0,0,0,0,4114,5875,7612,8826,10113,11289,2000,2000,1500,1600,1500,1500,1
credit_classification_train_003902,150000,52,-1,-1,-1,-1,-1,-1,420,0,1672,453,2129,1414,0,1672,453,2129,1414,1961,0
credit_classification_train_003903,360000,34,-1,-1,-1,-1,-1,-1,8871,6378,26648,6707,3450,0,6411,26987,6740,3467,0,239400,0
credit_classification_train_003904,360000,42,-1,-1,-1,-1,-1,-1,5658,4164,2469,0,5724,7334,4164,2469,0,5724,7334,5221,0
credit_classification_train_003905,260000,36,-1,-1,-1,-1,-1,-1,10425,12722,4948,13100,10854,7537,2297,7256,13100,10854,7537,3710,0
credit_classification_train_003906,140000,24,0,0,0,-1,-1,-1,4679,3146,0,2000,4716,7485,1000,0,2000,4716,7485,10254,0
credit_classification_train_003907,130000,40,0,0,0,0,0,0,20733,14261,22242,18265,21546,32411,7261,12272,10265,11546,12411,10000,0
credit_classification_train_003908,360000,26,-2,-2,-2,-2,-2,-2,2741,-59,-59,11868,-2,450,0,0,11927,0,452,3818,0
credit_classification_train_003909,30000,30,0,0,0,0,2,0,24061,25156,25949,28478,27754,28186,1800,1500,3000,0,1001,2500,1
credit_classification_train_003910,50000,40,0,0,0,0,0,0,50657,50529,49162,19969,19893,20282,2015,2190,809,3012,5795,2001,0
credit_classification_train_003911,20000,41,-2,-2,0,0,0,0,18803,18376,19342,19081,19799,18718,36147,1281,658,1000,1000,760,1
credit_classification_train_003912,160000,29,-1,-1,-2,-1,-1,-1,1778,0,0,150,150,989,0,0,150,150,989,0,1
credit_classification_train_003913,60000,26,1,2,0,0,0,0,61966,60308,47536,17079,18219,19542,0,5021,5000,2000,2000,1720,0
credit_classification_train_003914,400000,32,-2,-2,-2,-2,-2,-2,6464,-270,-770,-761,-2710,187552,1692,0,9,11,194541,7015,1
credit_classification_train_003915,280000,43,2,-1,-1,-1,-1,-1,644,499,1641,5280,6913,-741,499,1641,5280,6915,0,0,0
credit_classification_train_003916,210000,35,0,0,-2,-2,-2,-2,103632,-36,-18,-18,-18,-18,0,0,0,0,0,0,0
credit_classification_train_003917,180000,47,-1,-1,-2,-2,-2,-2,11900,4256,4000,4000,4000,4000,4256,4000,4000,4000,4000,4000,0
credit_classification_train_003918,140000,55,0,0,0,0,0,0,108038,110216,84516,72391,61298,62193,4200,2822,2336,2588,2250,2491,0
credit_classification_train_003919,300000,31,-1,-1,-1,-1,0,-1,2166,2894,8903,12445,24650,8339,2918,8974,12457,15113,8369,3832,0
credit_classification_train_003920,130000,38,0,0,0,0,0,0,100443,95794,92765,48481,47779,42362,3516,4112,2007,2516,1119,1016,1
credit_classification_train_003921,80000,24,-1,-1,-1,-1,-1,-1,329,49,317,827,390,120,500,320,900,400,120,400,0
credit_classification_train_003922,150000,27,0,0,0,0,0,0,86009,86108,89006,89775,87725,40788,4031,10006,3266,4040,1698,800,0
credit_classification_train_003923,200000,27,0,0,0,0,0,0,112133,116017,119576,121954,124517,127441,5693,7000,4362,4525,5000,5000,0
credit_classification_train_003924,180000,24,0,0,-2,-1,-1,-2,6272,0,0,1000,2190,0,0,0,1000,2190,0,384,0
credit_classification_train_003925,160000,45,-1,-1,-1,-1,-1,-1,3650,1650,5650,3300,1650,1650,1650,5650,3300,1650,1650,1650,0
credit_classification_train_003926,60000,27,0,0,2,0,0,0,45373,49363,48308,51616,56416,21680,4747,0,5000,5000,0,23999,0
credit_classification_train_003927,40000,43,2,2,7,7,7,7,2400,2400,2400,2400,2400,2400,0,0,0,0,0,0,1
credit_classification_train_003928,200000,32,-1,-1,-1,-1,2,-1,9076,5787,-684,5247,3848,3151,5818,15,9102,17,3165,1395,0
credit_classification_train_003929,60000,39,-1,0,0,0,0,0,14085,14575,18423,13099,14537,16928,2000,5000,4000,2000,5000,2000,0
credit_classification_train_003930,20000,26,0,0,0,0,0,0,25451,24025,21148,17767,2692,-956,3000,1500,1035,54,24056,21000,0
credit_classification_train_003931,50000,30,2,2,0,0,0,0,29826,29068,29778,30370,31003,32291,0,1496,1088,1123,1800,2200,1
credit_classification_train_003932,40000,45,2,2,2,2,2,0,33547,36991,35965,37246,36781,20650,4000,0,2000,0,1200,0,0
credit_classification_train_003933,30000,42,2,-1,-1,-1,0,-1,836,836,836,1672,836,390,836,836,1672,0,390,930,0
credit_classification_train_003934,80000,33,0,0,0,0,0,0,74973,66613,66437,54631,49219,50094,3113,2627,1850,1870,1773,1800,0
credit_classification_train_003935,120000,39,1,-2,-2,-2,-2,-2,0,0,0,0,0,0,0,0,0,0,0,0,0
credit_classification_train_003936,450000,45,-1,-1,-1,0,0,0,26773,700,46727,46367,46191,20019,700,46727,1400,924,400,16608,1
credit_classification_train_003937,50000,27,2,0,0,0,2,0,11275,37651,38498,40644,39731,35657,27234,1754,2900,0,1265,832,1
credit_classification_train_003938,200000,26,-2,-2,-2,-2,-2,-2,0,0,0,0,0,0,0,0,0,0,0,0,0
credit_classification_train_003939,160000,41,0,0,-2,-2,-2,-2,2524,0,0,0,0,0,0,0,0,0,0,0,1
credit_classification_train_003940,50000,22,1,2,0,0,0,0,4112,3900,7737,3406,1470,1500,0,4019,2500,0,30,0,0
credit_classification_train_003941,150000,22,0,0,0,-1,0,0,7600,8749,10652,32330,15681,6173,1300,3652,33866,410,200,776,0
credit_classification_train_003942,20000,50,1,2,2,2,3,2,7973,9686,9382,10821,10361,10046,2000,0,1600,0,0,1500,0
credit_classification_train_003943,20000,22,0,0,0,2,0,0,9848,11192,15677,15133,15582,16677,1515,5000,0,1000,1500,0,0
credit_classification_train_003944,50000,27,0,0,0,0,0,0,44402,44977,46546,46033,48656,41674,2000,3000,2400,3023,5000,0,0
credit_classification_train_003945,50000,30,0,0,0,0,0,0,49194,50036,47855,48894,50258,48276,1978,1797,1836,2200,2000,2500,0
credit_classification_train_003946,270000,45,1,-1,-1,-1,-1,-1,0,278,608,494,315,0,278,608,494,315,0,181,0
credit_classification_train_003947,200000,31,0,0,2,2,0,0,76621,82105,80662,75942,74090,72679,6808,3300,0,2720,2700,2700,0
credit_classification_train_003948,380000,32,0,0,0,0,0,0,53369,73954,35199,31136,28839,14584,30307,5044,5036,5081,2022,2026,0
credit_classification_train_003949,100000,27,0,0,0,0,0,0,10458,9899,6618,3895,4037,12959,2500,1162,3000,159,11845,200,0
credit_classification_train_003950,30000,55,2,2,7,7,7,7,2395,2395,2395,2395,2395,2395,0,0,0,0,0,0,1
credit_classification_train_003951,200000,43,1,-1,-1,-2,-2,-1,0,601,0,0,0,259,601,0,0,0,259,150,1
credit_classification_train_003952,20000,27,0,0,-1,2,2,2,17304,0,26373,26644,26079,27941,0,26373,1000,0,2300,1200,0
credit_classification_train_003953,60000,25,0,0,0,0,0,0,59228,59961,59824,47655,27298,28303,2300,3572,2169,6000,4000,4000,0
credit_classification_train_003954,290000,36,-2,-2,-2,-2,-2,-2,3602,6107,4536,6074,0,817,6107,4538,6074,0,817,1662,0
credit_classification_train_003955,360000,38,-1,-1,-1,-1,0,0,6904,-507,751,15369,7845,6786,0,1502,15369,200,0,0,1
credit_classification_train_003956,90000,25,0,0,0,0,0,0,81694,78656,78054,78116,75483,72821,3609,5000,4000,3315,7539,5000,0
credit_classification_train_003957,10000,22,-1,-1,2,0,0,2,3646,7374,6714,4432,6652,6095,4000,0,2000,3000,0,3870,0
credit_classification_train_003958,260000,30,-1,-1,-1,-1,-1,-1,165,165,274,165,333,165,165,274,165,333,165,293,0
credit_classification_train_003959,320000,28,-1,0,0,-1,0,0,2007,3477,3037,1633,3633,0,2000,1000,1633,2000,0,3000,0
credit_classification_train_003960,30000,26,0,0,0,0,0,0,27110,27460,29710,29452,11124,0,1455,3623,2000,1038,0,0,1
credit_classification_train_003961,20000,60,-1,-1,2,0,0,0,8570,10651,9944,10142,9591,10400,2620,0,500,380,1000,0,0
credit_classification_train_003962,320000,30,-1,-1,-1,-1,0,0,3720,4206,15610,10556,11863,5619,4206,15610,10556,8000,5600,2604,0
credit_classification_train_003963,280000,29,-2,-2,-1,2,2,-2,-650,-650,2057,650,3072,3330,0,2707,3,3072,3330,499,0
credit_classification_train_003964,100000,29,2,2,2,3,3,2,82781,85536,90018,91151,89429,91185,5000,6800,3500,0,3400,3500,0
credit_classification_train_003965,30000,25,0,0,2,0,0,2,7527,9705,9009,9333,9505,8699,2700,0,1000,700,0,784,1
credit_classification_train_003966,50000,24,0,0,0,0,0,0,49076,48923,49158,19270,18776,19167,2063,1298,700,800,815,237,0
credit_classification_train_003967,150000,30,-2,-2,-2,-2,-2,-2,116778,59731,89742,116067,97725,76466,60367,100483,116567,50156,10383,316,0
credit_classification_train_003968,90000,39,2,2,2,2,2,2,26493,30034,29268,31776,32456,31800,4000,0,3000,1500,0,2600,1
credit_classification_train_003969,180000,33,0,0,0,0,0,0,47050,49282,50159,51336,54332,56249,3000,2000,2011,4000,3000,3000,0
credit_classification_train_003970,60000,25,-1,-1,0,0,0,0,995,7348,7242,6682,6223,7007,7353,2007,2011,2005,3003,3005,0
credit_classification_train_003971,10000,44,5,4,3,2,2,2,8678,8401,8128,7841,8579,8317,0,0,0,1000,0,1000,1
credit_classification_train_003972,220000,47,0,0,0,0,0,0,159351,162791,167631,169593,172967,183598,6000,7536,6231,6271,13500,0,0
credit_classification_train_003973,140000,29,-1,-1,-1,-1,-1,-1,743,896,2385,732,100,1526,900,2385,735,0,1526,981,0
credit_classification_train_003974,30000,57,0,0,0,0,0,-1,29204,20564,16341,7593,7828,1366,1400,1000,1000,235,1366,0,0
credit_classification_train_003975,70000,42,1,2,2,2,2,0,37042,36171,38355,39423,38659,39362,0,3100,2000,0,1500,1500,1
credit_classification_train_003976,250000,40,2,2,2,0,0,0,170489,181700,177530,181147,184784,195574,13926,0,6408,6478,13629,0,0
credit_classification_train_003977,100000,43,-1,-1,-1,-1,-1,-1,2491,1709,574,556,2306,2562,1709,574,556,2306,2562,2111,0
credit_classification_train_003978,160000,41,0,0,0,0,0,0,13512,13453,13420,13873,13833,13818,1206,1329,1098,374,400,364,0
credit_classification_train_003979,300000,39,0,0,2,-1,-1,2,27459,34405,3283,3961,24306,22644,8000,0,3961,24306,0,7651,1
credit_classification_train_003980,150000,37,1,-2,-1,0,0,0,0,0,584,596,596,0,0,584,12,0,0,0,0
credit_classification_train_003981,90000,35,0,0,0,0,0,2,72112,73854,75526,77317,85852,88290,3500,3500,3652,10000,4000,0,0
credit_classification_train_003982,210000,32,-1,0,0,0,2,0,164015,155235,151267,149478,145041,107495,9320,4894,3301,3,4994,116880,0
credit_classification_train_003983,140000,41,2,2,2,2,2,2,73259,75063,73305,78454,79571,78176,3600,0,7000,3000,0,8000,1
credit_classification_train_003984,60000,64,2,0,0,0,0,0,24541,25838,27022,28357,28992,24505,2000,2000,2000,1000,1000,2000,1
credit_classification_train_003985,150000,42,-2,-2,-2,-2,-2,-2,0,0,0,0,0,0,0,0,0,0,0,0,1
credit_classification_train_003986,140000,51,0,0,0,0,0,0,56764,57950,57668,55024,55883,55744,2115,2004,1941,2073,1909,2132,0
credit_classification_train_003987,20000,22,0,0,-2,-2,-1,-1,13540,397,998,734,1698,500,406,1101,736,1799,601,0,0
credit_classification_train_003988,70000,32,0,0,0,0,0,0,70122,69080,68530,69753,70111,70212,2431,3112,3000,2438,2500,2554,0
credit_classification_train_003989,170000,61,1,-2,-2,-2,-1,-1,0,0,0,0,200,0,0,0,0,200,0,0,0
credit_classification_train_003990,20000,28,-1,2,2,2,-1,-1,5741,5155,5754,5150,858,0,0,2294,0,1056,0,935,0
credit_classification_train_003991,240000,33,0,0,0,0,0,0,221960,223205,226399,203561,205730,199631,9500,10000,7100,7500,7990,7000,0
credit_classification_train_003992,50000,27,-1,-1,-2,-2,-2,-1,1500,0,0,0,1075,4249,0,0,0,1075,4307,0,0
credit_classification_train_003993,150000,47,-1,-1,-1,-1,-1,2,316,316,316,0,782,316,316,316,0,1098,0,0,0
credit_classification_train_003994,230000,31,-2,-2,-2,-2,-2,-2,-18,3919,6164,3612,7756,4906,3937,6164,3612,7761,4906,3632,0
credit_classification_train_003995,210000,42,-1,-1,-1,-1,-1,-1,1729,1262,6867,2271,1054,1197,1315,6867,2271,1054,1197,701,0
credit_classification_train_003996,220000,39,0,0,0,0,0,0,75190,151004,152786,137946,118310,119147,100000,8000,6000,5000,5000,5000,0
credit_classification_train_003997,180000,38,0,0,0,0,0,0,179307,183613,182709,149997,142612,140493,7294,6792,5490,5156,5232,6288,0
credit_classification_train_003998,360000,26,-2,-2,-2,-2,-2,-2,145,3526,8510,7831,8864,10845,3600,8510,4000,5000,5000,5398,1
credit_classification_train_003999,50000,32,1,2,2,2,0,0,20091,20175,22718,22057,23044,24990,700,3200,0,1500,2340,924,1
credit_classification_train_004000,120000,25,0,0,0,0,0,-2,79108,46864,75624,42754,15927,2405,3000,30000,5200,15000,2405,0,0
credit_classification_train_004001,260000,40,0,-1,-1,-2,-2,-2,260,3000,0,0,0,0,3000,0,0,0,0,0,0
credit_classification_train_004002,500000,44,-1,-1,-1,-1,-1,-1,6723,17385,32046,32530,18896,17049,17410,32077,32579,18914,17069,16738,0
credit_classification_train_004003,110000,29,-1,-1,-1,-1,-1,-1,10839,2995,2419,4219,9704,6952,2995,2419,4219,9704,6952,5038,0
credit_classification_train_004004,500000,33,0,0,0,0,0,0,264479,275025,285034,290002,295756,302149,15000,14500,10370,11000,11000,13000,0
credit_classification_train_004005,360000,37,-1,-1,-1,-1,-1,-1,3355,5865,3300,6290,8220,28410,5865,3300,6290,8220,28410,4845,0
credit_classification_train_004006,30000,49,-1,-1,2,-1,-1,-2,390,1358,578,340,-50,-440,1936,0,340,0,0,0,1
credit_classification_train_004007,90000,23,-1,-1,-1,-1,0,0,13808,4300,2748,1048,450,450,4335,4448,6980,0,0,711,0
credit_classification_train_004008,160000,36,1,-2,-2,-2,-2,-1,0,0,0,0,0,1000,0,0,0,0,1000,0,0
credit_classification_train_004009,500000,38,-1,-1,-1,-1,-1,-1,18410,-10,1429,-601,120195,976,0,1439,0,120796,981,4829,0
credit_classification_train_004010,150000,51,0,-1,-1,-2,-2,-1,13219,1179,0,0,0,35752,1179,0,0,0,35752,1448,0
credit_classification_train_004011,30000,23,1,-1,-1,-2,-2,-1,-1,604,0,0,0,359,605,0,0,0,359,0,0
credit_classification_train_004012,380000,39,-1,-1,-2,-1,-1,-2,6347,0,0,46350,0,0,0,0,46350,0,0,24000,1
credit_classification_train_004013,130000,33,1,-2,-2,-2,-2,-2,0,0,0,0,0,0,0,0,0,0,0,0,1
credit_classification_train_004014,160000,51,-2,-2,-2,-2,-2,-2,0,0,0,0,0,0,0,0,0,0,0,0,0
credit_classification_train_004015,160000,35,-2,-2,2,2,0,0,52010,4792,194,1900,1900,1150,4792,150,3800,0,0,0,0
credit_classification_train_004016,140000,24,0,0,0,0,0,0,135432,136312,131559,111859,98815,97443,6500,4733,4015,4000,4000,3800,1
credit_classification_train_004017,30000,23,0,0,0,2,2,2,29064,27368,30475,27808,31208,30582,2000,5026,0,4000,0,1500,0
credit_classification_train_004018,150000,45,1,-2,-2,-2,-2,-1,0,0,0,0,0,10640,0,0,0,0,10640,0,0
credit_classification_train_004019,50000,24,-1,0,-1,2,2,-2,18625,19956,5177,2071,0,0,2071,5191,6,0,0,10450,0
credit_classification_train_004020,50000,40,0,0,0,0,-1,0,26566,14851,4013,2027,15090,14078,3000,1000,41,30525,477,688,0
credit_classification_train_004021,150000,40,0,0,0,0,0,0,154432,106396,105332,82191,77262,49851,4000,7041,3000,3116,2500,5000,0
credit_classification_train_004022,160000,55,-1,-1,-1,-1,-1,-1,4144,2016,3384,1449,5542,7314,2016,3399,1449,5590,7314,1579,0
credit_classification_train_004023,80000,29,0,0,0,0,0,0,79048,80676,78311,80777,79306,79195,3000,3100,7000,3200,3500,3200,0
credit_classification_train_004024,20000,26,0,0,0,0,0,0,16514,17547,18541,19250,19805,20356,1306,1300,1000,1000,1258,590,0
credit_classification_train_004025,360000,29,0,0,-2,-2,-2,-1,3280,0,0,0,0,2650,0,0,0,0,2650,0,1
credit_classification_train_004026,100000,24,0,0,0,-1,-1,-1,27753,28306,14320,180,2500,12411,1632,1000,180,2500,10000,0,0
credit_classification_train_004027,110000,48,0,0,0,0,0,0,216582,110865,74340,47152,48138,49171,8788,3152,1687,1745,1831,1732,0
credit_classification_train_004028,140000,32,-1,-1,-1,-2,-1,-1,3003,3134,0,0,1186,0,3134,0,0,1186,0,1047,1
credit_classification_train_004029,520000,32,0,0,0,0,0,0,17718,12490,7894,6426,4045,1806,1222,1200,505,502,100,216338,0
credit_classification_train_004030,60000,29,0,0,0,0,0,0,58634,59541,58604,59427,38472,39528,3000,31404,3000,2000,2000,2000,0
credit_classification_train_004031,50000,39,0,0,0,0,0,0,39323,45625,38157,15966,15733,17703,7031,2013,3005,2007,5007,1003,0
credit_classification_train_004032,20000,24,0,0,2,0,0,-1,12549,11552,6622,6232,390,930,2319,0,0,0,930,0,1
credit_classification_train_004033,30000,60,0,0,0,0,0,0,19282,20364,21638,25392,24428,26410,1700,2617,5710,1000,3342,0,0
credit_classification_train_004034,80000,55,0,0,0,0,0,0,59838,63860,59515,48444,44372,45412,10000,5000,4000,4851,3000,2200,0
credit_classification_train_004035,70000,33,0,0,0,0,0,0,63845,65443,65169,64370,15082,0,3224,1680,3000,142,142,0,0
credit_classification_train_004036,50000,25,1,2,2,2,2,2,13750,15224,14687,16135,15737,17316,2000,0,2000,0,2000,0,1
credit_classification_train_004037,50000,44,0,0,0,0,0,-2,40151,38951,28984,29422,0,0,2000,2000,2000,0,0,0,0
credit_classification_train_004038,230000,36,-2,-2,-2,-2,-2,-2,928,282,282,2427,282,282,282,282,2427,282,282,1886,0
credit_classification_train_004039,360000,40,-1,-1,-1,-1,-1,-1,3457,1997,5115,3295,222,2854,2020,5115,3295,222,2862,2129,0
credit_classification_train_004040,50000,27,2,0,0,0,-1,0,50151,48945,36467,18890,30288,30003,1724,1819,2664,31057,1064,1073,0
credit_classification_train_004041,300000,45,0,0,0,0,0,0,62296,64460,56439,53637,55981,58270,3000,3000,3000,3000,3000,3000,0
credit_classification_train_004042,80000,51,-2,-2,-2,-2,-2,-2,387,2120,15094,4140,747,1053,2126,15094,4173,747,1053,0,0
credit_classification_train_004043,20000,23,-2,-2,-2,-2,-2,-2,9410,7120,0,0,0,0,7120,0,0,0,0,0,0
credit_classification_train_004044,150000,26,0,0,0,0,0,0,10111,9847,10870,12189,12836,13828,1158,1181,1500,836,1200,2000,0
credit_classification_train_004045,20000,23,0,0,0,0,0,0,18497,15172,17488,17923,16838,18535,1900,2900,1000,800,2000,1000,0
credit_classification_train_004046,140000,26,-1,-1,-1,-1,-1,-1,6208,2136,6573,0,770,0,2136,6573,0,770,0,0,0
credit_classification_train_004047,80000,31,0,0,2,0,0,0,56195,60067,58535,59730,61236,70617,4808,0,2169,2500,10400,0,0
credit_classification_train_004048,200000,41,-1,-1,-1,-1,-1,-1,4533,8756,3539,5529,10332,6894,8756,3539,5529,10332,6894,3188,0
credit_classification_train_004049,320000,46,-2,-2,-2,-2,-2,-2,2790,3266,12186,1403,24305,7463,3349,12253,3290,11465,7537,1966,0
credit_classification_train_004050,50000,58,-1,0,0,0,0,0,60524,61627,56937,51506,45058,37598,2200,2297,1751,1086,3307,1142,0
credit_classification_train_004051,120000,34,-1,-1,0,-1,-1,-1,882,6531,6313,1100,1330,830,6900,5037,1100,1330,3800,2037,0
credit_classification_train_004052,50000,40,0,0,0,0,0,0,49941,51213,12104,12898,13687,14458,2400,1206,1000,1000,1000,1000,0
credit_classification_train_004053,80000,33,0,0,0,0,0,0,59991,63371,65616,36159,36712,38194,5000,4000,2500,2500,2000,1000,0
credit_classification_train_004054,130000,38,0,-1,0,0,0,0,9439,62132,48108,40918,35111,24846,63053,1478,1119,1016,1026,1049,0
credit_classification_train_004055,80000,26,-1,-1,-1,-1,-1,-1,3900,331,9970,4250,4574,0,331,9970,4250,4574,0,0,0
credit_classification_train_004056,400000,31,1,-2,-1,0,0,0,-166,-490,29186,30789,7879,13928,1,30001,2128,3009,8006,1028,0
credit_classification_train_004057,320000,32,0,0,0,0,0,0,75122,70308,51223,52371,54518,56601,4000,3000,2000,3000,3000,4000,0
credit_classification_train_004058,240000,28,0,0,0,0,0,0,227346,231891,240146,245552,91382,93177,8308,12000,10373,3403,4000,4000,0
credit_classification_train_004059,420000,34,0,0,0,0,0,0,131939,136721,140011,141695,144839,147954,7000,7000,5500,5500,5600,5000,0
credit_classification_train_004060,100000,33,2,0,0,0,0,0,96547,97120,95375,54612,30306,60897,5305,3590,1118,720,50000,4200,0
credit_classification_train_004061,20000,24,0,0,0,0,0,0,18836,19147,20223,19788,19927,20045,1318,1394,1159,678,793,138,0
credit_classification_train_004062,110000,26,0,0,0,0,0,0,108001,90128,92103,87049,66820,65823,3500,3500,3000,2342,2390,3000,0
credit_classification_train_004063,80000,60,2,2,2,2,2,2,48463,49484,50372,51246,52279,53069,2100,2000,2000,2000,1800,1000,1
credit_classification_train_004064,80000,23,0,-1,-1,-1,-1,-1,78358,826,-507,3129,1956,4246,826,0,4969,4990,2500,4000,0
credit_classification_train_004065,160000,28,0,0,0,0,0,0,118695,125186,131648,137902,145046,152551,10000,10000,10000,10000,10000,6000,0
credit_classification_train_004066,300000,33,-1,-1,-1,-2,-2,-2,3854,142,0,0,0,0,142,0,0,0,0,0,0
credit_classification_train_004067,110000,25,2,2,2,-1,-1,0,2729,4382,1972,1426,5660,5660,4340,5,1426,5660,0,0,1
credit_classification_train_004068,340000,38,-1,-1,-1,-1,-1,-1,325,325,325,580,9664,29200,325,325,580,9664,29200,5260,0
credit_classification_train_004069,20000,43,-1,-1,-1,-1,-1,-1,1475,1291,3898,1681,901,0,1291,3898,1681,901,0,0,0
credit_classification_train_004070,20000,27,0,0,0,2,0,0,6294,2388,4087,4339,3288,3288,1500,1748,500,0,0,0,1
credit_classification_train_004071,290000,33,-1,-1,-1,-1,-1,-1,413,486,820,60,1773,3904,486,820,60,1773,3904,0,1
credit_classification_train_004072,30000,24,3,2,2,7,7,7,300,300,300,300,300,300,0,0,0,0,0,0,0
credit_classification_train_004073,160000,38,4,3,2,2,3,2,99340,96860,99911,103928,101540,99587,0,5500,6700,0,27,2800,1
credit_classification_train_004074,240000,25,-2,-2,-2,-2,-2,-2,0,0,0,0,0,0,0,0,0,0,0,0,0
credit_classification_train_004075,380000,35,0,0,0,0,0,0,18341,16681,16678,16650,17380,17074,2000,3000,2000,2000,2000,2000,0
credit_classification_train_004076,140000,28,1,2,0,0,0,2,99215,96776,98949,100673,106935,104427,0,3932,3717,8000,0,4000,1
credit_classification_train_004077,80000,25,0,0,0,0,0,0,88786,86391,84871,81813,45094,38121,3200,4000,3000,1500,1500,1300,0
credit_classification_train_004078,110000,42,0,0,0,0,0,0,47021,48235,49455,51132,52183,53192,2000,2000,2500,2500,2000,3000,0
credit_classification_train_004079,370000,42,0,0,0,0,0,0,291006,271452,256269,200761,125646,111185,12100,11295,8300,5000,4600,10000,0
credit_classification_train_004080,500000,37,-2,-2,-2,-2,-2,-2,747,0,0,989,0,0,0,0,989,0,0,880,0
credit_classification_train_004081,50000,43,0,0,0,0,0,0,50444,49654,49921,50512,20071,20277,2000,2050,1641,1000,1000,1000,0
credit_classification_train_004082,260000,29,0,0,0,0,0,0,203896,196219,188608,172722,159826,146891,7282,6486,5712,5647,5386,5000,0
credit_classification_train_004083,240000,37,1,-2,-1,-1,-1,-1,-3,-3,2486,2500,580,490,0,2489,2500,580,490,177,0
credit_classification_train_004084,50000,29,0,0,2,0,0,0,6161,8998,8319,8672,9390,9861,3500,0,1282,1000,1000,3000,0
credit_classification_train_004085,80000,24,0,0,0,0,0,0,81625,81554,79599,49552,49509,49568,3200,3000,2038,2000,1800,1800,1
credit_classification_train_004086,160000,39,1,-2,-2,-2,-2,-2,0,0,0,0,0,0,0,0,0,0,0,2000,0
credit_classification_train_004087,310000,48,-2,-2,-2,-2,-2,-2,0,99,0,110,0,0,99,0,110,0,0,0,0
credit_classification_train_004088,20000,31,1,-1,3,2,2,-2,-363,204,204,204,-14,-2400,567,0,0,0,20,3800,0
credit_classification_train_004089,20000,42,0,0,0,0,0,0,18650,15456,16504,17496,18219,18783,1300,1300,1280,1000,1000,1107,0
credit_classification_train_004090,240000,49,-2,-1,2,-1,-1,-1,0,2353,2135,3305,0,5370,2421,0,3305,0,5370,4605,0
credit_classification_train_004091,20000,27,0,0,0,0,-1,0,19667,15,15,41,10522,12340,0,0,26,19700,2000,2000,0
credit_classification_train_004092,290000,29,0,0,0,0,0,0,161623,166345,167924,170227,164584,161912,11200,6000,6000,6000,6700,5000,0
credit_classification_train_004093,50000,26,2,0,0,2,2,2,25875,27132,29695,30908,30112,32123,2000,3000,2000,0,2500,0,1
credit_classification_train_004094,130000,29,0,0,0,0,0,0,41224,45136,48970,52740,56467,60119,4500,4500,4500,4500,4500,4500,0
credit_classification_train_004095,50000,41,0,0,0,-2,-2,-2,45408,36025,0,0,0,0,2025,0,0,0,0,0,0
credit_classification_train_004096,30000,22,0,0,0,0,0,0,28387,29612,30326,28004,26446,6411,1686,1400,560,3000,1765,0,1
credit_classification_train_004097,60000,29,1,-2,-2,-2,-2,-2,0,0,0,0,0,0,0,0,0,0,0,251,1
credit_classification_train_004098,230000,30,0,0,0,0,0,0,185129,185099,186698,181156,129441,135383,10024,8638,6500,50000,8008,4789,0
credit_classification_train_004099,440000,39,0,0,0,0,0,0,431557,743970,423621,385873,364175,376228,18174,20341,13005,15410,72000,14500,0
credit_classification_train_004100,280000,39,-1,-1,-1,-1,-1,-1,1585,6416,16387,2967,1087,2644,6416,16387,2981,2644,2644,820,0
credit_classification_train_004101,200000,33,-2,-2,-2,-2,-2,-2,-18,-18,-18,-18,-18,-18,0,0,0,0,0,0,1
credit_classification_train_004102,500000,43,0,0,0,0,0,0,141323,143548,146487,139155,142337,145411,5000,5015,5000,5000,5000,5000,0
credit_classification_train_004103,200000,34,-2,-1,-1,-2,-2,-1,16024,18168,10274,4726,4484,4745,18184,10274,4726,4490,4745,1283,0
credit_classification_train_004104,260000,30,0,0,0,0,0,0,66433,67134,67768,69033,70166,71377,2400,2496,2429,2599,2827,2050,0
credit_classification_train_004105,150000,55,1,2,2,0,0,0,76516,78505,76652,77688,79440,81126,3800,0,2800,3000,3000,3200,1
credit_classification_train_004106,20000,22,1,2,2,0,0,0,19438,20528,19464,18604,18172,14444,1700,0,700,620,800,300,1
credit_classification_train_004107,30000,38,1,2,2,2,0,0,9303,9009,13861,13344,13972,18735,0,5000,0,1000,5000,0,0
credit_classification_train_004108,120000,36,-1,-1,-1,-1,-1,0,326,326,326,326,652,326,326,326,326,652,0,290,0
credit_classification_train_004109,80000,26,0,0,0,2,0,0,69589,72802,77106,74420,76220,77877,5000,6100,0,3000,3000,3000,0
credit_classification_train_004110,620000,45,2,2,0,0,0,0,160837,156839,160440,163781,167159,170894,0,6200,6000,6000,6500,6000,1
credit_classification_train_004111,150000,41,0,0,0,0,0,0,88818,90585,92485,94373,96245,98263,3241,3358,3427,3443,3567,3585,1
credit_classification_train_004112,130000,27,0,0,0,0,0,0,84579,86256,88093,89837,91625,92822,3084,3224,3236,3257,3509,3428,0
credit_classification_train_004113,160000,39,0,0,0,0,0,2,14658,15666,16694,17697,19023,18584,1258,1286,1289,1615,0,1000,1
credit_classification_train_004114,310000,37,0,0,0,-1,-1,-2,68430,72280,77097,7636,0,0,5000,7097,7636,0,0,2039,0
credit_classification_train_004115,220000,31,-1,-1,-2,-1,-1,-2,38746,0,0,110699,0,0,0,0,110699,0,0,0,1
credit_classification_train_004116,160000,59,-2,-2,-2,-2,-2,-2,-220,390,170,-220,390,390,1000,170,0,1000,390,390,0
credit_classification_train_004117,170000,31,-1,0,0,0,0,0,6336,7505,8522,9380,9566,9917,1281,1298,1156,342,505,610,0
credit_classification_train_004118,160000,35,-1,-1,-1,-1,0,0,335,0,312,7736,7278,7278,0,312,7736,0,0,1470,0
credit_classification_train_004119,240000,46,0,0,0,0,0,0,47379,49274,51171,52716,54229,56191,3000,3000,3000,3000,3000,3000,0
credit_classification_train_004120,50000,31,0,0,0,0,0,-1,49024,48778,96487,43639,5290,41302,1813,2079,2650,106,41302,2000,1
credit_classification_train_004121,160000,43,0,0,0,0,0,0,69554,72390,75521,78987,80891,62113,4000,5000,10000,4000,3000,6000,0
credit_classification_train_004122,260000,33,-2,-2,-2,-2,-2,-2,3342,8978,4331,13860,1987,5626,9023,4353,13929,1997,5654,3964,0
credit_classification_train_004123,80000,45,0,0,-2,-2,-2,-2,80250,0,0,0,0,0,0,0,0,0,0,0,0
credit_classification_train_004124,230000,30,0,-1,0,0,0,0,33400,36348,36163,32653,30821,29827,36348,3010,20000,1200,2000,1000,0
credit_classification_train_004125,30000,51,0,0,0,0,0,0,16883,17909,18920,19297,19699,20091,1303,1314,691,713,718,742,0
credit_classification_train_004126,140000,38,0,0,0,0,0,2,141453,132415,130305,79775,74462,74954,8000,3100,3000,5417,0,500,0
credit_classification_train_004127,360000,33,-1,-1,-1,-1,0,0,15299,44439,22637,101497,68960,28399,44730,22751,101691,2233,6138,16113,0
credit_classification_train_004128,80000,54,0,0,0,0,0,0,75267,54889,56949,35684,10400,0,3000,4000,3000,1000,0,0,0
credit_classification_train_004129,360000,34,0,0,0,0,0,0,122193,109382,109845,105271,96644,94973,5004,4031,3082,7018,2755,1813,0
credit_classification_train_004130,100000,32,0,0,0,0,0,0,74136,72052,71007,69470,65424,64349,3200,3300,2910,2400,2340,2400,0
credit_classification_train_004131,200000,38,-1,-1,-1,-1,-1,2,3810,3056,8519,776,5335,4536,3063,8568,776,5335,0,664,0
credit_classification_train_004132,50000,33,1,-2,-1,0,0,-1,0,0,12493,28365,6300,999,0,12493,16000,0,999,0,0
credit_classification_train_004133,310000,36,0,0,0,0,0,0,157173,160555,170288,175252,177855,181846,6000,12398,7814,7000,7000,6597,0
credit_classification_train_004134,170000,45,2,-1,-1,-1,-1,-1,360,360,360,360,360,870,360,360,360,360,870,0,0
credit_classification_train_004135,20000,44,0,0,0,-1,-1,-1,19157,20011,18768,1261,390,390,1500,1768,1261,390,390,390,0
credit_classification_train_004136,160000,49,-1,-1,2,-1,-1,-1,316,632,316,316,316,316,632,0,316,316,316,316,1
credit_classification_train_004137,480000,30,-1,-1,-1,-1,-1,-1,1309,662,645,32636,27552,1428,668,645,32641,27552,1428,11822,0
credit_classification_train_004138,200000,50,-1,-1,-1,-1,-1,-1,3943,1443,2203,2189,5475,5506,1443,2583,2189,5475,5506,15837,0
credit_classification_train_004139,110000,28,1,-1,-1,-1,0,0,-100,200,400,46952,48455,47324,500,400,46952,3000,3000,2000,1
credit_classification_train_004140,30000,39,0,0,0,0,0,0,20893,22206,19273,16469,14670,11214,2007,2000,2000,417,1500,1500,0
credit_classification_train_004141,440000,50,0,0,0,0,0,0,250825,167091,144804,67729,66077,60074,10043,8608,25031,25030,22053,20030,0
credit_classification_train_004142,320000,33,-2,-2,-2,-2,-2,-2,2722,11040,9422,0,1200,1150,11040,9422,0,1200,1150,0,0
credit_classification_train_004143,90000,46,-2,-2,-2,-2,-2,-2,1609,686,3904,686,686,686,1372,3904,686,686,686,686,0
credit_classification_train_004144,10000,34,0,0,0,0,0,0,8820,8813,8464,9474,9716,9960,1100,2148,1158,400,400,400,0
credit_classification_train_004145,330000,49,0,0,0,0,0,0,217148,218414,216225,181352,181172,179835,7849,7919,6198,6525,6523,6122,0
credit_classification_train_004146,80000,35,0,0,0,0,0,0,63436,49544,50418,51810,28964,13059,2096,1970,2355,1500,1000,646,0
credit_classification_train_004147,230000,43,1,2,2,2,2,2,9462,9701,10277,13148,12834,13861,1000,1000,3000,0,1200,0,0
credit_classification_train_004148,150000,37,0,0,0,0,0,0,61137,62350,63653,64955,66249,67637,2230,2306,2356,2372,2456,2631,0
credit_classification_train_004149,200000,49,1,-1,-1,-1,-1,-1,0,492,0,489,320,732,492,0,489,320,732,5335,0
credit_classification_train_004150,240000,49,-2,-2,-2,-2,-2,-2,4639,1825,973,-110,-110,-110,1838,976,110,0,0,0,0
credit_classification_train_004151,20000,37,0,0,0,0,0,0,20009,20602,21255,19105,19609,19283,1700,1600,1200,1000,900,1000,0
credit_classification_train_004152,180000,29,-1,-1,-1,-2,-1,0,11386,199,0,0,17227,17042,199,0,0,17227,341,5114,0
credit_classification_train_004153,30000,27,0,0,0,0,0,-2,11228,11814,5240,400,0,0,1104,1400,0,0,0,0,0
credit_classification_train_004154,450000,37,-2,-2,-2,-2,-2,-2,324,302,5018,317,1614,324,303,5041,1,1622,325,316,0
credit_classification_train_004155,60000,28,0,0,0,0,0,2,46233,47263,48696,50385,52045,52661,2100,2500,2500,2500,1600,1500,0
credit_classification_train_004156,110000,32,-1,-1,-1,-1,-1,0,9943,9267,4957,6037,7628,2746,9284,6960,6055,7651,8,5159,0
credit_classification_train_004157,300000,54,1,-2,-2,-2,-2,-2,0,0,1702,0,0,0,0,1702,0,0,0,0,0
credit_classification_train_004158,280000,53,0,0,0,2,0,0,4866,4405,7322,7043,8932,9654,1200,3000,0,2000,1000,2000,0
credit_classification_train_004159,50000,54,0,0,0,0,0,0,48403,48119,43590,18264,18659,18918,2020,3128,1000,656,645,630,0
credit_classification_train_004160,50000,22,0,0,0,0,0,0,47066,45132,47756,28275,28082,28846,2300,3862,2000,1100,1500,1100,0
credit_classification_train_004161,70000,53,0,0,0,0,0,0,14054,15078,15787,16100,16437,16764,1554,1263,576,596,600,622,0
credit_classification_train_004162,290000,34,0,0,0,0,0,0,16196,17220,18231,18593,18986,19967,1292,1303,665,692,1300,636,0
credit_classification_train_004163,100000,31,-1,-1,-1,-2,-2,-2,16033,1716,1200,0,0,1300,1716,1200,0,0,1300,6455,0
credit_classification_train_004164,20000,33,0,0,0,0,0,-1,8488,10179,11901,11901,9336,9054,2000,2000,0,0,9054,2000,1
credit_classification_train_004165,120000,26,0,0,0,0,0,0,112774,115733,91961,94433,97787,87413,5000,3500,4000,5000,3500,3500,0
credit_classification_train_004166,30000,22,0,0,0,0,0,0,28681,27862,27365,28038,28607,29234,1850,1700,1300,800,860,883,0
credit_classification_train_004167,290000,38,1,-1,-1,-1,-1,-1,0,1437,3070,1406,2196,1481,1437,3078,1406,2196,1481,0,0
credit_classification_train_004168,120000,28,-1,-1,-1,-1,-1,-1,2494,1394,780,470,-170,180,2000,780,470,0,500,1335,0
credit_classification_train_004169,280000,41,-2,-2,-2,-2,-1,0,28026,41302,51500,35752,3955,13969,41346,52110,35752,3955,13939,4437,0
credit_classification_train_004170,310000,36,0,0,0,0,0,0,298221,303251,270591,252989,225814,231165,10500,9672,8826,8100,9000,8619,1
credit_classification_train_004171,220000,33,-2,-2,-2,-2,-2,-2,1037,1062,0,0,0,0,1062,0,0,0,0,0,0
credit_classification_train_004172,120000,30,-1,-1,-1,-1,-1,-1,416,416,416,0,832,416,416,416,0,832,416,416,1
credit_classification_train_004173,140000,32,0,0,0,0,0,0,134236,134663,137485,137450,135638,136375,6300,6500,6300,6000,5200,5000,0
credit_classification_train_004174,30000,44,0,0,0,0,0,0,29263,27516,28133,28780,28756,29566,1441,1597,1634,1000,1124,1223,0
credit_classification_train_004175,30000,33,2,0,0,0,0,0,29742,30266,45414,21331,21987,22452,1406,1366,1000,1000,980,1000,1
credit_classification_train_004176,90000,28,-1,-1,-1,0,0,0,866,148,377,4229,6109,8832,148,377,4000,2109,2832,316,0
credit_classification_train_004177,90000,30,2,2,3,3,3,3,750,750,750,750,2450,2150,0,0,0,2000,0,0,0
credit_classification_train_004178,200000,26,0,0,-1,0,0,-2,14335,12452,4467,3285,0,0,1213,4467,1000,0,0,0,0
credit_classification_train_004179,160000,27,0,0,2,2,0,0,109405,118110,119697,116284,119248,122228,12000,5000,0,5000,4958,36000,0
credit_classification_train_004180,50000,36,3,2,2,2,3,2,47222,48142,48082,51969,50865,49611,2000,1000,5000,0,0,2500,1
credit_classification_train_004181,50000,23,-1,-1,-1,-1,0,0,373,-17,4230,1243,1904,0,0,4247,1243,1094,0,0,0
credit_classification_train_004182,30000,50,0,0,0,0,0,0,10741,12057,12778,14090,14063,14357,1498,1219,1531,504,521,523,0
credit_classification_train_004183,200000,37,-2,-2,-2,-2,-2,-2,1324,0,0,0,0,0,0,0,0,0,0,0,0
credit_classification_train_004184,100000,31,2,2,2,2,2,2,41052,42081,41131,43637,42635,45440,2000,0,3500,0,3500,2000,1
credit_classification_train_004185,300000,52,0,0,0,0,0,0,293174,268652,285524,235773,221123,221269,15000,25000,8000,22000,10060,9000,0
credit_classification_train_004186,130000,39,3,2,-1,-1,-1,0,130819,124946,10212,2486,5170,6823,0,10252,2486,5170,3039,2386,0
credit_classification_train_004187,50000,25,1,-2,-2,-2,-2,-2,0,0,0,0,0,0,0,0,0,0,0,7700,1
credit_classification_train_004188,30000,27,1,-1,-1,-1,0,0,0,306,2017,6316,3107,0,306,2017,6316,62,0,1002,0
credit_classification_train_004189,330000,48,1,-1,-1,-1,-1,-1,0,571,0,11942,300,-200,571,0,11942,300,0,0,0
credit_classification_train_004190,30000,29,2,0,0,2,2,2,23136,24205,28318,28755,29442,30003,1744,4857,1200,1300,1200,1100,1
credit_classification_train_004191,340000,31,0,0,0,0,0,0,112119,119230,259489,328507,283758,273018,25000,150000,90168,25001,10000,11000,0
credit_classification_train_004192,290000,33,0,0,0,0,0,0,14026,9154,2778,9981,23989,22667,9000,2000,9000,23000,22000,1797,0
credit_classification_train_004193,260000,38,0,0,0,0,0,0,94152,91774,89485,85906,83619,81260,4150,4153,2913,3012,3088,3033,0
credit_classification_train_004194,120000,40,-2,-2,-2,-1,0,0,73900,0,0,3663,3663,0,0,0,3663,0,0,0,0
credit_classification_train_004195,260000,35,-2,-2,-2,-2,-2,-2,0,0,0,0,0,5181,0,0,0,0,5181,0,0
credit_classification_train_004196,70000,25,-1,-1,0,0,-1,-1,2781,18180,3463,4256,4244,10032,18180,1500,3000,4244,10032,7329,0
credit_classification_train_004197,200000,30,-1,-1,-1,-1,0,0,6589,3423,2785,54271,60326,63339,3449,2798,54271,7000,4000,6000,0
credit_classification_train_004198,80000,48,0,0,0,0,0,0,45174,41885,42832,23799,11723,27236,3000,3413,2000,5000,17236,2000,0
credit_classification_train_004199,50000,24,1,2,2,0,0,2,50789,52158,51051,50959,51121,49344,2500,0,2100,3500,0,2000,0
credit_classification_train_004200,500000,46,0,0,-1,-1,-1,-1,157046,82603,37528,83629,20894,27217,1652,37550,83642,20894,24038,59021,0
credit_classification_train_004201,150000,33,0,-1,-1,-1,-1,-1,74033,237,1420,1141,1067,1128,237,1426,1141,1067,1200,1150,0
credit_classification_train_004202,100000,41,1,2,0,0,2,0,89137,86040,71910,65693,63835,18660,0,3515,6300,13,765,0,0
credit_classification_train_004203,10000,51,0,0,2,0,0,2,4416,6733,6480,7495,8735,8453,2400,0,1131,1371,0,1794,0
credit_classification_train_004204,30000,22,-1,0,0,0,0,0,2006,3116,28844,25317,25885,25165,1157,25885,1500,2170,1000,1000,0
credit_classification_train_004205,110000,32,0,0,0,2,2,2,30852,31957,37051,36303,42800,38381,1906,6000,0,8000,0,5000,0
credit_classification_train_004206,60000,24,-2,-2,-2,-2,-2,-2,5648,12270,0,0,479,27485,12270,0,0,479,27485,0,0
credit_classification_train_004207,20000,31,-1,-1,-1,-1,-1,-1,1550,1550,1826,6497,8185,3755,1550,1826,6497,8185,3755,3220,0
credit_classification_train_004208,200000,44,-1,-1,-2,-2,-2,-1,65520,0,0,0,0,17480,0,0,0,0,17480,76220,0
credit_classification_train_004209,50000,55,-1,-1,-1,-1,-1,-1,390,390,390,390,390,390,390,390,390,390,390,390,0
credit_classification_train_004210,160000,42,0,0,2,2,2,2,43753,46869,45856,48818,49640,48737,4100,0,4000,1700,0,2000,0
credit_classification_train_004211,150000,25,1,-2,-2,-2,-2,-2,0,0,0,0,0,0,0,0,0,0,0,0,1
credit_classification_train_004212,110000,29,0,0,0,0,0,2,64351,64739,75697,86483,97054,105553,1415,12182,12201,12403,10350,3000,1
credit_classification_train_004213,120000,43,0,0,0,-1,0,0,121427,60163,61723,25638,26092,14586,77225,21903,25646,5080,0,5052,0
credit_classification_train_004214,230000,30,-1,-1,-1,0,-1,-1,3686,5557,5816,1288,23196,15072,5619,5838,7,23312,15147,16518,0
credit_classification_train_004215,180000,45,-1,-1,-1,-1,-1,-1,4453,3310,7226,5060,2832,1890,3310,7228,5060,2832,1890,2576,0
credit_classification_train_004216,30000,36,0,0,0,0,0,0,11896,12990,14073,15131,15579,16175,1600,1600,1600,1000,1000,1000,0
credit_classification_train_004217,280000,39,-2,-2,-2,-2,-2,-2,1525,7391,5234,3316,2970,3978,7430,5234,3316,2970,3978,3258,0
credit_classification_train_004218,30000,27,2,2,2,3,3,4,26648,27536,28203,29048,29903,30431,1600,1400,1600,1600,1600,1000,0
credit_classification_train_004219,20000,30,0,0,0,0,0,0,21302,18842,19370,19355,17155,18660,1300,1800,1106,435,1599,1000,0
credit_classification_train_004220,360000,37,0,0,0,-1,-1,-1,10764,8874,3501,328,0,770,1052,1002,328,0,770,11309,0
credit_classification_train_004221,20000,22,0,-1,2,-1,-1,-2,10294,3203,199,2780,0,0,4000,0,2780,0,0,0,1
credit_classification_train_004222,60000,30,-1,-1,2,-1,-1,-1,921,1498,749,749,58852,6295,1498,0,749,58852,6295,0,0
credit_classification_train_004223,30000,26,0,0,0,0,0,0,14923,16277,17003,17420,17790,18993,1600,1300,700,650,1500,0,0
credit_classification_train_004224,20000,24,0,0,0,0,0,0,15221,17847,18483,19079,19060,19061,3287,1313,1299,670,686,694,0
credit_classification_train_004225,50000,31,0,0,0,0,2,0,48548,49579,27496,20414,19978,18547,2032,1304,1500,0,868,1000,1
credit_classification_train_004226,20000,22,0,0,0,0,0,0,19356,19754,20279,19887,19887,0,1485,1400,398,0,0,0,0
credit_classification_train_004227,80000,36,0,0,0,0,0,0,59189,35690,33984,34384,29340,21985,3007,1503,2017,1024,1017,2000,0
credit_classification_train_004228,140000,27,0,0,0,0,0,0,127464,119346,89977,92381,83641,86316,6000,4000,4000,3000,4000,4000,0
credit_classification_train_004229,200000,33,1,-2,-2,-2,-2,-2,0,0,0,0,0,0,0,0,0,0,0,0,0
credit_classification_train_004230,20000,22,0,0,0,0,0,0,20386,20033,28679,14768,18192,20372,1510,1300,1086,3677,2500,573,0
credit_classification_train_004231,50000,36,0,0,0,0,0,0,46714,47404,48786,49768,27838,84810,1766,2148,2130,1200,1012,2034,0
credit_classification_train_004232,280000,26,-2,-2,-2,-2,-2,-2,2103,2768,4425,23083,489,2937,2781,4447,23198,491,2951,0,0
credit_classification_train_004233,340000,37,-2,-2,-2,-2,-2,-2,7200,0,0,0,0,0,0,0,0,0,0,0,0
credit_classification_train_004234,180000,35,-1,-1,-1,-1,-2,-1,1866,590,360,0,0,414,590,360,0,0,414,0,0
credit_classification_train_004235,420000,37,-1,-1,-1,-1,-1,-1,38386,316,9894,13811,12141,11820,316,9894,13811,12141,11820,38800,1
credit_classification_train_004236,260000,36,-1,-1,-1,-1,-1,-1,416,416,416,3541,416,416,416,416,3541,416,416,1644,0
credit_classification_train_004237,470000,37,-1,0,0,0,0,0,12572,5363,5660,42003,39994,41816,5305,3500,38007,3000,3507,2500,0
credit_classification_train_004238,320000,36,0,0,0,0,0,0,318022,321560,150062,139555,116315,106541,10810,4746,4241,3275,3265,2865,0
credit_classification_train_004239,180000,32,0,0,0,0,0,0,85040,77213,68131,62704,60133,59335,2937,2226,2271,2108,3012,1933,0
credit_classification_train_004240,20000,33,2,0,0,0,0,0,17999,19090,19472,18629,12683,0,1700,3243,1200,254,0,0,1
credit_classification_train_004241,140000,27,0,0,0,0,0,0,143536,141849,131491,94362,85863,83974,5341,4000,3500,3000,13000,2300,0
credit_classification_train_004242,100000,27,-1,-1,-1,-1,-1,-1,3904,398,931,5983,2010,1413,400,931,5983,2010,1413,3655,0
credit_classification_train_004243,270000,47,-1,-1,-1,2,2,-2,123,123,123,123,0,0,123,123,0,0,0,0,1
credit_classification_train_004244,30000,23,0,0,0,2,0,0,10550,11670,13469,14045,14509,16962,1300,2000,1100,1000,2700,500,1
credit_classification_train_004245,80000,39,0,0,0,0,0,0,48784,46401,39456,30712,29629,28241,2194,1560,1421,1001,1000,1008,0
credit_classification_train_004246,320000,30,0,0,0,0,0,0,95526,97737,101151,104203,108867,40411,5000,5000,5000,5364,5010,5013,0
credit_classification_train_004247,70000,30,0,0,0,2,0,0,67730,67021,67328,60962,61146,56066,3000,6006,0,1900,2000,2000,0
credit_classification_train_004248,240000,32,-2,-2,-2,-2,-2,-2,6101,1202,3227,4039,1776,1513,1205,3236,4051,1781,1517,3630,0
credit_classification_train_004249,50000,23,1,-2,-2,-1,-1,-2,0,0,0,1000,0,0,0,0,1000,0,0,0,0
credit_classification_train_004250,290000,40,-1,-1,-1,-1,-1,-1,550,550,550,550,550,550,550,550,550,550,550,0,0
credit_classification_train_004251,90000,52,0,0,0,0,-2,-2,49115,50477,51400,0,0,0,2477,2400,0,0,0,0,0
credit_classification_train_004252,50000,38,0,0,0,0,0,2,31426,23712,18919,24227,25229,12150,1655,1675,15000,2610,0,2000,0
credit_classification_train_004253,480000,32,-2,-2,-2,-2,-2,-2,11872,38933,23479,52177,54005,53853,40000,23479,52209,54005,54500,42321,0
credit_classification_train_004254,20000,23,0,0,0,0,0,0,19247,18055,2059,2576,1834,1092,2500,1100,1500,200,200,942,0
credit_classification_train_004255,50000,33,1,2,2,0,0,2,26957,28230,27483,27728,29681,29053,2000,0,1000,2400,0,2400,1
credit_classification_train_004256,420000,41,0,0,0,0,0,0,373978,389754,366938,361024,354813,344221,33808,14996,13209,12890,11081,16298,1
credit_classification_train_004257,370000,38,-1,-1,-1,-1,-1,-1,929,328,0,1539,1815,0,328,0,1539,1815,0,0,0
credit_classification_train_004258,70000,33,0,-1,0,0,0,0,9286,2748,4689,6569,4909,0,2748,2000,2009,2000,0,0,0
credit_classification_train_004259,90000,36,1,-2,-2,-2,-2,-2,0,0,0,0,0,0,0,0,0,0,0,3500,1
credit_classification_train_004260,30000,30,0,0,0,0,0,0,29009,28432,18191,9745,9545,13964,1315,1522,1200,0,6000,10655,0
credit_classification_train_004261,270000,36,-2,-2,-2,-2,-2,-2,11464,1879,6896,8583,880,4861,1879,6909,8587,880,4861,3212,0
credit_classification_train_004262,20000,24,2,0,0,0,0,3,2968,3980,5075,5979,6796,6463,1223,1318,1183,1000,0,0,1
credit_classification_train_004263,40000,53,3,2,2,0,0,2,14186,15264,14708,14704,16997,16568,1600,0,500,2500,0,209,0
credit_classification_train_004264,150000,39,0,0,0,0,0,0,65627,64803,62844,61785,61136,57287,2982,2803,2019,2060,2098,2024,0
credit_classification_train_004265,20000,46,0,0,2,2,2,2,11691,14179,13662,15518,14972,16925,3000,0,2088,0,2200,0,1
credit_classification_train_004266,240000,39,0,0,0,0,0,0,215013,220938,213460,217816,222214,227174,9600,7800,7907,8021,8610,8084,0
credit_classification_train_004267,240000,42,-1,-1,-1,-1,-1,-1,3328,164327,10690,4772,1294,2147,164820,11728,7738,1297,2153,2073,0
credit_classification_train_004268,230000,34,-1,0,0,0,-1,0,4358,6020,9938,9865,6981,12157,3000,5000,5828,6981,6157,6342,0
credit_classification_train_004269,20000,21,0,0,-1,0,0,0,19739,17875,19174,19158,18762,19223,1000,26299,673,680,772,851,0
credit_classification_train_004270,70000,26,2,0,0,0,0,0,71832,71147,72227,71078,50777,50841,3275,3800,3200,1950,2000,1828,0
credit_classification_train_004271,310000,31,0,0,0,0,0,0,309080,314220,288581,294745,301286,306515,11900,12000,12500,12930,12000,13500,0
credit_classification_train_004272,60000,22,0,0,-1,-1,0,0,11718,4878,18347,15707,18976,6355,1000,37325,20800,3500,1232,113,0
credit_classification_train_004273,60000,31,1,2,0,0,-2,-2,36243,35369,35320,0,0,0,0,1027,0,0,0,0,0
credit_classification_train_004274,100000,49,0,0,0,0,0,0,55084,49358,89406,77924,78683,77357,2500,43075,2750,2750,2800,2853,0
credit_classification_train_004275,150000,39,-1,-1,-1,0,-1,-1,5211,33474,18488,45489,9069,20203,33522,18516,35701,9099,20226,20786,0
credit_classification_train_004276,20000,36,0,0,0,-1,-1,-1,6620,7114,3948,18838,-71,8929,2151,3600,20044,65,9000,5203,0
credit_classification_train_004277,140000,34,-1,-1,-1,-1,-1,-1,430,430,702,430,430,430,430,702,430,430,430,860,1
credit_classification_train_004278,30000,35,2,2,2,2,2,2,27143,28211,28654,27897,29587,30152,1800,1200,0,2300,1200,0,0
credit_classification_train_004279,90000,51,0,0,0,0,0,0,112577,105189,97048,88247,88564,90145,4000,3330,3087,3162,4496,4003,1
credit_classification_train_004280,190000,28,2,2,2,2,2,2,155335,159438,163684,166163,168592,171923,8000,8150,6500,6500,6000,0,1
credit_classification_train_004281,260000,33,2,2,2,0,0,0,258150,265961,258903,131150,214180,153755,20485,27,2914,159658,5592,5837,1
credit_classification_train_004282,240000,44,-1,-1,-1,-1,0,-1,5428,9054,13158,6507,2955,1092,9064,13158,6860,2295,1092,2076,0
credit_classification_train_004283,280000,29,-2,-2,-2,-2,-1,-1,-11,-11,-11,-11,2572,9532,0,0,0,2583,9566,145007,0
credit_classification_train_004284,130000,23,0,0,0,0,0,0,111388,113900,109062,105252,103969,104254,6000,5000,6000,10000,10000,5000,0
credit_classification_train_004285,110000,40,0,0,0,0,0,0,41629,42626,45666,84725,49757,46196,1688,3728,1726,1608,2169,1698,0
credit_classification_train_004286,150000,36,0,0,0,0,0,-1,32263,26283,17897,10945,5174,1910,3000,1305,1637,350,1910,0,0
credit_classification_train_004287,20000,24,0,0,0,0,0,0,17191,18594,19489,20200,20000,0,2000,1500,1200,0,0,0,0
credit_classification_train_004288,180000,32,1,2,0,0,0,0,173179,168499,170856,177544,172432,173940,0,7326,10000,7000,8000,10000,0
credit_classification_train_004289,50000,51,2,0,0,0,0,0,55028,50184,50391,19867,20154,18732,3000,1600,1000,1000,1000,1000,1
credit_classification_train_004290,360000,36,-1,-1,-1,-1,-1,-1,6783,2337,10990,74562,-28,5677,2347,11046,74934,0,5705,8503,0
credit_classification_train_004291,60000,23,2,2,2,0,0,0,58032,61026,44438,35619,30210,1527,4800,0,1539,1500,1527,27887,1
credit_classification_train_004292,90000,25,0,0,0,0,0,0,57846,50663,45515,42599,38559,36337,2018,2033,2016,2010,2010,1114,0
credit_classification_train_004293,150000,44,-1,-1,-1,-1,-1,-1,390,5104,10318,5775,14441,780,5104,10318,10355,14441,780,66950,1
credit_classification_train_004294,140000,35,1,2,0,0,2,2,91296,88979,97448,105795,103988,110769,0,10000,10000,0,8500,4100,0
credit_classification_train_004295,20000,22,1,-1,2,-1,0,0,0,6594,4840,780,390,0,6594,0,780,0,0,11000,0
credit_classification_train_004296,580000,31,0,0,0,0,0,0,484798,475282,485511,488800,500723,511905,19000,20036,20000,20000,20056,16987,0
credit_classification_train_004297,100000,29,2,2,2,2,2,2,57214,58666,58643,58589,62586,64519,3000,1500,1500,5600,3100,2000,1
credit_classification_train_004298,210000,40,1,-2,-2,-1,-1,-1,0,0,0,4351,0,6200,0,0,4351,0,6200,5276,0
credit_classification_train_004299,110000,40,0,0,0,0,0,0,107035,110156,8871,66482,59578,57961,4000,2500,58000,2000,3000,3500,0
credit_classification_train_004300,30000,25,0,0,0,0,0,0,26815,27990,29224,26692,18466,29824,2000,2000,1527,1600,1000,1000,0
credit_classification_train_004301,330000,34,0,0,-1,-1,0,0,21576,24226,15577,89851,86005,121319,5002,15579,89851,5000,50000,100000,0
credit_classification_train_004302,350000,49,-2,-1,2,-1,-1,-1,10658,8598,3816,4223,1414,5941,9004,0,4223,1414,5941,2720,0
credit_classification_train_004303,150000,23,0,0,-1,0,0,-2,15952,29836,1860,1535,0,0,20039,1860,0,0,0,0,0
credit_classification_train_004304,50000,23,0,0,0,0,0,0,48954,35213,33404,18727,13793,19354,2000,4005,1000,1000,6000,1000,0
credit_classification_train_004305,220000,50,0,0,0,0,0,0,127571,116768,55863,57079,51202,53195,5200,2000,2000,2000,3200,2001,0
credit_classification_train_004306,140000,27,0,0,0,2,0,0,19484,20114,16606,9609,5429,9763,2000,10063,0,2000,5000,5000,1
credit_classification_train_004307,200000,41,-2,-2,-2,-2,-2,-2,0,0,0,0,0,0,0,0,0,0,0,504,0
credit_classification_train_004308,100000,39,0,0,0,0,-2,-2,10603,11735,12460,0,0,0,1315,1040,0,0,0,0,1
credit_classification_train_004309,260000,44,2,-1,2,-1,0,0,802,4541,3896,119498,109399,111203,4541,0,119498,3500,3983,3579,1
credit_classification_train_004310,50000,23,0,0,0,2,2,2,46926,18385,11097,10596,12421,12129,1387,4200,0,1958,0,1000,0
credit_classification_train_004311,20000,26,0,0,0,-2,-2,-1,18838,15349,0,0,0,19125,1200,0,0,0,19125,1000,0
credit_classification_train_004312,80000,34,0,0,0,0,0,0,71435,72886,74678,74080,75251,77040,2642,3000,3274,3000,3000,3100,0
credit_classification_train_004313,30000,24,1,2,2,2,2,0,16704,18121,19030,19424,18818,23307,2000,1500,1000,0,5000,2000,0
credit_classification_train_004314,60000,27,1,2,2,2,2,2,10401,11770,10957,11480,10851,11365,2000,0,1000,0,1000,0,1
credit_classification_train_004315,190000,48,2,2,2,2,0,0,90128,92367,94227,91943,93546,95759,4500,4100,0,3500,3600,3500,1
credit_classification_train_004316,50000,27,2,2,0,0,0,0,23901,13262,8643,7382,1975,50514,4146,1200,0,0,49800,0,1
credit_classification_train_004317,260000,31,0,0,0,0,0,0,69957,72727,73562,65954,30948,0,3945,2764,5431,633,0,0,0
credit_classification_train_004318,270000,26,0,0,0,0,0,0,134235,62483,62134,61797,57312,57582,6000,2500,3000,7475,3000,2500,0
credit_classification_train_004319,300000,27,-2,-2,-2,-2,-2,-2,525,7792,8347,10471,9813,10690,7797,8361,10490,9828,10698,6666,0
credit_classification_train_004320,310000,62,2,2,2,2,2,2,327289,323125,308878,314524,308637,283200,12500,2100,22053,10654,0,10450,0
credit_classification_train_004321,20000,22,0,-1,-1,0,-1,-1,18479,2005,7839,5386,10690,3413,2022,15210,1000,10690,3413,390,0
credit_classification_train_004322,180000,35,0,0,0,0,0,0,174068,160979,165896,145300,152877,156074,10000,10092,10000,10000,10000,5000,0
credit_classification_train_004323,120000,39,-1,-1,-2,-2,-2,-2,28724,-72,-72,-72,-72,-72,0,0,0,0,0,0,0
credit_classification_train_004324,30000,24,2,2,0,0,0,0,31214,28983,28301,31072,24147,4007,0,1400,3561,483,80,0,1
credit_classification_train_004325,20000,25,0,0,0,0,0,0,18825,18545,18606,18904,19433,18902,1300,1613,1301,830,698,822,1
credit_classification_train_004326,320000,34,0,0,0,0,0,0,117983,111695,112030,152291,138731,132197,10009,15000,50551,10000,10000,8000,0
credit_classification_train_004327,450000,35,0,0,0,0,-1,-1,254679,179510,212496,51953,74870,-2313,10000,205004,52000,74896,500,110124,0
credit_classification_train_004328,50000,32,1,-2,-1,0,0,0,0,0,530,26530,26574,26289,0,530,26000,951,943,970,0
credit_classification_train_004329,360000,41,-1,-1,-1,-1,-1,-1,3640,1436,1114,1917,19588,16666,1436,1114,1917,19588,16666,707,0
credit_classification_train_004330,140000,29,1,-1,-1,-1,-1,-1,0,1216,2677,2985,3739,1242,1216,2698,6069,3889,1242,3061,0
credit_classification_train_004331,360000,41,2,-1,0,0,0,0,218,7022,9744,89215,98256,99145,7022,3001,80000,10500,5000,10000,0
credit_classification_train_004332,80000,37,-2,-2,-2,-2,-2,-2,1324,1087,0,5963,1280,1243,1087,0,5963,1280,1243,1216,0
credit_classification_train_004333,230000,31,0,0,0,0,0,0,81734,82238,80623,90997,62063,62003,3687,4539,2220,3214,2407,2061,0
credit_classification_train_004334,130000,43,-2,-2,-2,-2,-2,-2,2798,2732,8072,5723,6232,8873,3228,8141,5744,6232,8873,3982,0
credit_classification_train_004335,150000,55,0,-1,-1,-1,0,0,1540,780,0,580,780,0,780,0,580,200,0,0,0
credit_classification_train_004336,440000,33,-2,-2,-2,-2,-2,-1,0,0,0,0,0,100,0,0,0,0,100,300,0
credit_classification_train_004337,140000,39,0,0,0,0,0,0,139079,143816,134472,130129,133031,136919,7000,4800,4659,5000,6100,6000,0
credit_classification_train_004338,50000,45,-1,-1,-1,-1,-2,-2,4900,7222,3150,0,0,0,7222,3150,0,0,0,2977,0
credit_classification_train_004339,120000,27,-1,-1,-1,-1,0,0,1164,1844,-7809,120680,63530,63552,1671,380,131062,2000,3000,3000,0
credit_classification_train_004340,190000,45,0,0,0,0,0,0,181814,172493,166982,155621,142439,133742,7035,6000,6000,10000,5000,5000,0
credit_classification_train_004341,210000,27,-2,-1,0,0,0,0,542,22366,23816,24303,16742,3187,22366,1816,1303,0,0,0,1
credit_classification_train_004342,260000,32,-1,0,0,0,0,0,5227,10100,14909,19623,20012,20466,5000,5000,5000,716,776,5000,0
credit_classification_train_004343,30000,43,0,0,0,0,2,2,27862,29106,29784,29884,27833,29459,2000,1500,2000,0,3000,0,0
credit_classification_train_004344,220000,25,0,0,0,0,0,0,168286,155893,119575,51317,51926,34608,10000,3900,1000,1000,2000,2000,0
credit_classification_train_004345,370000,36,0,0,0,0,0,0,219386,181046,169132,128553,88817,83763,10500,14045,8553,8817,10763,2526,0
credit_classification_train_004346,250000,37,1,2,0,0,0,0,206430,210029,214868,218593,159789,163454,8300,9500,9000,5500,6000,13000,0
credit_classification_train_004347,50000,36,0,0,0,-1,-1,-2,10849,3701,4600,2300,0,0,1101,1000,2300,0,0,0,0
credit_classification_train_004348,190000,40,-1,-1,-1,-2,-2,-2,18255,18779,0,0,0,0,19241,0,0,0,0,0,0
credit_classification_train_004349,280000,56,-2,-1,2,-1,-1,-1,-5,4609,1351,1108,1288,3552,4614,1,1109,1290,3561,3279,0
credit_classification_train_004350,50000,28,1,2,0,0,0,0,43810,44184,4273,4999,5726,1473,1500,1300,2390,2200,0,3283,0
credit_classification_train_004351,230000,27,-2,-2,-2,-2,-2,-2,19200,10000,20176,10000,10000,10000,10000,20176,200,10000,10000,10000,0
credit_classification_train_004352,270000,39,0,0,0,-1,0,0,18221,5973,6511,49873,44658,40703,3005,3027,49935,5021,2004,5008,0
credit_classification_train_004353,20000,24,1,2,0,0,0,0,19154,18165,17233,7630,1730,0,0,1333,500,100,0,3200,0
credit_classification_train_004354,180000,32,0,0,0,0,0,0,136055,136095,136201,136857,130839,131059,6400,6400,7000,5000,5000,5000,0
credit_classification_train_004355,100000,39,0,0,0,0,0,0,74053,75040,76231,78392,79485,81397,3274,3000,3431,2994,3345,3233,0
credit_classification_train_004356,180000,37,-1,-1,-1,-1,0,0,14480,33915,5198,13263,6817,4188,34045,5217,13263,6000,1000,4085,0
credit_classification_train_004357,60000,25,0,0,0,0,0,0,51907,52997,53559,54716,54533,58085,1935,2000,2000,2000,6000,0,0
credit_classification_train_004358,20000,25,4,5,4,3,2,0,20014,19432,18840,18248,17816,18021,0,0,0,0,636,1200,1
credit_classification_train_004359,80000,23,0,0,0,0,0,-1,53261,38091,19744,14556,0,1460,4500,2011,3105,0,1460,0,0
credit_classification_train_004360,230000,23,-2,-2,-2,-2,-2,-2,61580,62272,1462,622,1083,622,2862,1462,622,1083,622,872,0
credit_classification_train_004361,130000,26,0,0,0,0,0,-2,110922,113974,126194,17832,-3000,0,5000,15066,5007,0,3000,825,1
credit_classification_train_004362,30000,29,0,0,0,0,0,-1,17960,18968,19958,21448,15567,22,1610,1600,2050,341,22,5000,0
credit_classification_train_004363,20000,32,2,0,0,2,0,0,18390,19468,20844,19362,19402,19607,2000,3000,0,850,920,750,1
credit_classification_train_004364,200000,35,0,0,0,0,0,0,188096,171535,167877,128550,131511,127781,8000,6700,5000,5100,4700,4800,1
credit_classification_train_004365,300000,50,0,0,0,0,0,0,23436,22055,18497,8426,11291,14449,1350,2008,301,3000,5000,5000,0
credit_classification_train_004366,30000,44,-1,2,2,2,2,2,8347,9560,9258,11096,11165,10837,1500,0,2000,392,0,2000,0
credit_classification_train_004367,240000,29,0,0,0,0,0,0,238225,243044,239228,243318,195320,196664,9000,10500,10000,7000,7300,7439,0
credit_classification_train_004368,50000,36,1,3,2,5,4,3,21031,20411,23766,23114,22173,21521,0,4000,0,0,0,1250,1
credit_classification_train_004369,240000,39,4,3,2,2,2,2,47739,46712,45660,48905,47993,52015,0,0,4000,0,5000,2000,1
credit_classification_train_004370,430000,29,-2,-2,-2,-2,-2,-2,325,325,325,0,325,650,325,325,0,325,650,150,0
credit_classification_train_004371,230000,31,0,0,-1,2,0,0,23526,12187,3239,3029,3029,800,7005,3239,0,0,0,0,0
credit_classification_train_004372,90000,42,0,0,2,0,0,0,12174,15035,14509,15518,15563,18289,3072,0,1555,600,3000,2000,1
credit_classification_train_004373,240000,34,0,0,0,0,0,0,65883,66386,67444,68461,69423,70843,3000,3038,3057,3000,3000,3500,0
credit_classification_train_004374,360000,35,2,2,2,0,0,0,360023,363239,350214,319960,260944,202686,14693,30,12302,10004,7506,19721,1
credit_classification_train_004375,20000,30,2,2,2,2,0,0,16855,17272,19820,19104,19646,20527,1000,2832,0,658,1151,0,1
credit_classification_train_004376,280000,35,-2,-2,-2,-2,-2,-2,1616,1198,494,698,1233,5080,1198,494,698,1233,5080,17095,0
credit_classification_train_004377,80000,57,-1,-1,-1,-2,-2,-2,3072,2856,0,0,0,0,2856,0,0,0,0,0,0
credit_classification_train_004378,230000,29,-2,-2,-2,-2,-2,-2,0,0,1024,0,0,0,0,1024,0,0,0,0,0
credit_classification_train_004379,80000,29,1,-1,-1,-1,-1,-1,0,416,832,28940,832,0,416,832,28940,832,0,416,0
credit_classification_train_004380,50000,43,0,0,0,0,0,0,39177,39607,17070,13038,8904,4740,2000,1500,3500,600,500,4000,0
credit_classification_train_004381,180000,43,-1,-1,0,0,0,0,1207,60267,61424,61039,64260,64618,60267,3000,2154,5000,3000,3000,1
credit_classification_train_004382,200000,33,-1,-1,-1,-1,-2,-2,390,0,780,0,0,0,0,780,0,0,0,0,0
credit_classification_train_004383,70000,25,0,0,0,0,0,0,64822,61851,62007,38391,38996,39819,2502,2075,2000,1541,1600,2000,0
credit_classification_train_004384,290000,43,0,0,0,0,0,0,294475,295310,290951,237255,241778,236917,12021,11212,8503,9047,9003,10014,0
credit_classification_train_004385,460000,30,0,0,0,0,0,0,396155,367501,257836,388058,324478,313547,15299,7524,324097,12039,12006,12272,0
credit_classification_train_004386,270000,33,-1,-1,-1,-1,-1,0,11489,8874,3567,1556,7952,10794,8874,3567,1556,7952,4000,2000,0
credit_classification_train_004387,80000,28,0,0,0,-2,-2,-2,15268,5135,0,0,0,0,1315,0,0,0,0,0,0
credit_classification_train_004388,80000,27,-2,-2,-2,-2,-2,-2,1672,0,1672,836,0,2902,0,1672,836,0,2902,836,1
credit_classification_train_004389,440000,29,0,0,0,0,0,0,485921,234046,214092,201210,186455,169455,20000,7822,8000,6000,16000,4000,0
credit_classification_train_004390,320000,30,0,0,0,-1,0,0,26310,28236,29368,160578,129187,124967,2728,2240,160578,4600,5000,4500,0
credit_classification_train_004391,80000,30,0,0,0,-1,0,0,90562,85919,83023,79031,41149,30244,3340,2000,83731,2000,2000,1000,0
credit_classification_train_004392,300000,31,0,-1,-1,-1,0,0,3565,316,316,17597,15257,9482,316,316,17597,2000,2690,2000,0
credit_classification_train_004393,150000,43,0,0,0,0,0,0,90606,93496,94196,91550,89586,88300,4348,3229,3150,3348,3244,8778,0
credit_classification_train_004394,120000,30,0,0,0,2,2,0,98546,100675,104347,108258,104972,104638,5600,6800,7300,0,4600,3400,0
credit_classification_train_004395,120000,36,0,0,0,0,2,2,84171,76025,78068,78589,77213,82567,3438,4000,12242,0,6894,0,0
credit_classification_train_004396,20000,27,0,0,0,0,0,0,19961,16437,16579,17437,18314,19616,1500,2579,1437,1314,1616,800,0
credit_classification_train_004397,180000,44,1,-2,-2,-2,-2,-2,0,0,0,0,0,0,0,0,0,0,0,4003,0
credit_classification_train_004398,60000,25,0,0,0,0,0,0,60340,58556,57251,57826,22544,26675,2200,2600,2300,3000,5000,2000,1
credit_classification_train_004399,20000,25,-1,-1,-1,-1,-1,-1,3454,6875,13936,2816,7419,165,6885,14523,2816,7419,0,16963,1
credit_classification_train_004400,80000,22,1,2,2,-2,-2,-2,7369,7000,0,0,0,0,0,0,0,0,0,0,0
credit_classification_train_004401,50000,48,-1,-1,2,-1,-1,-1,1079,7179,6478,7527,3060,1490,7651,0,7535,3060,1490,1095,0
credit_classification_train_004402,120000,29,0,0,0,0,0,0,122842,123704,123291,121242,121403,121863,6500,6100,4603,4774,9000,0,1
credit_classification_train_004403,90000,37,0,0,0,0,0,0,51438,40028,38704,37135,35141,33502,1950,2000,1800,1150,1200,1150,0
credit_classification_train_004404,350000,49,-2,-2,-2,-2,-2,-2,16173,9122,12228,19850,8800,4260,9122,12228,19850,8800,4260,17660,0
credit_classification_train_004405,300000,38,0,0,0,2,2,2,181387,171685,181780,177363,189423,188567,8000,14500,0,15150,7700,0,0
credit_classification_train_004406,500000,37,0,0,0,0,0,0,501369,505753,395522,312315,265742,248866,17204,13173,10143,7519,8866,7154,0
credit_classification_train_004407,180000,37,-1,-1,0,0,0,-1,8788,40927,28306,31578,21195,11776,40970,1210,10015,10009,11783,110306,0
credit_classification_train_004408,80000,53,3,2,0,0,0,0,35637,34783,36198,37094,38489,40341,0,2000,1500,2000,2500,2000,1
credit_classification_train_004409,150000,31,-2,-2,-2,-1,-1,-2,31991,18322,11429,3714,0,0,18696,11629,3814,0,0,0,0
credit_classification_train_004410,220000,52,-1,-1,-2,-2,-2,-2,20208,5183,3627,2963,2256,-119,5209,3649,2977,2267,0,0,0
credit_classification_train_004411,180000,28,0,0,0,0,0,0,171237,172787,174667,176618,141697,143738,8000,7000,7000,5010,5200,6000,0
credit_classification_train_004412,180000,26,-2,-2,-2,-2,-2,-2,4312,2117,5944,2102,10214,0,2117,5944,2102,10214,0,0,0
credit_classification_train_004413,150000,34,0,0,0,0,0,0,150294,147979,147235,147997,145405,146502,6750,6900,6690,5300,5500,5500,0
credit_classification_train_004414,260000,31,0,0,0,0,0,0,229398,202429,206210,208752,209083,208463,8720,9000,8910,7570,7751,8200,0
credit_classification_train_004415,30000,47,1,2,2,-2,-2,-2,5163,2475,0,0,0,0,0,0,0,0,0,0,1
credit_classification_train_004416,220000,43,1,-2,-2,-2,-2,-2,0,0,0,0,0,0,0,0,0,0,0,0,1
credit_classification_train_004417,230000,30,-1,-1,-1,0,0,0,550,0,13013,14265,13659,0,0,13013,1252,3659,0,0,0
credit_classification_train_004418,80000,29,-2,-2,-2,-2,-2,-2,4225,20000,11556,0,0,0,20000,11556,0,0,0,0,0
credit_classification_train_004419,50000,42,0,0,0,0,0,0,47282,47535,46578,17029,10575,9478,2500,2000,2500,500,500,500,0
credit_classification_train_004420,50000,31,0,-1,-1,-2,-1,-1,9514,2067,-6,-409,793,2385,2100,405,0,2385,2385,3000,0
credit_classification_train_004421,290000,29,0,0,0,0,0,0,62029,46716,39340,22587,24219,26647,3000,2000,2000,2000,3000,2000,0
credit_classification_train_004422,300000,33,1,-2,-1,0,-1,-1,0,0,12351,6417,5245,12082,0,12351,0,5245,7000,0,0
credit_classification_train_004423,90000,50,0,0,-1,-1,-1,-1,76025,55440,11227,4000,5000,10327,10374,16926,4000,6000,10327,0,0
credit_classification_train_004424,20000,27,0,0,0,0,0,0,14248,15703,17140,18127,18605,16351,2000,2000,1600,1030,1000,1000,0
credit_classification_train_004425,30000,28,1,2,2,0,0,0,10056,9815,7576,5746,3900,1944,2000,0,144,128,39,1944,0
credit_classification_train_004426,160000,40,-1,-1,-1,-2,-2,-2,1672,2927,0,0,0,0,2941,0,0,0,0,0,0
credit_classification_train_004427,30000,22,1,2,4,3,2,2,22582,26518,25814,25110,24569,26357,4600,0,0,0,2200,2500,0
credit_classification_train_004428,180000,39,-1,-1,-1,-2,-2,-2,5086,5661,0,0,0,0,5668,0,0,0,0,0,0
credit_classification_train_004429,280000,28,-1,2,-1,-1,-1,2,5432,2146,1688,1226,6394,1626,0,1688,1226,7000,0,3146,0
credit_classification_train_004430,100000,38,0,0,0,2,0,0,87181,84668,83898,77260,68173,66682,4017,7121,94,2408,2513,2716,0
credit_classification_train_004431,280000,60,-1,2,2,-2,-1,-1,495,109,-780,-1170,1473,558,4,390,0,3033,558,1320,1
credit_classification_train_004432,100000,33,5,4,3,2,2,2,90822,88562,86256,87150,85636,91007,0,0,3200,0,6803,6950,1
credit_classification_train_004433,200000,41,-2,-2,-2,-2,-2,-2,20950,182,3150,0,0,0,182,3165,0,0,0,94,0
credit_classification_train_004434,80000,29,0,0,2,2,0,0,52533,56340,57022,55081,55350,55906,5120,2600,0,2200,2028,3000,0
credit_classification_train_004435,80000,24,2,0,0,0,0,0,45647,45248,33696,40092,40946,41588,2039,2000,7000,1482,2501,3082,1
credit_classification_train_004436,170000,38,0,0,0,0,0,0,71712,70194,43210,23096,23397,27817,3332,7770,5000,3000,5000,25000,0
credit_classification_train_004437,110000,26,0,0,0,0,0,0,38920,28276,25171,26200,26567,26990,1700,1800,1750,1100,1000,1000,0
credit_classification_train_004438,300000,27,1,-1,-1,-2,-2,-2,0,5215,0,0,0,0,5215,0,0,0,0,0,0
credit_classification_train_004439,440000,28,-2,-2,-2,-2,-2,-2,8325,-4341,-15641,7059,-4220,-16370,0,752,34000,284,3650,52719,0
credit_classification_train_004440,70000,23,2,3,2,2,0,0,64655,63031,64440,62816,63473,65112,0,3000,0,2300,2661,2035,0
credit_classification_train_004441,30000,25,0,0,-2,-2,-2,-2,7833,0,0,0,0,0,0,0,0,0,0,0,0
credit_classification_train_004442,130000,34,2,2,2,0,0,0,126749,135867,132249,132416,131959,128375,11243,0,5600,5150,5100,4512,1
credit_classification_train_004443,140000,27,0,0,0,2,2,2,34229,35262,38079,37167,41146,40332,1583,3400,0,4600,0,2000,0
credit_classification_train_004444,120000,34,-1,-1,-1,-1,-1,-1,856,856,856,856,856,856,856,856,856,856,856,2664,0
credit_classification_train_004445,50000,27,0,0,0,0,0,0,17541,18716,19098,3291,1855,540,1762,1144,66,37,158,390,0
credit_classification_train_004446,80000,52,1,2,2,2,2,0,82904,80954,80070,74172,68002,58032,0,7000,4007,0,3000,3000,0
credit_classification_train_004447,360000,38,-2,-2,-2,-2,-2,-2,12325,14118,38645,5235,4710,6392,14123,38722,5235,4710,6392,12576,0
credit_classification_train_004448,170000,32,1,-2,-1,2,2,-2,-1000,-1000,1000,1000,0,0,0,2000,0,0,0,0,0
credit_classification_train_004449,140000,24,2,-1,-1,-1,-1,-1,1536,696,696,696,696,696,696,696,696,696,696,696,1
credit_classification_train_004450,70000,39,2,2,2,2,2,2,33521,36303,37424,38512,37596,39877,3350,2000,2000,0,3055,1700,1
credit_classification_train_004451,180000,32,0,0,0,0,0,0,20730,17107,35884,31057,29052,25933,1582,30000,1000,1000,1000,1000,0
credit_classification_train_004452,380000,46,1,-2,-1,-1,-1,-1,0,0,224,4034,0,2062,0,224,4034,0,2062,0,0
credit_classification_train_004453,50000,27,2,2,2,2,2,0,48407,47760,45064,45744,43123,42343,2100,0,3400,0,1528,3038,1
credit_classification_train_004454,370000,35,0,0,0,0,0,0,201666,200757,192231,187486,191019,186529,7094,8500,6983,6500,7150,7000,0
credit_classification_train_004455,240000,44,0,0,0,0,0,0,47315,34623,34347,36082,32957,18797,3000,3500,9700,4000,6300,3000,0
credit_classification_train_004456,70000,30,0,0,0,0,2,0,68971,69872,66932,69043,70252,55732,2700,3100,3900,2500,2500,2500,1
credit_classification_train_004457,80000,41,1,-2,-2,-2,-2,-2,0,0,0,0,0,0,0,0,0,0,0,0,0
credit_classification_train_004458,60000,27,1,-1,-1,-1,0,0,0,3947,5691,21001,17931,2439,3947,5691,21028,0,0,841,0
credit_classification_train_004459,420000,29,-2,-2,-1,0,0,0,392,396,47581,48070,47523,45834,400,47581,1715,1700,1850,2000,0
credit_classification_train_004460,30000,51,0,0,-1,-1,-1,-1,11860,6846,7090,2680,390,0,1000,7090,2680,390,0,780,0
credit_classification_train_004461,180000,23,0,0,0,0,0,0,6825,4094,4268,5423,6423,7404,2015,3000,3000,1000,1814,3000,0
credit_classification_train_004462,260000,33,-2,-2,-2,-2,-2,-2,0,263,0,1368,101,955,263,0,1368,101,955,0,0
credit_classification_train_004463,10000,24,0,0,0,0,0,-2,7521,8519,8142,8235,0,0,1145,1148,1021,0,0,0,0
credit_classification_train_004464,20000,53,0,0,0,0,0,0,13605,14629,15640,15950,16130,17011,1249,1260,570,436,1150,1000,0
credit_classification_train_004465,30000,35,2,0,0,2,2,2,18915,20290,24727,24031,25579,25030,2000,5100,0,1949,0,912,1
credit_classification_train_004466,180000,27,2,2,2,2,2,0,81044,78403,58083,58244,56041,50816,2600,0,4700,0,2500,1092,1
credit_classification_train_004467,360000,34,-1,-1,-1,-1,-1,-1,3821,1937,944,1219,2216,1440,1937,944,1219,2216,2000,648,0
credit_classification_train_004468,180000,37,0,0,0,0,-2,-2,175287,180811,184389,-261,-261,-261,8440,8500,174,0,0,0,0
credit_classification_train_004469,420000,33,-2,-2,-2,-2,-2,-2,6135,-2314,-3859,172,3859,8274,51,0,4031,3859,5000,0,1
credit_classification_train_004470,180000,32,0,0,0,0,0,0,4480,7354,6930,6090,2435,2074,3000,3000,2018,1200,1500,3000,0
credit_classification_train_004471,210000,41,0,0,-1,-1,-2,-2,59071,58830,364,-649,-649,-649,2000,17864,569,0,0,1000,0
credit_classification_train_004472,220000,46,3,2,2,0,0,0,249449,243517,228368,224414,196229,190050,9501,0,10000,7200,7001,6900,0
credit_classification_train_004473,30000,23,0,0,0,0,0,0,26725,28289,29489,30237,30504,29771,2000,2000,1502,1112,1100,2000,0
credit_classification_train_004474,340000,39,0,0,2,2,0,0,177237,188765,193224,192578,195073,206924,16100,9000,4000,7200,15200,0,0
credit_classification_train_004475,70000,40,1,2,0,0,0,0,79237,71627,73326,69645,19799,-1,0,2986,20150,500,0,0,0
credit_classification_train_004476,20000,30,0,0,0,0,0,0,39508,16063,17090,17506,17924,18526,2546,1300,700,700,900,600,0
credit_classification_train_004477,260000,31,-1,-1,-1,-1,-1,-1,500,0,832,0,284,463,0,832,0,284,463,0,1
credit_classification_train_004478,180000,40,-1,-1,-1,-2,-2,-2,4289,1000,0,0,0,0,1000,0,0,0,0,10443,0
credit_classification_train_004479,230000,51,0,0,0,0,0,0,197993,84076,77766,70066,62865,55311,2965,3500,2600,2500,1901,2370,0
credit_classification_train_004480,480000,38,-2,-2,-1,0,0,0,5619,7600,123988,177054,273429,293157,7600,123988,60000,100000,24250,12735,0
credit_classification_train_004481,180000,32,-2,-2,-2,-2,-2,-2,0,0,0,0,0,0,0,0,0,0,0,0,0
credit_classification_train_004482,110000,26,0,0,0,0,0,0,109386,99100,50827,51834,52921,54013,2432,3686,1850,1917,1968,1950,0
credit_classification_train_004483,150000,25,-2,-2,-2,-2,-2,-2,36215,6105,1076,0,3113,0,6105,1084,0,3113,0,0,0
credit_classification_train_004484,20000,48,-1,2,2,-1,0,-1,780,780,390,780,390,1735,390,0,780,0,1735,0,0
credit_classification_train_004485,50000,55,0,0,0,0,0,0,37234,37942,38003,11625,18442,9743,1963,2025,562,339,1200,600,0
credit_classification_train_004486,20000,22,0,0,0,0,0,0,4341,5356,6376,7382,7375,7531,1245,1265,1271,264,275,900,0
credit_classification_train_004487,230000,45,0,0,-1,-1,-2,-2,30099,20069,1000,0,0,0,1000,1000,0,0,0,62130,0
credit_classification_train_004488,110000,53,-2,-2,-2,-2,-2,-2,1457,745,0,0,0,0,745,0,0,0,0,0,0
credit_classification_train_004489,50000,24,0,0,0,0,0,0,43219,35137,25862,12468,12381,12683,2400,1900,2400,250,500,0,0
credit_classification_train_004490,500000,39,-1,-1,-1,-1,-1,-1,36550,18752,22376,39018,4233,397,18795,22398,39041,4233,397,28337,0
credit_classification_train_004491,200000,29,0,0,0,0,0,-1,46139,59923,44974,30844,15833,15833,30000,1300,2000,1000,16332,15833,0
credit_classification_train_004492,420000,44,0,0,0,0,0,0,13620,13002,9180,13965,10245,20199,2000,5000,5000,5000,10000,10000,0
credit_classification_train_004493,220000,30,0,0,0,0,2,0,162105,170592,173969,183030,181385,174107,10000,5013,10626,52,5255,4222,1
credit_classification_train_004494,280000,28,-2,-2,-2,-2,-2,-2,17795,4117,1199,247,0,1896,4125,1201,249,0,1896,548,0
credit_classification_train_004495,360000,73,-2,-2,-2,-2,-2,-2,0,0,0,0,0,0,0,0,0,0,0,0,1
credit_classification_train_004496,80000,34,0,0,0,0,0,0,66122,92131,47655,43182,44332,45440,2600,4300,2000,2000,2000,2000,0
credit_classification_train_004497,50000,23,-1,-1,-1,-1,0,-1,1050,1050,974,1224,1224,1025,1050,974,1300,1050,1025,1050,0
credit_classification_train_004498,140000,28,2,2,2,2,2,2,115019,115647,121304,122331,125296,127788,4000,9000,4500,5000,4639,0,1
credit_classification_train_004499,120000,26,-1,-1,-1,-1,-1,-1,2897,481,721,444,710,1920,485,721,444,710,1920,0,0
credit_classification_train_004500,180000,43,1,-1,-1,-1,-2,-2,0,8016,1200,0,0,0,8016,1200,0,0,0,0,0
credit_classification_train_004501,60000,27,-1,-1,-1,-1,-1,2,3136,1286,1047,-239,1475,1289,1286,1047,0,3000,0,0,0
credit_classification_train_004502,60000,26,2,2,2,2,2,2,55892,56685,55208,59175,60218,55447,2300,0,5000,2511,6,3000,0
credit_classification_train_004503,360000,46,0,-1,0,0,0,0,42094,10594,31532,46342,56571,65268,10600,30000,20000,15000,10000,10000,0
credit_classification_train_004504,60000,24,0,0,0,2,0,0,57693,55760,59007,56492,57565,56569,2700,4800,0,2100,2200,2500,0
credit_classification_train_004505,50000,28,0,0,0,-1,-1,-1,44476,45984,20972,16359,1340,0,2869,1527,16408,1444,0,0,0
credit_classification_train_004506,180000,29,0,0,0,0,0,0,122024,123228,120339,122743,124893,126390,4500,4300,4200,4487,4087,3700,0
credit_classification_train_004507,210000,27,-1,-1,-1,-1,-1,-1,1856,8657,10371,0,2700,2278,8657,10427,0,2700,2278,2900,0
credit_classification_train_004508,20000,48,2,2,0,0,0,0,14246,13727,14725,15018,15338,15242,0,1238,531,555,547,533,1
credit_classification_train_004509,70000,51,2,2,2,2,2,2,43913,44911,45772,46611,47508,48476,2000,1900,1900,1800,1900,1900,0
credit_classification_train_004510,30000,22,0,0,0,2,3,2,8679,9570,11238,9453,9022,8237,1190,1858,800,0,0,500,1
credit_classification_train_004511,60000,26,-1,-1,2,0,-1,2,1396,1653,392,502,962,422,1700,0,500,1000,0,20417,0
credit_classification_train_004512,30000,22,1,2,0,0,0,0,27332,26600,27832,26897,27278,27851,0,2006,2000,1100,1137,1300,0
credit_classification_train_004513,310000,29,-2,-2,-2,-2,-2,-2,976,-7,-7,-7,1440,3079,0,0,0,1447,3094,0,0
credit_classification_train_004514,190000,48,0,0,0,0,0,0,210612,206806,203803,167103,163528,162555,7496,9144,5972,5858,6174,6047,0
credit_classification_train_004515,230000,40,0,0,0,0,0,0,72742,73256,66321,66271,62401,61510,5000,4023,5000,5000,5267,3000,0
credit_classification_train_004516,110000,32,1,-1,0,0,0,-2,0,1670,11693,7903,-18,-18,1670,10200,0,0,0,0,0
credit_classification_train_004517,100000,29,0,0,0,0,-1,-1,94453,95860,67782,-2618,95748,101299,3320,5000,0,100000,7186,0,0
credit_classification_train_004518,180000,44,1,-1,-1,-1,-1,-1,2788,5646,13647,30848,15520,558,5646,13901,30848,15520,558,26733,0
credit_classification_train_004519,50000,22,0,0,0,0,0,0,47718,48719,47725,46467,14767,15085,2106,2200,2000,1000,700,800,0
credit_classification_train_004520,140000,36,0,0,0,0,0,2,59693,61732,62411,64372,70015,68745,3000,2300,3000,6700,0,3000,0
credit_classification_train_004521,100000,22,2,0,0,0,0,0,72222,73859,75427,76587,78711,80510,3400,3400,3000,3500,3200,2000,0
credit_classification_train_004522,20000,33,2,0,0,0,0,-2,20500,16237,20960,6914,1017,780,2191,1000,0,1017,780,6380,1
credit_classification_train_004523,90000,56,-1,-1,-1,-1,-1,-1,1160,4701,13878,6556,2947,4808,4701,13882,6556,2947,4808,3131,0
credit_classification_train_004524,290000,27,-1,-1,0,0,0,0,168,569,1401,1503,834,931,569,1000,1000,200,265,500,0
credit_classification_train_004525,140000,27,0,0,0,0,0,0,126771,132730,124689,105447,106704,97725,10000,5000,5000,5000,5000,5000,0
credit_classification_train_004526,170000,36,-2,-2,-2,-2,-2,-2,5470,1701,18406,-979,-1304,2371,2000,19000,0,0,4000,15000,0
credit_classification_train_004527,80000,23,1,-1,2,-1,-1,-1,998,6858,1879,1145,7328,3703,6861,11,1146,7329,3704,426,0
credit_classification_train_004528,280000,40,1,2,0,0,0,0,238094,228523,191098,160149,154421,156022,0,8000,6000,5000,10000,5000,0
credit_classification_train_004529,260000,38,0,-1,-1,-1,-1,0,3953,3953,3953,3953,16466,14246,3953,3953,3953,16466,2000,5217,0
credit_classification_train_004530,470000,43,-2,-2,-2,-2,-2,-2,5631,404,-3,-3,352,0,404,0,0,355,0,2090,0
credit_classification_train_004531,300000,38,-1,-1,-1,2,-1,2,2984,-46,154,154,1626,976,0,200,0,1626,0,0,1
credit_classification_train_004532,760000,54,0,0,0,0,0,0,447670,455970,462497,469931,474421,480598,20011,19500,19019,18003,20000,22000,0
credit_classification_train_004533,150000,40,-2,-2,-2,-2,-2,-2,0,0,0,0,0,4095,0,0,0,0,4095,0,0
credit_classification_train_004534,20000,22,0,0,0,0,0,-1,38391,20305,7992,13524,19320,8430,2608,2000,11200,9386,14500,10800,1
credit_classification_train_004535,10000,23,2,2,3,3,3,3,1050,1050,1050,1050,1050,1050,0,0,0,0,0,0,1
credit_classification_train_004536,50000,44,0,0,-2,-2,-2,-2,49644,0,0,0,0,0,0,0,0,0,0,0,0
credit_classification_train_004537,180000,39,0,0,0,0,0,0,24068,25071,26103,27113,27495,27914,1706,1738,1748,1130,1011,1016,0
credit_classification_train_004538,20000,24,2,3,2,2,2,2,12764,12267,13266,12756,13801,13439,0,1500,0,1259,0,1200,1
credit_classification_train_004539,120000,30,0,0,0,0,0,0,53456,53862,39505,45373,46641,47569,2058,1672,10000,2000,1704,1920,0
credit_classification_train_004540,50000,25,0,-1,2,0,0,0,1552,2452,1878,1482,326,-70,2452,0,0,0,0,3000,1
credit_classification_train_004541,110000,27,0,0,0,0,0,0,113461,112026,111792,111936,112030,111975,4251,4218,4167,4238,4181,4246,0
credit_classification_train_004542,100000,58,0,0,0,0,0,0,101249,101476,94893,101301,101451,99319,3642,4230,10000,3582,5000,4133,0
credit_classification_train_004543,270000,32,0,0,0,0,0,0,47116,47771,51414,52993,54962,56523,2000,5000,3000,4000,3000,3000,0
credit_classification_train_004544,80000,27,0,-1,-1,-2,-2,-2,56720,5958,4303,3850,0,0,5958,4321,3869,0,0,0,1
credit_classification_train_004545,140000,37,0,0,0,0,0,0,10025,9787,8127,8850,9262,5789,2000,1000,2000,2000,1000,2000,0
credit_classification_train_004546,80000,38,0,0,0,0,0,0,29249,28795,27006,23705,18275,18104,1800,1550,1244,751,612,667,0
credit_classification_train_004547,180000,39,0,0,0,0,0,0,119466,120491,124553,127096,128992,131660,4500,6000,6100,5500,4900,5500,0
credit_classification_train_004548,50000,29,1,2,2,2,2,2,14497,13975,25731,26112,26548,25970,0,12000,1100,1000,0,2500,0
credit_classification_train_004549,90000,58,-2,-2,-2,-2,-2,-2,5563,0,0,0,0,0,0,0,0,0,0,5156,0
credit_classification_train_004550,30000,35,0,0,2,2,2,0,20290,24727,24031,25579,25030,25526,5100,0,1949,0,912,2100,1
credit_classification_train_004551,100000,26,0,0,0,0,0,0,96353,99710,102093,97701,99322,98787,4900,5000,4000,3800,3710,4100,0
credit_classification_train_004552,390000,28,0,0,0,0,0,0,64440,67503,68566,65411,66597,57361,5000,5007,5000,5000,5000,2000,0
credit_classification_train_004553,350000,45,-1,-1,-1,-1,-1,-1,291,291,291,291,291,291,291,291,291,291,291,291,0
credit_classification_train_004554,180000,24,0,0,0,0,0,0,182545,177885,182341,126946,127013,122277,9000,9300,4600,5000,5000,5000,0
credit_classification_train_004555,80000,33,0,0,2,2,2,2,30013,33514,34662,35784,37065,36320,4000,2000,2000,2000,0,3600,0
credit_classification_train_004556,350000,36,-1,-1,-1,-1,0,-1,655,23524,-3626,6531,4440,750,23537,5,10971,0,750,0,0
credit_classification_train_004557,290000,29,0,0,0,0,0,0,264929,261675,263204,263612,259786,208000,12324,10508,8530,8777,7421,8002,0
credit_classification_train_004558,100000,29,-1,-1,-1,-2,-2,-2,600,600,0,0,0,0,600,0,0,0,0,0,0
credit_classification_train_004559,470000,33,0,0,0,0,0,0,165254,157784,162702,69923,29271,29889,6400,7566,3000,960,1000,3000,0
credit_classification_train_004560,300000,38,-1,-1,-2,-2,-2,-2,2285,0,0,0,0,0,0,0,0,0,0,0,0
credit_classification_train_004561,60000,25,0,0,0,0,0,0,57530,59869,59942,28934,27461,28504,3869,2742,1200,1461,1504,1683,0
credit_classification_train_004562,30000,27,0,0,0,0,0,0,29063,28601,28503,27525,27630,0,1908,1200,2,835,0,0,0
credit_classification_train_004563,260000,60,1,-2,-1,-1,-1,-1,-1100,-1100,21400,0,969,869,0,22500,0,969,1000,0,0
credit_classification_train_004564,20000,28,1,2,2,2,0,0,15764,15718,17164,16594,18158,19554,500,2000,0,2000,1700,0,0
credit_classification_train_004565,500000,43,-2,-2,-2,-2,-2,-2,10330,12320,12209,16727,17738,14117,12320,12209,16727,17744,14117,11691,0
credit_classification_train_004566,50000,34,0,0,0,0,2,0,49135,49209,36372,30305,29742,30556,1971,2000,3342,0,1400,1000,0
credit_classification_train_004567,70000,27,2,2,2,2,2,2,27241,30416,29628,32350,33218,32532,3628,0,3218,1532,0,2257,1
credit_classification_train_004568,390000,37,0,0,0,0,0,0,200927,200612,202794,191419,81360,66864,17843,8315,6839,3000,2348,2401,0
credit_classification_train_004569,50000,30,0,0,0,0,0,2,14811,16262,17286,17895,19450,18990,2000,1600,1200,2000,0,1000,0
credit_classification_train_004570,60000,30,-1,-1,-1,-1,-1,-1,264,264,264,264,264,264,264,264,264,264,264,0,1
credit_classification_train_004571,50000,25,-1,2,0,0,0,0,6806,6552,7561,7712,7936,47743,0,1125,276,348,40000,1151,1
credit_classification_train_004572,470000,40,2,0,0,0,0,0,241153,204223,151253,138087,109094,106004,10000,5214,4500,5000,4200,5000,1
credit_classification_train_004573,120000,25,1,-2,-1,-1,-1,-2,0,0,12162,1553,0,0,0,12162,1553,0,0,0,1
credit_classification_train_004574,50000,39,0,0,0,0,0,0,26813,22999,17485,10588,8368,940,1708,1454,289,1508,1042,0,0
credit_classification_train_004575,240000,40,-1,-1,-1,-1,-1,-1,326,326,326,326,326,326,326,326,326,326,326,326,0
credit_classification_train_004576,50000,26,0,0,0,0,0,2,40959,41996,43296,44187,49132,48191,2000,2000,1608,5684,0,2000,0
credit_classification_train_004577,20000,27,0,0,0,0,0,0,18860,17904,15300,12776,3585,0,1360,1206,256,72,0,0,0
credit_classification_train_004578,20000,34,0,0,0,0,0,0,36773,17288,16212,17567,16089,20743,3210,2000,1600,871,5214,300,0
credit_classification_train_004579,80000,25,0,0,0,0,0,0,40764,41765,42251,46475,48156,50419,2000,1776,5000,3000,5000,2500,0
credit_classification_train_004580,200000,28,0,0,0,0,0,0,52935,51971,51341,49090,50009,51076,2500,2200,2500,3500,3000,3000,0
credit_classification_train_004581,150000,39,1,2,2,0,0,2,21019,19890,19271,19037,20448,19345,1602,0,1000,1709,0,1000,0
credit_classification_train_004582,240000,26,0,0,0,0,0,0,138859,136521,135459,117308,107928,103799,5308,4915,4100,4000,4002,4000,1
credit_classification_train_004583,280000,53,0,0,0,0,0,-1,278127,42518,31900,21342,11500,2000,1700,1500,1400,2000,2000,2900,1
credit_classification_train_004584,30000,27,2,0,0,0,0,0,23575,24584,25885,26851,26808,27599,1400,1700,1900,557,1000,2000,0
credit_classification_train_004585,230000,26,1,-2,-2,-2,-2,-2,0,0,0,0,0,0,0,0,0,0,0,8618,0
credit_classification_train_004586,260000,43,-1,-1,-2,-2,-1,-1,1350,0,0,0,760,0,0,0,0,760,0,935,0
credit_classification_train_004587,110000,33,0,0,0,0,0,0,107028,106818,108730,112035,48492,43413,4000,3783,6488,4850,2000,6446,0
credit_classification_train_004588,20000,27,0,0,2,0,0,0,20184,20702,20057,19583,19991,20446,2950,2,687,709,965,559,1
credit_classification_train_004589,160000,25,1,-1,2,2,-2,-2,0,10139,7858,0,0,0,10139,0,0,0,0,0,1
credit_classification_train_004590,470000,37,0,0,0,0,0,0,134561,226498,165474,120644,119006,110780,150055,7046,10000,15029,15017,10023,0
credit_classification_train_004591,330000,35,-2,-2,-2,-2,-2,-2,1663,0,0,0,29221,3194,0,0,0,29221,3194,0,0
credit_classification_train_004592,90000,29,0,0,0,0,0,0,85769,87877,89766,63793,24265,25713,3535,3703,2085,1026,2000,2000,0
credit_classification_train_004593,140000,54,1,-2,-2,-2,-2,-2,-150,-150,-150,-150,-150,-150,0,0,0,0,0,0,1
credit_classification_train_004594,330000,50,-2,-2,-2,-2,-2,-2,5600,0,98,0,0,318,0,98,0,0,318,452,0
credit_classification_train_004595,40000,48,0,0,0,0,0,0,34871,34449,33634,34586,34762,35673,1600,1600,1500,1500,1500,1500,0
credit_classification_train_004596,440000,27,-1,0,0,0,0,0,25154,27028,29098,21447,13547,16008,10011,5052,3163,5010,5000,5000,0
credit_classification_train_004597,50000,26,0,0,2,0,0,0,39052,44416,43407,44382,45672,46758,6000,0,2000,2000,2000,2000,0
credit_classification_train_004598,440000,34,0,0,0,0,0,0,267475,237324,186359,119829,87068,23533,10506,8833,5456,2519,875,1018,0
credit_classification_train_004599,150000,29,0,0,-1,0,0,0,3559,4724,2629,2584,1371,0,1222,2634,1008,506,0,0,0
credit_classification_train_004600,150000,35,-1,-1,-1,-1,-1,0,13059,11526,18301,15858,2744,2144,11526,18305,15861,2744,0,19682,0
credit_classification_train_004601,100000,26,-1,0,0,0,0,0,53743,52320,46686,44497,44674,42653,3000,2500,3000,2000,5000,2600,0
credit_classification_train_004602,30000,23,0,0,0,2,0,0,10805,10527,12443,11949,12107,12907,1184,2100,0,500,1000,0,0
credit_classification_train_004603,50000,35,1,-1,-1,-1,-2,-2,0,1118,667,0,0,0,1118,673,0,0,0,0,0
credit_classification_train_004604,140000,36,0,0,0,0,0,0,127496,128675,131640,134183,91772,94290,5000,5041,5000,4000,4000,4000,0
credit_classification_train_004605,220000,35,0,0,0,0,0,0,158882,164258,161778,165741,175823,29765,8000,5669,7599,14800,2303,2000,0
credit_classification_train_004606,50000,25,0,0,2,0,0,0,20123,19184,16834,15970,14502,12671,2880,0,1166,452,451,370,0
credit_classification_train_004607,50000,24,1,3,3,2,2,0,53890,54084,52026,51899,50836,47828,2200,0,1800,105,2300,1600,0
credit_classification_train_004608,350000,30,0,0,0,0,0,0,43548,39873,52449,53581,45320,43421,15000,15000,6000,1013,1445,5000,0
credit_classification_train_004609,60000,35,0,0,0,0,2,0,34604,35625,36701,39048,37269,38000,1900,1953,3300,0,1430,1300,0
credit_classification_train_004610,240000,36,0,0,0,0,0,0,232031,226221,222929,215858,210887,205828,8193,9000,6600,6400,6382,5994,0
credit_classification_train_004611,280000,30,-1,-1,-1,-1,-1,-1,651,1650,651,651,651,651,1650,651,651,651,651,0,0
credit_classification_train_004612,130000,29,-1,-1,0,0,0,-1,13194,9403,15383,9189,8499,1738,9403,10007,184,170,1738,5256,0
credit_classification_train_004613,230000,44,-1,-1,-1,-1,-1,-1,1424,6534,3733,1443,1443,1435,6553,3756,1443,1443,1435,2965,0
credit_classification_train_004614,490000,35,2,2,0,0,0,0,427020,370428,337432,286247,256618,188154,0,13932,11771,10187,8013,7014,1
credit_classification_train_004615,260000,28,1,-2,-1,-1,-2,-2,0,0,355,2165,2165,0,0,355,2835,335,335,335,0
credit_classification_train_004616,130000,43,-1,-1,-1,-1,-1,-1,1261,1705,0,1261,13161,390,1705,817,1261,13161,390,390,0
credit_classification_train_004617,50000,22,0,0,0,0,0,0,41940,41811,35920,19987,18971,18654,1748,1253,2504,1004,1509,4495,1
credit_classification_train_004618,200000,32,0,0,0,0,0,0,166428,157908,150977,140358,130373,131885,6026,6007,5000,5000,5000,6000,0
credit_classification_train_004619,320000,46,-2,-2,-2,-1,-1,-2,3266,12186,1403,24305,7463,1957,12253,3290,11465,7537,1966,2987,0
credit_classification_train_004620,200000,44,0,0,0,0,2,0,66689,65515,49492,51802,38896,36436,2362,1706,4185,15,1537,1064,0
credit_classification_train_004621,20000,50,1,-1,-1,-1,2,-1,0,390,181,891,501,1051,780,181,1100,0,1100,4030,0
credit_classification_train_004622,50000,50,0,0,0,0,0,0,49068,47947,49293,41941,39643,39273,1848,2194,1842,1544,1396,1420,0
credit_classification_train_004623,20000,22,0,0,0,2,2,2,15034,16285,20498,19509,20038,18982,1500,4500,0,1600,0,1000,0
credit_classification_train_004624,240000,55,2,0,0,0,2,0,72188,74270,75959,80473,78883,80625,3000,3200,6100,0,2900,3000,0
credit_classification_train_004625,500000,30,-1,-1,-1,-1,0,0,16558,10998,4405,9274,10642,11986,11075,4405,9274,4000,5000,53918,0
credit_classification_train_004626,70000,24,0,0,0,0,0,0,75894,70947,59783,18965,15936,1518,10004,3012,1000,1000,1518,20911,0
credit_classification_train_004627,30000,45,1,2,2,2,0,0,29334,28198,29497,28268,30817,17219,0,2457,0,3000,344,0,0
credit_classification_train_004628,10000,23,0,0,0,0,0,0,7787,8412,9450,9414,5354,5275,1299,1337,1081,191,375,0,0
credit_classification_train_004629,50000,33,0,0,0,0,0,0,48058,49348,41707,29358,29860,30461,2097,1456,1200,1100,1076,1200,1
credit_classification_train_004630,140000,55,0,0,0,0,0,0,78314,81049,82810,83544,85692,87425,4000,4000,3000,3500,3158,8000,0
credit_classification_train_004631,130000,27,0,0,0,-2,-2,-2,71668,47836,0,0,0,0,2000,0,0,0,0,0,0
credit_classification_train_004632,50000,28,-1,-1,-1,-1,-1,-1,5953,1044,2450,248,198,0,1044,2450,248,198,0,2890,0
credit_classification_train_004633,150000,35,-1,2,-1,2,-1,-1,1877,709,2264,1143,163,2036,0,2264,0,163,2036,0,0
credit_classification_train_004634,120000,47,-1,-1,3,2,0,0,632,948,948,632,632,316,948,0,0,316,0,466,1
credit_classification_train_004635,30000,38,0,0,0,0,2,0,22070,23075,24124,27012,26279,26831,1676,1725,3613,0,975,980,0
credit_classification_train_004636,20000,54,0,0,0,0,0,0,10618,12135,16878,19624,20036,18309,2000,5000,3000,689,1000,2000,0
credit_classification_train_004637,60000,31,-1,0,-1,2,2,2,2631,3610,855,111,411,261,2000,900,0,300,0,6500,1
credit_classification_train_004638,20000,31,0,0,0,0,0,0,7222,13627,11974,11467,10469,9380,10009,2004,5013,3010,3690,4384,0
credit_classification_train_004639,80000,54,0,0,0,0,0,0,78294,79247,74954,79356,48981,46848,3500,5608,8000,1205,1500,2000,1
credit_classification_train_004640,60000,49,2,0,0,0,0,0,60289,57426,25820,25793,28224,28968,1580,1500,1100,3000,1200,1100,1
credit_classification_train_004641,200000,23,0,0,-2,-2,-2,-2,61650,0,0,0,0,0,0,0,0,0,0,0,1
credit_classification_train_004642,150000,43,-1,-1,-1,-1,-1,-1,6940,6200,6962,9301,9266,6441,6200,6962,9301,9266,6441,6706,0
credit_classification_train_004643,170000,27,-2,-2,-2,-2,-2,-2,106,18719,30000,0,0,1532,18719,30000,0,0,1532,0,1
credit_classification_train_004644,140000,40,0,0,0,0,0,0,67371,69027,56175,57666,59604,62480,3100,3888,2800,2800,3800,3000,0
credit_classification_train_004645,90000,27,2,0,0,0,0,2,27459,28514,29733,30138,33248,32564,1800,2000,1200,3600,0,2000,1
credit_classification_train_004646,200000,35,0,0,0,0,0,0,65503,66805,68726,70586,72409,73926,2394,3000,3000,3000,2685,2100,0
credit_classification_train_004647,150000,30,-2,-2,-2,-2,-2,-2,12516,5568,6106,4357,0,0,5568,6106,4357,0,0,0,0
credit_classification_train_004648,50000,29,2,0,0,0,0,0,48259,48740,26953,27860,28420,29045,1726,1500,1376,936,1000,1100,1
credit_classification_train_004649,280000,35,0,0,0,0,0,0,278948,278433,277620,275495,270350,260554,10609,10470,10002,9948,9475,9239,0
credit_classification_train_004650,50000,26,3,2,2,2,2,0,27056,27031,28317,28568,27302,28171,700,2062,969,700,1500,1500,1
credit_classification_train_004651,210000,53,-1,-1,-1,-1,-1,-1,6060,5934,9303,10976,2543,3483,5983,9331,11008,2550,3493,1308,0
credit_classification_train_004652,100000,29,2,0,0,0,0,0,42440,43303,35304,33365,29260,30073,1599,2000,1500,1500,1300,4000,1
credit_classification_train_004653,50000,46,0,0,0,0,0,0,36165,15054,15414,16349,15800,14719,1600,1300,2000,600,1000,700,0
credit_classification_train_004654,120000,50,0,0,0,0,0,0,118492,119637,102228,75558,47536,44749,6141,4474,2647,1367,1322,1500,0
credit_classification_train_004655,130000,29,0,0,2,0,0,0,34529,52868,51457,60045,47696,43677,19000,0,10000,10000,10000,10000,0
credit_classification_train_004656,320000,44,1,-2,-2,-2,-2,-2,0,0,0,0,0,0,0,0,0,0,0,0,0
credit_classification_train_004657,50000,37,0,0,0,0,0,0,15175,16505,17516,17926,18487,19029,1579,1590,1000,1000,1000,1200,0
credit_classification_train_004658,240000,36,0,0,0,0,0,0,7283,5266,5113,7113,7113,4178,1263,1000,2000,2500,2000,5000,0
credit_classification_train_004659,30000,59,0,0,0,0,0,0,29272,29096,22088,21624,21833,18174,1404,1268,694,866,695,838,0
credit_classification_train_004660,140000,26,0,0,0,0,0,0,101551,105246,104781,105334,107699,106828,5366,5087,3605,3894,3785,3304,1
credit_classification_train_004661,360000,35,-2,-2,-2,-2,-2,-2,-9,-9,-9,-9,1943,2500,0,0,0,1952,2500,0,1
credit_classification_train_004662,240000,45,-2,-2,-2,-2,-2,-2,103344,0,0,0,0,0,0,0,0,0,0,73826,0
credit_classification_train_004663,270000,36,-2,-2,-2,-2,-2,-2,3291,0,0,0,0,0,0,0,0,0,0,0,0
credit_classification_train_004664,10000,24,-2,-2,-2,-1,0,0,-2,-391,-781,9211,9422,8853,0,0,10500,500,500,1000,0
credit_classification_train_004665,340000,33,1,-2,-2,-2,-2,-2,0,0,0,0,0,0,0,0,0,0,0,0,1
credit_classification_train_004666,50000,51,0,0,0,0,0,0,25577,26352,16846,17562,18275,18711,1269,1284,1000,1000,740,1000,0
credit_classification_train_004667,400000,49,1,2,2,-2,-2,-2,9279,7419,0,3378,0,590,0,0,3378,0,590,2951,0
credit_classification_train_004668,20000,26,1,2,0,0,0,0,15397,10403,7207,7351,7512,8380,0,1500,264,280,1000,813,0
credit_classification_train_004669,310000,39,-1,-1,-1,-1,-1,-1,16577,1361,2716,824,757,842,1361,3146,824,757,842,13436,0
credit_classification_train_004670,20000,22,0,0,0,0,0,0,16001,12622,13221,13130,14034,14906,1212,1201,500,1500,1500,1000,0
credit_classification_train_004671,360000,49,1,-1,-1,-1,-1,-1,-3,630,1019,320,5817,907,633,1030,321,5846,911,6965,0
credit_classification_train_004672,130000,34,0,0,0,0,0,0,31179,30569,28659,26952,15852,0,2002,1400,600,1000,0,0,0
credit_classification_train_004673,360000,27,-2,-2,-2,-2,-2,-2,1189,-11,-11,-11,-11,2339,0,0,0,0,2350,766,0
credit_classification_train_004674,30000,41,0,0,0,0,0,0,22346,26357,29043,29419,29848,29306,8816,4021,2000,5000,6000,6000,0
credit_classification_train_004675,50000,41,5,4,3,2,0,0,54090,52955,51847,50307,27707,28479,0,0,0,0,974,31100,1
credit_classification_train_004676,420000,32,-2,-2,-2,-2,-2,-1,11728,8860,4829,12181,7597,17772,8904,4866,12241,7635,17858,10057,0
credit_classification_train_004677,390000,39,-1,-1,-1,-1,-1,0,827,827,827,1036,15209,15156,827,827,1036,15000,1000,1000,0
credit_classification_train_004678,20000,23,0,0,2,0,0,-2,16831,20404,19621,14051,0,0,4183,0,281,0,0,0,1
credit_classification_train_004679,30000,26,2,2,2,2,2,2,30954,30670,29856,30584,27883,29334,2074,0,2304,0,2400,0,0
credit_classification_train_004680,30000,29,1,2,0,0,0,2,16493,15545,16557,16857,18121,18375,0,1275,575,1539,700,0,1
credit_classification_train_004681,170000,27,-1,0,0,0,0,0,41977,38895,39698,38330,39602,39922,1650,4500,4000,4000,3000,3000,0
credit_classification_train_004682,500000,30,-1,-1,-1,-1,-1,-1,869,2496,1924,976,986,1200,2507,1933,980,990,1206,1069,0
credit_classification_train_004683,50000,41,-1,-1,-1,-1,-1,-1,508,672,226,390,220,320,1000,390,1000,220,640,1000,0
credit_classification_train_004684,320000,38,0,0,0,0,0,0,129416,129575,125866,130067,131128,124469,4836,4919,6246,4395,4524,4850,0
credit_classification_train_004685,420000,45,2,0,0,0,0,0,412289,414634,409078,412057,402926,373095,16272,17029,15514,15056,13707,14128,1
credit_classification_train_004686,10000,21,0,0,-2,-2,-2,-2,9900,0,0,0,0,0,0,0,0,0,0,0,1
credit_classification_train_004687,230000,28,0,0,0,0,0,0,64992,56763,58020,59580,59224,61867,2500,2500,3000,2000,4000,2000,0
credit_classification_train_004688,180000,44,0,0,0,0,0,0,97925,98817,98495,96309,98484,100319,4303,4200,3500,3700,3600,3800,0
credit_classification_train_004689,130000,29,0,0,0,0,0,0,132214,132361,128904,101785,101849,99296,5500,5904,4785,3849,4296,3139,0
credit_classification_train_004690,50000,25,0,0,0,0,0,0,49007,48847,47241,47683,46844,47537,1922,2200,2000,1400,2000,2270,1
credit_classification_train_004691,50000,31,2,2,2,2,2,2,28947,30072,30895,31589,32071,32709,1900,1600,1500,1300,1300,1500,1
credit_classification_train_004692,130000,24,0,0,-1,-1,-1,0,48764,27347,37528,2793,28865,14986,1034,37559,2805,28865,300,11083,0
credit_classification_train_004693,50000,25,0,-1,-1,-1,-1,-1,2126,1513,1246,1111,3018,5847,1513,1246,1111,3018,5847,1273,0
credit_classification_train_004694,90000,31,1,2,2,3,5,5,63276,61693,75670,83772,83401,81487,0,15000,10000,1500,0,1500,1
credit_classification_train_004695,160000,30,1,2,0,0,0,0,102867,82729,72583,60565,54651,48468,31,2609,2037,2010,2017,3012,0
credit_classification_train_004696,50000,23,-1,-1,-1,-1,0,0,350,350,400,1695,12645,12584,350,400,1695,11300,485,2400,0
credit_classification_train_004697,130000,46,2,0,0,0,0,0,79705,59716,38343,37834,37429,36991,2475,1600,1300,1400,1400,2000,0
credit_classification_train_004698,100000,28,2,0,0,0,0,0,99627,101079,69971,60824,60969,59650,3796,3041,2500,2600,2171,2600,0
credit_classification_train_004699,230000,39,-1,-1,-1,-1,-1,-1,8681,8681,8888,4932,10986,5081,8681,8888,4932,10986,5081,4321,0
credit_classification_train_004700,180000,37,-2,-2,-2,-2,-1,-1,8592,8468,1300,0,2000,0,8478,1300,0,2000,0,1659,0
credit_classification_train_004701,30000,23,2,2,2,2,2,2,11851,14416,13887,14564,15183,14790,2762,0,910,1000,0,1200,1
credit_classification_train_004702,220000,31,0,0,0,0,0,0,75451,78094,80680,81944,83963,85930,4000,4000,3000,3000,3000,3000,0
credit_classification_train_004703,240000,34,-1,-1,-1,-1,-1,-1,21027,27568,9166,6855,8089,9052,27994,9212,6949,8134,10043,28012,0
credit_classification_train_004704,360000,30,0,0,0,0,0,0,132250,132655,135959,139796,143642,147418,5000,5000,5000,5000,5000,5000,0
credit_classification_train_004705,80000,31,-1,-1,-1,-1,-1,-1,5759,8395,1768,4284,7202,2014,8414,1775,4284,7202,2014,5218,0
credit_classification_train_004706,280000,27,-1,-1,-1,-1,-1,-1,6585,4308,0,1265,1627,204,4308,0,1265,1638,204,3908,0
credit_classification_train_004707,80000,29,1,2,2,2,2,2,54033,52595,56709,55201,69270,70582,0,5000,0,15000,2600,0,0
credit_classification_train_004708,50000,32,0,0,0,0,0,2,50240,50149,50021,44924,49669,42689,6000,8000,3000,9000,0,10000,1
credit_classification_train_004709,150000,44,0,0,0,0,0,0,13786,14418,15429,15094,15525,0,1232,1243,688,825,0,0,0
credit_classification_train_004710,470000,31,-1,-1,2,-1,-1,-1,8748,2442,2272,6040,6655,1200,3500,11,6080,6688,1206,0,0
credit_classification_train_004711,300000,34,0,0,0,0,0,0,59900,62391,66156,66621,68030,70101,3500,5017,5000,2000,2500,8128,0
credit_classification_train_004712,130000,26,0,0,0,2,2,0,16435,17166,19478,19862,19403,21070,1300,2600,1000,0,2000,2000,1
credit_classification_train_004713,30000,38,4,3,4,4,4,3,17628,20024,20424,20601,19992,19392,3000,1000,786,0,0,0,1
credit_classification_train_004714,250000,41,-1,-1,-1,-1,-1,-1,9146,10906,4614,28790,4418,10676,10957,4614,28796,4418,10676,0,0
credit_classification_train_004715,240000,43,0,0,0,0,0,-2,73462,82677,76248,79684,58231,7100,65361,30646,70204,10000,7100,8318,0
credit_classification_train_004716,60000,37,0,0,0,0,0,0,57694,58656,59750,60602,53838,54609,2800,3000,2800,2100,2123,2100,0
credit_classification_train_004717,250000,45,0,0,0,0,0,0,214000,90010,78886,79845,79323,77788,3188,3282,2698,2752,2843,2511,0
credit_classification_train_004718,160000,42,1,-2,-2,-2,-2,-2,0,0,0,0,0,0,0,0,0,0,0,2535,0
credit_classification_train_004719,20000,50,0,0,0,0,0,0,16350,17382,18488,19179,19720,19822,1300,1400,1000,1000,626,300,0
credit_classification_train_004720,300000,31,-1,-1,-1,-1,-1,-1,720,0,69190,0,686,2927,0,69190,0,686,2927,2995,0
credit_classification_train_004721,100000,32,0,0,0,0,2,2,83831,85586,87289,91451,93381,89522,4000,4037,6500,3500,0,3200,0
credit_classification_train_004722,420000,29,-2,-2,-2,-2,-2,-2,4406,4595,-13,2666,1614,6066,4205,5000,2679,1622,6080,3594,0
credit_classification_train_004723,50000,37,0,0,0,0,0,0,35874,32130,34602,35172,27568,28467,1600,3000,1477,2000,1500,2500,0
credit_classification_train_004724,210000,25,0,0,0,0,0,0,96518,35523,34809,25199,25395,25692,1681,1409,886,912,1035,900,0
credit_classification_train_004725,50000,31,0,0,2,0,0,2,44970,48101,46993,47940,50903,49794,3855,0,1694,3713,2000,1900,1
credit_classification_train_004726,40000,26,1,2,2,2,2,2,39826,40690,32183,38897,40234,40536,1900,390,8000,2500,1500,0,0
credit_classification_train_004727,150000,26,0,0,2,0,0,0,22683,24349,2130,2130,32,-780,2219,0,0,0,0,0,0
credit_classification_train_004728,70000,33,2,0,0,0,0,0,49307,48214,27572,26810,20541,19234,1500,1300,1505,1000,1000,2000,1
credit_classification_train_004729,390000,38,-2,-2,-2,-2,-1,-1,241,0,0,0,739,0,0,0,0,739,0,0,1
credit_classification_train_004730,30000,37,0,-1,2,0,0,0,1197,2536,1100,710,320,-70,2600,0,0,0,0,1000,1
credit_classification_train_004731,110000,30,2,0,0,3,2,2,54404,57503,66128,64477,65413,66520,4000,9600,0,2600,2300,3000,1
credit_classification_train_004732,290000,37,-1,0,0,0,0,0,1428,2741,4029,5451,6357,7246,1500,1500,1500,1000,1000,1000,1
credit_classification_train_004733,300000,30,0,0,0,0,0,0,53377,54984,56738,57282,58575,59653,2500,2640,2080,2246,2174,3000,0
credit_classification_train_004734,250000,34,2,0,0,2,0,0,138380,141223,156858,151841,152803,155997,5136,17994,0,5469,5656,6811,0
credit_classification_train_004735,90000,41,0,0,0,0,0,0,61287,62678,63198,61633,62837,69422,3021,4236,3000,2000,7000,0,0
credit_classification_train_004736,120000,44,1,2,2,2,0,0,27500,28565,29003,28241,28933,30956,1800,1200,0,1300,2500,0,0
credit_classification_train_004737,120000,25,0,0,0,0,0,0,120633,118741,104754,79227,77751,69889,4622,3384,2589,3000,2460,1300,0
credit_classification_train_004738,290000,33,0,0,0,0,0,0,277227,279189,265077,241284,102450,104544,10681,15089,8801,7450,4544,4028,0
credit_classification_train_004739,220000,28,-1,-1,-1,-2,-2,-2,25000,25000,0,0,0,0,25000,0,0,0,0,0,0
credit_classification_train_004740,360000,49,-1,-1,-2,-2,-1,2,4698,-200,-200,0,5084,2500,0,0,200,5084,0,0,1
credit_classification_train_004741,500000,29,0,0,0,0,0,0,499452,455071,359940,345238,274743,250930,30483,15773,10393,10580,120081,10996,0
credit_classification_train_004742,30000,23,1,2,0,0,0,0,30335,29546,29826,29997,29789,29967,0,2000,1500,1000,2000,0,0
credit_classification_train_004743,360000,32,-2,-2,-2,-2,-2,-2,0,0,0,0,0,0,0,0,0,0,0,0,0
credit_classification_train_004744,420000,47,0,0,0,0,0,0,54799,53507,54678,55403,56260,57598,5000,5000,3000,3000,3000,3000,0
credit_classification_train_004745,20000,28,2,2,2,2,2,2,15522,18442,17862,19756,19143,21671,3186,0,2500,0,3000,0,1
credit_classification_train_004746,80000,32,0,0,0,2,0,0,37639,38659,43427,42421,42344,43229,1650,5400,0,1662,1717,1600,0
credit_classification_train_004747,190000,39,0,0,0,0,2,0,70396,65185,53691,56997,55956,58020,5000,2000,4200,0,3000,9000,1
credit_classification_train_004748,30000,30,1,2,2,2,2,2,4318,5096,6353,7092,7972,7702,1000,1500,1000,1000,0,1000,0
credit_classification_train_004749,20000,62,2,0,0,0,0,0,17870,18740,19343,19402,11731,0,1462,1367,682,627,0,0,1
credit_classification_train_004750,230000,34,-2,-2,-2,-2,-2,-2,0,0,615,0,0,0,0,615,0,0,0,0,0
credit_classification_train_004751,30000,23,0,0,0,0,0,0,30620,30432,30263,29418,30275,0,2000,2500,1200,1000,0,0,0
credit_classification_train_004752,80000,23,1,2,0,0,2,0,32337,31543,32141,28622,24619,23211,0,1659,4000,0,1000,25000,0
credit_classification_train_004753,80000,32,-1,-1,-1,-1,-1,-1,2976,13384,2255,1830,2647,11083,13424,2267,1835,2655,11116,4020,0
credit_classification_train_004754,300000,47,-2,-2,-1,-1,-1,-1,3289,5189,7128,5916,9634,0,5189,7128,5923,9634,0,6485,0
credit_classification_train_004755,20000,50,2,2,2,0,0,0,15089,17037,17457,17868,18428,19120,2200,1000,1000,1000,1000,900,1
credit_classification_train_004756,30000,52,0,0,0,2,2,0,25686,27449,30286,29993,58134,28910,2500,3600,1390,0,1000,1500,0
credit_classification_train_004757,450000,29,0,0,0,0,0,0,72622,6920,7700,9700,11700,0,2000,1000,2000,2000,0,0,0
credit_classification_train_004758,50000,36,0,0,0,0,0,0,43900,42499,17494,18178,18541,18929,2268,1604,1288,651,674,734,0
credit_classification_train_004759,30000,34,0,0,0,0,0,0,26253,27256,28472,29212,29400,30000,1444,1660,1400,588,600,0,0
credit_classification_train_004760,150000,28,0,0,0,0,0,0,100623,101593,101886,101441,100829,101913,4700,4000,4032,3410,4000,3665,0
credit_classification_train_004761,120000,29,-1,-1,-1,-1,-1,-1,1686,657,2179,1423,0,1820,657,2319,1423,0,1820,2496,0
credit_classification_train_004762,40000,23,0,0,0,0,0,0,39402,39321,38246,39289,39882,39650,2000,2000,2000,1500,1500,2000,0
credit_classification_train_004763,50000,37,0,0,0,0,0,0,48206,48659,47248,48241,49196,50296,2120,1750,1700,1800,2023,2113,0
credit_classification_train_004764,30000,25,2,0,0,0,0,0,29608,27471,29075,26011,13900,0,1600,3000,1200,139,0,0,0
credit_classification_train_004765,150000,35,1,-2,-2,-2,-2,-2,0,0,0,0,0,0,0,0,0,0,0,0,0
credit_classification_train_004766,500000,37,-1,-1,-1,-1,-1,-1,14817,2480,122750,4599,10094,43150,3904,123000,10052,10105,43168,16915,0
credit_classification_train_004767,50000,34,-2,-2,-2,-2,-2,-2,51400,0,0,0,0,0,0,0,0,0,0,0,0
credit_classification_train_004768,310000,34,0,0,0,0,0,0,87559,74929,76404,76133,53065,17529,3000,3022,5208,15734,1607,140994,0
credit_classification_train_004769,80000,24,0,0,0,0,0,0,78862,71124,59692,58055,44578,45889,4000,3000,1844,1567,2000,2000,0
credit_classification_train_004770,20000,23,0,0,0,0,0,0,9550,10867,11585,12899,13087,13327,1480,1198,1512,700,600,2700,0
credit_classification_train_004771,50000,39,0,0,0,0,0,0,57436,58483,55825,54888,58115,57299,2055,2655,1862,4007,2517,37793,0
credit_classification_train_004772,80000,36,1,2,2,2,0,0,81606,154026,82385,79795,48999,48161,0,7600,5,2000,2000,2000,1
credit_classification_train_004773,90000,27,0,0,-2,-2,-2,-2,7624,0,0,0,0,0,0,0,0,0,0,0,0
credit_classification_train_004774,50000,22,0,0,0,0,0,0,50089,41382,36995,17726,13623,13781,1798,1117,4749,500,508,250,0
credit_classification_train_004775,90000,47,-1,-1,-1,-1,-1,-1,1887,43542,12148,880,10880,880,43542,12148,880,10880,880,1080,0
credit_classification_train_004776,200000,35,0,0,0,0,0,0,199891,198608,115177,116226,139737,187728,8500,6000,4000,25000,50000,70000,1
credit_classification_train_004777,20000,23,0,0,0,0,0,0,17728,18835,38099,18471,16408,17135,1700,1262,1244,595,1000,1000,0
credit_classification_train_004778,180000,47,1,-2,-1,-1,-2,-2,-12,-12,3300,0,0,0,0,3312,0,0,0,0,1
credit_classification_train_004779,210000,33,-1,-1,-1,-1,-1,0,1024,264,264,264,42515,43104,264,264,264,42515,1559,1472,0
credit_classification_train_004780,20000,48,-1,-1,-2,-1,-1,-1,170,-220,-610,390,0,19993,0,0,1390,0,20773,400,0
credit_classification_train_004781,10000,26,0,0,0,0,0,0,15147,6641,15318,8610,8790,8963,2234,1135,1086,319,319,180,0
credit_classification_train_004782,20000,25,2,2,2,2,2,2,150,150,150,1150,1000,0,0,0,1000,0,0,0,0
credit_classification_train_004783,290000,29,0,0,0,0,0,-2,42065,10800,9653,4374,179758,180125,1100,1087,1002,179768,5800,6258,0
credit_classification_train_004784,200000,33,-1,-1,-1,-2,-2,-2,846,4292,0,0,0,0,4974,0,0,0,0,0,0
credit_classification_train_004785,220000,29,-2,-2,-2,-2,-2,-2,-37,5645,11731,-729,-5960,-5960,5682,11742,0,5231,0,0,0
credit_classification_train_004786,60000,28,0,0,0,0,2,0,18996,20806,22447,24337,23808,24610,2120,2000,2269,0,1200,2269,1
credit_classification_train_004787,390000,41,0,0,0,0,0,0,495559,248821,216051,208373,199727,186332,10218,8035,7035,6056,8053,5603,0
credit_classification_train_004788,170000,57,0,0,0,0,0,0,163452,163148,161315,164366,124387,120529,7300,8000,7800,4600,5000,5100,0
credit_classification_train_004789,330000,46,0,0,0,0,0,0,227389,228719,229644,227587,227775,228203,8210,8095,8025,8175,8391,8200,0
credit_classification_train_004790,400000,29,0,0,0,-1,-1,2,41057,11150,6298,138307,149548,148632,1300,1001,138307,16996,5010,96,0
credit_classification_train_004791,20000,49,0,0,0,0,0,0,19437,20154,18957,19334,19373,19460,1337,2000,666,714,810,600,0
credit_classification_train_004792,90000,52,0,0,0,0,0,0,42567,43578,44881,43906,43767,43619,2022,2325,1510,1199,2380,1204,0
credit_classification_train_004793,80000,27,0,0,0,0,0,0,40612,41934,43261,44537,45794,47893,2000,2000,2000,2000,3000,4000,0
credit_classification_train_004794,360000,29,-1,-1,-2,-2,-2,-1,2868,0,0,0,0,629,0,0,0,0,629,2475,1
credit_classification_train_004795,80000,28,0,0,0,0,0,0,71126,71009,69504,68262,70547,73040,4000,5002,4500,3000,3000,10000,0
credit_classification_train_004796,250000,33,-1,-1,-1,-1,-1,-1,484,0,242,28932,0,100000,0,242,28932,0,100000,0,0
credit_classification_train_004797,100000,28,0,0,0,0,0,0,106750,76374,68584,66901,63261,64409,3004,47000,2540,3000,3000,3000,0
credit_classification_train_004798,110000,47,2,2,2,2,2,2,53016,56532,57502,58460,59876,58761,5000,2500,2500,2500,0,5000,1
credit_classification_train_004799,240000,40,-1,-1,-1,-1,-1,-1,1643,7060,650,4770,2515,37405,8000,5000,5000,0,40000,22669,0
credit_classification_train_004800,30000,26,1,2,2,0,0,0,24599,23397,22721,22403,21972,22512,1700,0,1700,900,1000,900,0
credit_classification_train_004801,120000,41,0,0,0,0,0,0,108264,109427,111238,113465,114759,117165,3906,4040,4079,4093,4240,4766,0
credit_classification_train_004802,180000,28,-1,-1,-1,-1,-1,-1,340,-120,420,460,460,610,0,1000,500,460,610,460,0
credit_classification_train_004803,50000,39,0,0,0,0,0,0,50465,51092,56266,39545,19856,19765,4000,3032,1668,1500,1805,23000,1
credit_classification_train_004804,690000,34,0,0,0,0,0,-1,390757,397292,390166,360568,331674,160287,14724,19118,7415,20348,160671,91323,0
credit_classification_train_004805,30000,33,0,0,0,0,0,0,29666,29033,29345,29125,29859,29016,1763,1676,1456,1190,1056,1592,0
credit_classification_train_004806,10000,23,2,0,0,0,0,2,3413,5188,6937,7946,8714,8432,2000,2000,1132,900,0,500,0
credit_classification_train_004807,80000,30,0,0,0,-2,-2,-2,59292,13943,0,0,0,0,5009,0,0,0,0,0,0
credit_classification_train_004808,50000,51,0,0,0,0,0,0,22000,20454,21899,20895,11241,-861,2000,2100,2000,1000,0,39500,1
credit_classification_train_004809,100000,31,0,0,0,0,0,0,91344,92309,94421,97486,97604,97241,3309,4421,5486,3400,3541,3894,1
credit_classification_train_004810,80000,41,0,0,0,0,0,0,90894,93167,81146,80674,63110,40376,4000,3200,2606,2431,1779,1000,1
credit_classification_train_004811,400000,30,0,0,-1,-1,-1,-1,161226,139481,17939,10315,22728,11493,5000,17939,12845,22728,11493,10703,0
credit_classification_train_004812,50000,28,0,0,0,0,0,3,4999,5913,7315,9195,10624,10138,1000,1500,2000,1583,1100,0,0
credit_classification_train_004813,180000,43,0,0,0,0,0,0,158843,152507,143489,146139,73718,137304,6029,7035,10007,20000,4000,10000,0
credit_classification_train_004814,50000,31,1,2,0,0,0,0,18190,12521,14308,14769,15925,15441,0,2000,1000,1542,764,3000,0
credit_classification_train_004815,20000,27,3,2,0,0,0,0,16004,15450,16892,17396,14017,0,0,1696,1200,22,0,0,1
credit_classification_train_004816,320000,38,-2,-2,-2,-2,-2,-2,0,0,0,111,0,288,0,0,111,0,288,1200,0
credit_classification_train_004817,80000,44,2,0,-1,-1,-1,0,31023,30390,390,390,780,780,1000,390,390,780,0,0,0
credit_classification_train_004818,340000,43,-2,-2,-2,-2,-2,-2,185,4418,0,3931,2295,0,4418,0,3931,2295,0,2254,0
credit_classification_train_004819,200000,53,0,0,0,0,0,0,126027,129008,130376,133207,136159,138741,6500,5000,5000,5100,5000,5400,0
credit_classification_train_004820,90000,25,1,-2,-2,-2,-2,-2,0,0,0,0,0,0,0,0,0,0,0,0,0
credit_classification_train_004821,300000,31,0,0,0,0,0,0,149893,152529,152882,113347,114554,116357,7000,6000,4084,4056,4300,6609,0
credit_classification_train_004822,360000,30,0,-1,-1,-1,-1,-2,37012,4810,3969,6657,642,6204,4924,3969,6657,642,6204,7052,0
credit_classification_train_004823,50000,24,2,2,2,2,2,2,41500,39938,41688,45625,45907,44662,0,2700,4960,1700,0,3000,1
credit_classification_train_004824,40000,24,0,0,0,0,0,0,38221,34975,19606,21272,22923,24539,3107,3000,2000,2000,2000,0,1
credit_classification_train_004825,30000,34,0,0,0,0,0,0,28893,26807,27942,27179,27385,28943,2000,2000,940,1000,2000,2000,1
credit_classification_train_004826,220000,30,-1,-1,-1,-1,-1,2,2731,3403,5990,7767,42731,33266,3403,5990,7767,40645,0,4622,0
credit_classification_train_004827,500000,39,-1,-1,-1,-1,0,-1,2450,11833,22963,7086,5453,1486,11833,22963,7086,0,1486,7570,0
credit_classification_train_004828,20000,25,-1,-1,-1,-1,0,0,4541,0,724,18589,18985,19531,0,724,18589,1000,1000,1000,1
credit_classification_train_004829,130000,36,0,0,0,0,0,-1,91016,36706,19802,11515,4261,45718,1848,1394,1015,99,47657,1681,0
credit_classification_train_004830,70000,37,1,2,-1,0,0,2,7204,5326,5954,1069,4711,4514,0,5954,0,4514,0,0,0
credit_classification_train_004831,160000,51,0,0,0,-2,-1,-1,4042,4338,-1801,-5513,743,1012,1000,0,0,6256,1050,1000,1
credit_classification_train_004832,190000,28,0,0,0,0,0,0,141693,143464,146943,151905,153538,156664,5618,5795,7408,5645,5753,6370,0
credit_classification_train_004833,220000,47,4,3,2,2,2,2,216591,197022,198088,187000,179703,174571,0,6000,0,14004,0,7000,1
credit_classification_train_004834,30000,44,1,2,0,-1,0,0,39347,34702,34822,15722,16467,17537,1200,1000,18000,1000,1500,1000,0
credit_classification_train_004835,50000,23,2,2,2,3,2,2,31805,32988,34935,34076,34685,33976,2000,2800,0,1300,0,3700,1
credit_classification_train_004836,140000,43,0,0,0,0,0,0,128947,106671,101362,87420,88774,81869,4039,7010,2359,7617,2760,2366,0
credit_classification_train_004837,110000,28,0,0,0,0,0,0,107560,100395,79889,70062,70901,72754,4024,3008,3200,2600,3000,3000,1
credit_classification_train_004838,50000,41,1,2,2,3,3,2,45313,46262,49188,50084,48980,50050,2000,4000,2000,0,2000,3000,0
credit_classification_train_004839,80000,42,-2,-2,-2,-2,-2,-2,-1590,-6256,-10922,-15588,-20254,-24920,4666,4666,4666,4666,266,0,0
credit_classification_train_004840,200000,36,-1,-1,-1,-1,-1,-1,2353,2957,738,4152,2866,1414,3011,747,4164,2874,1418,2148,0
credit_classification_train_004841,30000,25,0,0,0,0,0,0,22399,25859,26540,13842,16299,18547,5000,1500,499,3000,3000,3000,0
credit_classification_train_004842,250000,36,0,0,0,0,0,0,143200,146391,91714,88397,90312,92456,7000,3500,3100,3200,3500,3500,0
credit_classification_train_004843,20000,22,-1,-1,-1,-1,-2,-2,2480,179,1669,0,0,0,179,1669,0,0,0,0,1
credit_classification_train_004844,120000,26,-1,2,0,0,0,2,2682,1725,2682,3272,3455,3261,0,1000,1000,1000,0,2000,1
credit_classification_train_004845,300000,50,-1,-1,-1,0,0,0,8924,3131,117497,110680,104016,109839,3131,121715,4000,5000,9000,5000,0
credit_classification_train_004846,50000,31,0,0,0,0,0,-1,50628,48748,46368,2443,6251,357,2350,3000,1000,6000,400,9844,1
credit_classification_train_004847,300000,29,0,0,0,0,0,0,164437,140536,124802,80088,25283,12358,5100,6001,3500,705,3000,2300,0
credit_classification_train_004848,500000,54,0,0,0,0,0,0,108075,106532,102315,90435,91924,81378,5014,4500,4000,4052,3007,4013,0
credit_classification_train_004849,100000,31,2,2,2,2,2,2,84886,86729,87706,88859,90685,92736,4100,3300,3500,3400,3700,4000,1
credit_classification_train_004850,180000,26,-1,-1,-1,-1,-1,-1,17517,27856,16285,9632,15025,53941,28000,16370,9676,15098,54207,87358,0
credit_classification_train_004851,20000,55,0,0,0,0,0,0,3580,4751,5813,7052,7779,8495,1238,1300,1500,1000,1000,2500,0
credit_classification_train_004852,300000,32,1,-1,0,0,-2,-2,-27,72044,10000,0,0,0,72071,2050,0,0,0,1188,0
credit_classification_train_004853,160000,60,-2,-1,-1,0,-1,-1,3128,5156,1089,489,3177,1009,5156,1089,0,3177,1009,0,1
credit_classification_train_004854,180000,34,-2,-2,-2,-2,-2,-2,9531,13558,14270,11878,12920,10190,13606,14396,11936,12965,10220,10100,0
credit_classification_train_004855,200000,41,-2,-2,-2,-2,-2,-2,-140,-70,-70,13968,6652,9696,0,0,14038,6684,9744,1046,0
credit_classification_train_004856,200000,36,2,2,2,0,0,0,89082,91055,89064,90019,92850,98666,4000,0,3000,4000,7000,4000,1
credit_classification_train_004857,30000,31,2,2,2,-1,-1,-1,18870,3222,390,390,390,390,1906,0,390,390,390,390,1
credit_classification_train_004858,100000,27,2,0,0,3,2,0,63004,66964,75856,74062,72756,76355,5000,10000,0,0,5000,5000,1
credit_classification_train_004859,150000,28,0,0,0,0,0,0,25639,16213,18075,19902,5331,9281,2000,2000,2000,1000,3950,0,0
credit_classification_train_004860,80000,50,0,0,0,0,0,0,72269,75007,67150,44374,48974,35396,4000,3000,5000,37000,2000,2000,0
credit_classification_train_004861,280000,44,0,0,0,0,0,0,295786,305529,311081,313242,151292,152318,15000,10472,11334,10010,6000,200000,0
credit_classification_train_004862,350000,52,-1,-1,-1,-1,-1,-1,713,2272,722,867,1150,5263,2272,722,867,1150,5263,5011,0
credit_classification_train_004863,30000,24,0,0,0,0,0,0,22236,23574,24583,24915,25280,25791,1696,1705,1037,915,929,1097,0
credit_classification_train_004864,90000,50,0,0,0,0,0,0,76495,71616,60177,54440,45788,41874,3243,2390,1840,1690,1954,1497,0
credit_classification_train_004865,60000,66,0,0,2,2,4,4,47350,51230,54784,58232,61670,65120,5000,5000,5000,5000,5000,1000,0
credit_classification_train_004866,500000,43,0,0,0,0,0,0,12200,8140,10176,20719,15665,8074,1518,5019,15027,639,547,50274,0
credit_classification_train_004867,230000,30,0,0,2,0,0,0,38651,45681,44652,48540,52477,56506,8000,0,4970,4907,4936,5024,1
credit_classification_train_004868,140000,43,-1,-1,-1,-1,-1,-1,1453,1872,1249,1872,1453,1453,1872,1249,1872,1453,1453,1034,0
credit_classification_train_004869,30000,25,0,0,0,0,0,0,8864,10062,11581,12580,13716,14828,1500,2000,1500,1500,1500,2000,0
credit_classification_train_004870,100000,49,0,0,0,0,0,0,62049,58158,57952,58627,46055,43176,2247,2900,2408,1689,1820,2040,0
credit_classification_train_004871,200000,41,0,0,0,0,0,0,90930,94502,93559,95060,88930,-23670,5032,2263,1901,1779,0,0,0
credit_classification_train_004872,80000,24,0,0,0,0,0,0,50781,29297,78589,78806,50663,50214,4400,50000,3034,1800,1817,1750,0
credit_classification_train_004873,20000,33,0,0,0,0,0,0,11026,9535,10510,10472,10140,10101,1174,1149,501,356,507,458,0
credit_classification_train_004874,110000,35,0,0,0,0,0,0,28969,29568,30379,84257,84762,86139,1500,1706,55000,3200,3300,3300,0
credit_classification_train_004875,20000,41,1,3,2,0,0,-1,6249,5965,2417,1616,1616,3067,0,0,0,0,3067,0,0
credit_classification_train_004876,20000,40,-1,-1,0,0,0,0,9755,894,5625,9625,12625,0,894,5000,4000,3000,0,0,0
credit_classification_train_004877,50000,27,0,0,0,0,0,0,17771,18794,19062,19443,19849,20287,1311,1299,680,703,750,626,0
credit_classification_train_004878,10000,44,0,0,0,0,0,0,8958,8774,9461,9457,9650,7500,1147,1224,1000,193,150,0,0
credit_classification_train_004879,50000,23,0,0,0,0,0,0,43979,33403,20879,18573,17318,17936,2000,2000,2000,1000,1000,2800,0
credit_classification_train_004880,30000,51,0,0,0,0,0,0,15126,13327,13829,10898,9217,9048,1236,1518,1074,500,300,1000,0
credit_classification_train_004881,60000,40,-1,-1,0,0,0,-1,24496,20329,15219,16158,14295,10930,20391,1200,3658,0,10930,11677,0
credit_classification_train_004882,30000,36,0,0,0,0,2,2,27748,24640,51026,27400,26823,28621,1500,1500,4200,0,2252,0,0
credit_classification_train_004883,110000,34,0,0,0,0,0,0,23751,25068,26351,26996,27754,28597,1717,2000,2000,1500,2000,5000,0
credit_classification_train_004884,50000,26,1,2,2,0,0,0,50867,51486,48869,30115,29527,29998,1710,136,1206,2002,2005,3003,0
credit_classification_train_004885,30000,31,0,0,0,0,0,0,28651,28716,26570,26829,26839,27449,1800,2000,1600,1000,1000,1000,0
credit_classification_train_004886,30000,42,0,0,-1,-1,-1,-1,1946,1473,390,390,390,0,1000,390,390,390,0,780,0
credit_classification_train_004887,100000,29,2,2,2,2,2,2,74032,75557,76434,74611,79292,80945,3300,2700,0,5900,3100,0,0
credit_classification_train_004888,200000,31,-2,-2,-2,-2,-2,-2,100,100,100,100,100,100,100,100,100,100,100,100,0
credit_classification_train_004889,270000,42,2,0,0,0,0,0,106986,103249,89221,86996,86384,85440,3578,3207,3000,3200,3241,3078,0
credit_classification_train_004890,70000,32,2,0,0,0,0,0,67955,58404,50036,36908,29439,19494,3007,1794,2000,967,1000,870,1
credit_classification_train_004891,150000,34,-1,-1,-1,-1,-1,-1,772,337,618,150,150,377,340,618,150,150,227,0,0
credit_classification_train_004892,20000,26,0,0,0,0,2,0,17679,16720,17705,19228,18804,19316,1300,1277,1800,0,1000,1000,1
credit_classification_train_004893,180000,75,1,-2,-2,-2,-2,-2,0,0,0,0,0,0,0,0,0,0,0,0,1
credit_classification_train_004894,70000,25,0,0,0,0,0,0,24526,25532,25971,14859,14930,15091,1790,1229,519,687,557,546,0
credit_classification_train_004895,200000,43,0,0,0,0,0,0,144678,140804,136437,135253,134629,134309,5090,5014,5009,4844,5002,4902,0
credit_classification_train_004896,80000,27,0,0,2,0,0,0,78672,83807,81833,79673,79735,81271,7018,0,3000,3100,3000,3100,0
credit_classification_train_004897,200000,36,0,0,0,0,0,0,198807,200616,202228,198794,203070,161002,10700,8000,7500,8200,10000,29000,0
credit_classification_train_004898,220000,27,-1,-1,-1,-1,0,-1,1051,735,419,1470,1154,735,735,419,1470,0,735,2205,1
credit_classification_train_004899,290000,26,-1,-1,-2,-1,-1,-1,32126,10823,5248,32307,28492,1799,10884,5275,32563,29143,1809,11384,0
credit_classification_train_004900,570000,33,0,0,0,0,0,-2,388897,253793,261176,266800,0,0,9083,11472,12000,0,0,0,0
credit_classification_train_004901,280000,40,0,0,0,0,0,0,212617,207478,211850,209651,214520,213520,7297,7584,7416,8000,7639,7312,0
credit_classification_train_004902,160000,32,0,0,0,0,0,0,93174,95274,97291,98768,101016,103176,4500,4500,4000,4000,4000,4000,0
credit_classification_train_004903,240000,36,-1,-1,-2,-1,-1,-1,229,-167,-563,254,-142,344,0,0,1213,0,1032,0,0
credit_classification_train_004904,410000,34,1,-2,-2,-2,-2,-2,0,0,0,0,0,0,0,0,0,0,0,3996,0
credit_classification_train_004905,70000,28,0,0,0,0,0,0,45738,36105,27484,28526,30053,30379,4016,2000,2000,2000,2000,2000,1
credit_classification_train_004906,190000,41,0,0,0,0,0,0,30425,31419,32450,33458,34122,34833,1467,1498,1506,1170,1209,1215,0
credit_classification_train_004907,120000,28,0,0,-2,-2,-1,0,2750,-650,-975,-1625,2561,4187,0,0,0,4186,2000,1000,0
credit_classification_train_004908,240000,48,0,0,0,0,0,0,236767,236769,238769,235603,233374,230897,8622,8922,8519,8499,8418,8420,0
credit_classification_train_004909,330000,31,0,0,0,-1,-1,0,165042,163406,137664,3381,40635,40490,9000,7558,5000,42054,3000,2000,0
credit_classification_train_004910,230000,32,1,-1,-1,-2,-2,-2,0,351,0,0,0,0,351,0,0,0,0,432,0
credit_classification_train_004911,80000,44,-1,-1,-1,-1,-1,-1,817,1131,817,1907,1962,1865,1131,1000,1907,2000,2000,700,0
credit_classification_train_004912,90000,27,0,0,0,0,0,0,25118,26128,25248,26386,24171,25607,1440,1500,1500,2000,2000,2000,0
credit_classification_train_004913,240000,38,2,-1,-1,0,0,-1,6848,836,2508,1672,836,563,836,2508,0,0,563,1090,1
credit_classification_train_004914,100000,41,0,0,0,0,0,0,96509,97042,98054,92466,67337,67093,4500,5000,4000,5000,3000,4000,0
credit_classification_train_004915,110000,32,0,0,0,0,0,0,64651,65920,67290,68652,69552,71008,2941,3026,3076,2638,2728,2742,0
credit_classification_train_004916,60000,31,1,-2,-2,-1,0,-1,0,-880,-2640,1760,880,3110,0,0,4400,0,3110,0,1
credit_classification_train_004917,20000,50,0,0,2,0,0,0,8612,8862,8992,9452,10520,11320,2202,500,1000,2000,800,0,0
credit_classification_train_004918,30000,29,0,-1,0,0,0,0,8326,557,8557,8400,20966,13638,557,8000,43,20109,222,62,0
credit_classification_train_004919,260000,40,-1,-1,-1,-1,-1,-1,524,248,552,0,80,121,248,552,0,80,121,219,0
credit_classification_train_004920,140000,45,-1,-1,-1,-1,0,0,2300,483,487,1011,524,1037,483,487,1011,0,1000,974,0
credit_classification_train_004921,150000,26,0,0,0,0,0,-2,92802,91166,99655,100000,0,0,7500,10000,2000,0,0,0,0
credit_classification_train_004922,110000,36,0,0,0,0,0,0,47819,48947,50330,50894,52175,53652,2200,2500,2000,2100,2500,2200,0
credit_classification_train_004923,210000,41,2,2,2,2,2,2,87705,90376,90687,91888,93852,95734,4800,2500,3900,3400,3400,3400,1
credit_classification_train_004924,10000,35,1,6,5,4,3,2,8257,8001,7741,7481,7075,6815,0,0,0,0,0,700,1
credit_classification_train_004925,240000,43,0,0,0,0,0,0,244103,240733,236553,241215,230480,234610,9102,8602,9013,8195,8202,7902,1
credit_classification_train_004926,70000,25,0,0,0,0,0,0,67521,66999,63949,63699,64718,65970,3000,4500,4042,2500,2800,2500,0
credit_classification_train_004927,10000,47,0,0,0,0,0,-1,8884,8689,9449,6376,6530,1506,1159,3001,350,3002,1606,6276,0
credit_classification_train_004928,140000,32,0,0,0,0,2,0,90590,97047,102468,114718,111387,116399,8000,7000,15500,0,7000,7000,0
credit_classification_train_004929,30000,50,-1,-1,-1,-1,-1,-1,390,390,390,390,390,390,390,390,390,390,390,2109,0
credit_classification_train_004930,30000,52,1,2,0,0,0,0,18034,16604,16635,15413,14296,9090,6,1335,2000,0,0,939,0
credit_classification_train_004931,340000,27,0,0,0,0,-1,0,59322,70886,81480,13580,22474,70590,20063,20385,6157,22533,60052,30059,0
credit_classification_train_004932,360000,35,-1,-1,-1,-1,-1,-1,1540,1099,6342,5077,1274,-6,1102,6353,5105,1277,0,2058,0
credit_classification_train_004933,260000,45,0,0,0,0,0,0,113872,118281,119564,68707,39517,33842,6302,5300,2600,2500,5000,15000,0
credit_classification_train_004934,170000,33,-1,-1,-1,-1,-1,-1,263,641,0,638,0,362,641,0,638,0,362,1079,0
credit_classification_train_004935,50000,42,-2,-2,-2,-2,-1,0,1464,1469,2185,0,19777,19910,1469,2185,0,19777,629,296,0
credit_classification_train_004936,160000,27,-2,-2,-2,-2,-2,-2,2161,1672,2579,2313,2287,3442,1681,2717,2324,2298,3462,2637,0
credit_classification_train_004937,150000,43,0,0,0,0,0,0,89488,89951,86961,79284,74531,78359,5016,5050,3026,5000,5012,4057,0
credit_classification_train_004938,50000,32,-1,-1,-1,-1,-1,-1,316,282,316,316,316,316,282,350,316,316,316,316,0
credit_classification_train_004939,50000,28,-1,-1,-1,-1,-1,0,1460,1625,3505,12931,2972,1589,1625,3556,14010,3000,0,691,0
credit_classification_train_004940,150000,30,1,2,0,0,0,0,36472,33947,35518,30564,21849,25168,0,5035,5000,900,10000,7000,1
credit_classification_train_004941,260000,34,-1,-1,-1,-1,-1,-1,324,826,326,326,326,476,828,326,326,326,476,326,0
credit_classification_train_004942,230000,35,0,0,0,0,0,0,160560,158782,150844,151623,148261,153161,10012,10010,10000,7000,10000,10000,0
credit_classification_train_004943,150000,31,3,2,2,0,0,-1,125086,121521,67164,54078,9778,389,4967,65,1346,5051,8601,4435,1
credit_classification_train_004944,30000,24,2,0,0,0,2,2,25851,26912,27535,29175,28625,30383,1779,1402,2042,0,2192,0,1
credit_classification_train_004945,210000,54,0,0,0,0,0,0,197324,201977,205800,205590,98572,90521,8000,11000,6000,4098,3500,3000,0
credit_classification_train_004946,160000,38,0,0,0,0,0,0,141282,144433,152067,155527,157886,156241,5500,10000,6000,6100,6100,6000,0
credit_classification_train_004947,180000,34,2,-1,-1,-2,-2,-1,314,8000,0,0,0,600,8000,0,0,0,600,0,0
credit_classification_train_004948,130000,25,1,-2,-2,-2,-2,-2,0,0,0,0,0,0,0,0,0,0,0,0,0
credit_classification_train_004949,30000,39,0,0,0,0,0,0,28628,29160,21075,17257,15874,9514,2003,2400,1200,317,190,0,0
credit_classification_train_004950,400000,25,0,0,0,0,0,0,393159,44917,52366,29995,22722,24479,2522,17213,1000,1000,2100,154700,0
credit_classification_train_004951,110000,46,0,0,0,0,0,0,111301,69352,58442,55485,53539,41193,3075,3000,2000,2941,1512,2040,0
credit_classification_train_004952,20000,27,0,0,0,0,0,0,12546,13830,14599,15650,15964,17204,1500,1300,1300,574,1500,0,1
credit_classification_train_004953,170000,42,-1,-1,-1,-1,-1,-1,415,415,415,415,1215,1390,415,415,415,1215,1390,1215,0
credit_classification_train_004954,220000,40,0,0,0,0,0,0,63386,64165,61655,61855,64966,66942,8000,3000,3000,5000,3000,3000,0
credit_classification_train_004955,70000,32,0,0,0,0,2,0,14180,10856,10822,13627,10852,12676,3000,2000,3000,0,2000,3000,1
credit_classification_train_004956,160000,27,-1,-1,-1,-1,-1,-1,11924,0,4477,2682,29011,4000,0,4477,2682,29011,4000,5459,0
credit_classification_train_004957,500000,40,-2,-2,-2,-2,-2,-2,15929,18155,-131,10527,61751,2926,18222,0,10658,61751,2926,13609,0
credit_classification_train_004958,270000,60,-1,-1,-1,-1,-1,2,836,836,836,836,1972,986,836,836,836,1972,0,836,1
credit_classification_train_004959,240000,32,1,-2,-2,-1,-1,-1,0,0,0,262,0,1389,0,0,262,0,1389,0,0
credit_classification_train_004960,310000,34,0,0,0,0,0,0,263685,190484,178753,166942,140659,145379,8000,6650,6000,6000,7000,6000,0
credit_classification_train_004961,210000,25,0,0,0,0,-2,-2,179248,21612,5259,-243,-243,-243,3151,2000,0,0,0,0,0
credit_classification_train_004962,420000,36,1,-2,-1,-1,0,0,944,1819,1133,10415,7792,-3,1819,1143,10429,194,556,0,0
credit_classification_train_004963,60000,34,0,0,0,0,0,0,30834,33011,33434,34935,36344,37803,3000,2000,3000,4000,3000,3000,0
credit_classification_train_004964,140000,49,-2,-2,-2,-2,-2,-2,1282,367,0,3794,0,865,367,0,3794,0,865,825,1
credit_classification_train_004965,210000,29,0,0,0,0,0,0,52143,53182,54331,55827,57295,58571,2500,2600,3000,3000,2200,2300,0
credit_classification_train_004966,200000,35,0,0,2,0,0,2,187487,200774,196933,187887,101278,99382,16000,0,6451,9000,0,4000,1
credit_classification_train_004967,160000,30,1,2,2,2,2,0,151270,153276,155301,155152,144602,148199,6000,6085,12534,0,6000,6000,0
credit_classification_train_004968,50000,23,0,0,0,0,0,0,42790,39480,36360,29123,28809,29263,1635,1423,1020,1050,1503,1016,0
credit_classification_train_004969,50000,31,0,0,0,0,2,2,10682,11694,12819,36424,37029,36303,1194,1319,23924,1500,0,1500,0
credit_classification_train_004970,200000,50,0,0,2,2,2,2,119657,127855,128447,115045,117299,105456,11754,4100,0,14000,0,10365,0
credit_classification_train_004971,160000,36,-1,-1,-1,-1,-1,-1,2447,206,805,666,740,539,206,886,679,740,539,0,0
credit_classification_train_004972,30000,30,-1,2,-1,-1,-1,-1,4994,886,937,0,1083,3395,0,1000,398,1083,3395,7383,0
credit_classification_train_004973,100000,43,0,0,0,0,0,0,5719,6633,3461,4471,4560,4656,1043,1064,1074,163,169,169,0
credit_classification_train_004974,220000,36,0,0,0,0,0,0,222598,222168,217900,221193,181859,184605,10000,8018,10121,6006,10987,143779,1
credit_classification_train_004975,80000,24,0,0,0,2,2,2,48578,50789,54936,55735,56699,55632,3000,5000,2300,2000,0,2500,0
credit_classification_train_004976,80000,24,1,-2,-2,-2,-2,-2,0,0,0,0,0,0,0,0,0,0,0,0,0
credit_classification_train_004977,60000,40,2,0,0,0,0,0,60211,55996,54178,44518,28636,28957,3000,2000,2000,3000,1300,1100,0
credit_classification_train_004978,20000,24,0,0,2,0,0,0,3634,6568,7307,8027,8892,9739,3000,1000,1000,1000,1000,1000,0
credit_classification_train_004979,350000,44,2,3,2,2,2,2,309250,314607,322032,327193,333278,340791,12000,14000,12000,13000,13000,13000,1
credit_classification_train_004980,80000,29,1,2,0,0,0,0,80867,75615,77343,78883,79915,80296,0,3000,2744,3022,6000,2800,1
credit_classification_train_004981,220000,37,-1,-1,-1,-1,-1,-1,1918,4626,5602,769,5595,2538,4626,5602,769,5595,2538,1686,0
credit_classification_train_004982,20000,22,1,2,2,2,0,0,14542,14011,16899,16335,16509,17590,0,3132,0,742,1501,0,1
credit_classification_train_004983,50000,24,0,0,0,0,0,0,7240,8264,9273,9609,9657,9927,2644,1153,489,351,431,198,0
credit_classification_train_004984,90000,35,0,0,-1,0,0,0,13865,5128,6911,8774,9622,9824,2054,6911,2000,1000,357,1000,0
credit_classification_train_004985,140000,38,0,0,0,0,0,0,135034,133283,132765,123208,97154,97687,4729,5434,4751,3500,3500,3800,0
credit_classification_train_004986,10000,27,2,2,2,0,0,2,6743,9060,8768,9465,10212,10198,2600,0,1000,900,300,0,1
credit_classification_train_004987,20000,23,0,0,0,0,0,0,19178,18852,16648,19395,20271,20445,2000,1500,4000,2000,2000,2900,0
credit_classification_train_004988,270000,31,-2,-2,-2,-2,-2,-2,6181,12110,26069,36630,37390,19816,12140,26134,36650,37390,19816,5272,0
credit_classification_train_004989,220000,30,0,0,0,-1,0,0,213525,141764,53019,143408,136786,130596,6439,2261,143408,4754,4740,5190,0
credit_classification_train_004990,200000,54,1,2,0,0,0,0,7111,4803,4629,14915,8523,5586,10,1215,12000,4000,4978,1000,0
credit_classification_train_004991,290000,41,0,0,0,0,0,0,255049,247090,242309,238609,238712,237847,9006,8507,10902,8600,8671,8210,0
credit_classification_train_004992,50000,36,0,0,0,0,0,0,5197,6015,6615,7131,6987,6980,1300,1100,1000,500,500,1000,0
credit_classification_train_004993,290000,43,-1,-1,2,0,0,0,172,1930,1752,3710,3848,4285,1930,0,2000,200,500,0,0
credit_classification_train_004994,350000,33,-1,-1,-1,-1,0,-1,2383,9911,12149,14774,2154,67081,9911,12149,16928,0,67081,103202,0
credit_classification_train_004995,280000,25,0,0,0,0,0,0,9895,7402,7701,8951,6916,8790,3011,3007,3019,2004,3044,93462,0
credit_classification_train_004996,60000,30,0,0,0,0,0,0,60922,59205,60850,40548,40580,40416,3205,2850,1578,1580,1416,2512,0
credit_classification_train_004997,200000,54,-2,-2,-2,-2,-2,-2,0,0,0,0,0,0,0,0,0,0,0,0,1
credit_classification_train_004998,30000,39,1,2,0,0,0,0,26981,26264,27240,27440,28000,0,0,1500,600,560,0,15225,0
credit_classification_train_004999,280000,32,0,0,0,0,0,0,11561,12662,13752,14815,15168,15523,1300,1300,1300,600,600,600,0
credit_classification_train_005000,90000,31,0,0,0,0,-1,0,12045,9720,7391,4238,18003,16128,1500,1200,1000,21000,1500,2000,0
