sample_id,fold
sarcos_regression_train_000001,4
sarcos_regression_train_000002,4
sarcos_regression_train_000003,3
sarcos_regression_train_000004,1
sarcos_regression_train_000005,1
sarcos_regression_train_000006,2
sarcos_regression_train_000007,4
sarcos_regression_train_000008,3
sarcos_regression_train_000009,2
sarcos_regression_train_000010,3
sarcos_regression_train_000011,3
sarcos_regression_train_000012,4
sarcos_regression_train_000013,3
sarcos_regression_train_000014,4
sarcos_regression_train_000015,0
sarcos_regression_train_000016,1
sarcos_regression_train_000017,0
sarcos_regression_train_000018,4
sarcos_regression_train_000019,1
sarcos_regression_train_000020,0
sarcos_regression_train_000021,4
sarcos_regression_train_000022,4
sarcos_regression_train_000023,4
sarcos_regression_train_000024,3
sarcos_regression_train_000025,2
sarcos_regression_train_000026,1
sarcos_regression_train_000027,1
sarcos_regression_train_000028,4
sarcos_regression_train_000029,0
sarcos_regression_train_000030,0
sarcos_regression_train_000031,4
sarcos_regression_train_000032,1
sarcos_regression_train_000033,1
sarcos_regression_train_000034,3
sarcos_regression_train_000035,3
sarcos_regression_train_000036,1
sarcos_regression_train_000037,3
sarcos_regression_train_000038,4
sarcos_regression_train_000039,1
sarcos_regression_train_000040,4
sarcos_regression_train_000041,3
sarcos_regression_train_000042,0
sarcos_regression_train_000043,1
sarcos_regression_train_000044,3
sarcos_regression_train_000045,2
sarcos_regression_train_000046,2
sarcos_regression_train_000047,3
sarcos_regression_train_000048,0
sarcos_regression_train_000049,2
sarcos_regression_train_000050,1
sarcos_regression_train_000051,1
sarcos_regression_train_000052,4
sarcos_regression_train_000053,1
sarcos_regression_train_000054,3
sarcos_regression_train_000055,1
sarcos_regression_train_000056,1
sarcos_regression_train_000057,1
sarcos_regression_train_000058,2
sarcos_regression_train_000059,0
sarcos_regression_train_000060,2
sarcos_regression_train_000061,2
sarcos_regression_train_000062,3
sarcos_regression_train_000063,2
sarcos_regression_train_000064,3
sarcos_regression_train_000065,3
sarcos_regression_train_000066,1
sarcos_regression_train_000067,0
sarcos_regression_train_000068,4
sarcos_regression_train_000069,4
sarcos_regression_train_000070,2
sarcos_regression_train_000071,1
sarcos_regression_train_000072,3
sarcos_regression_train_000073,2
sarcos_regression_train_000074,4
sarcos_regression_train_000075,4
sarcos_regression_train_000076,4
sarcos_regression_train_000077,0
sarcos_regression_train_000078,3
sarcos_regression_train_000079,3
sarcos_regression_train_000080,0
sarcos_regression_train_000081,3
sarcos_regression_train_000082,0
sarcos_regression_train_000083,4
sarcos_regression_train_000084,4
sarcos_regression_train_000085,2
sarcos_regression_train_000086,4
sarcos_regression_train_000087,3
sarcos_regression_train_000088,0
sarcos_regression_train_000089,0
sarcos_regression_train_000090,0
sarcos_regression_train_000091,0
sarcos_regression_train_000092,4
sarcos_regression_train_000093,1
sarcos_regression_train_000094,3
sarcos_regression_train_000095,3
sarcos_regression_train_000096,4
sarcos_regression_train_000097,0
sarcos_regression_train_000098,2
sarcos_regression_train_000099,1
sarcos_regression_train_000100,1
sarcos_regression_train_000101,3
sarcos_regression_train_000102,2
sarcos_regression_train_000103,1
sarcos_regression_train_000104,3
sarcos_regression_train_000105,4
sarcos_regression_train_000106,1
sarcos_regression_train_000107,4
sarcos_regression_train_000108,4
sarcos_regression_train_000109,3
sarcos_regression_train_000110,0
sarcos_regression_train_000111,2
sarcos_regression_train_000112,1
sarcos_regression_train_000113,0
sarcos_regression_train_000114,4
sarcos_regression_train_000115,0
sarcos_regression_train_000116,4
sarcos_regression_train_000117,0
sarcos_regression_train_000118,0
sarcos_regression_train_000119,2
sarcos_regression_train_000120,2
sarcos_regression_train_000121,0
sarcos_regression_train_000122,2
sarcos_regression_train_000123,3
sarcos_regression_train_000124,0
sarcos_regression_train_000125,2
sarcos_regression_train_000126,4
sarcos_regression_train_000127,1
sarcos_regression_train_000128,3
sarcos_regression_train_000129,1
sarcos_regression_train_000130,2
sarcos_regression_train_000131,1
sarcos_regression_train_000132,1
sarcos_regression_train_000133,1
sarcos_regression_train_000134,3
sarcos_regression_train_000135,2
sarcos_regression_train_000136,1
sarcos_regression_train_000137,2
sarcos_regression_train_000138,0
sarcos_regression_train_000139,4
sarcos_regression_train_000140,0
sarcos_regression_train_000141,2
sarcos_regression_train_000142,0
sarcos_regression_train_000143,4
sarcos_regression_train_000144,4
sarcos_regression_train_000145,3
sarcos_regression_train_000146,1
sarcos_regression_train_000147,4
sarcos_regression_train_000148,3
sarcos_regression_train_000149,1
sarcos_regression_train_000150,3
sarcos_regression_train_000151,0
sarcos_regression_train_000152,4
sarcos_regression_train_000153,4
sarcos_regression_train_000154,4
sarcos_regression_train_000155,0
sarcos_regression_train_000156,2
sarcos_regression_train_000157,3
sarcos_regression_train_000158,4
sarcos_regression_train_000159,2
sarcos_regression_train_000160,1
sarcos_regression_train_000161,1
sarcos_regression_train_000162,1
sarcos_regression_train_000163,3
sarcos_regression_train_000164,4
sarcos_regression_train_000165,0
sarcos_regression_train_000166,1
sarcos_regression_train_000167,3
sarcos_regression_train_000168,2
sarcos_regression_train_000169,3
sarcos_regression_train_000170,1
sarcos_regression_train_000171,3
sarcos_regression_train_000172,3
sarcos_regression_train_000173,3
sarcos_regression_train_000174,4
sarcos_regression_train_000175,2
sarcos_regression_train_000176,4
sarcos_regression_train_000177,2
sarcos_regression_train_000178,0
sarcos_regression_train_000179,0
sarcos_regression_train_000180,1
sarcos_regression_train_000181,1
sarcos_regression_train_000182,2
sarcos_regression_train_000183,0
sarcos_regression_train_000184,1
sarcos_regression_train_000185,0
sarcos_regression_train_000186,1
sarcos_regression_train_000187,0
sarcos_regression_train_000188,2
sarcos_regression_train_000189,4
sarcos_regression_train_000190,0
sarcos_regression_train_000191,1
sarcos_regression_train_000192,3
sarcos_regression_train_000193,4
sarcos_regression_train_000194,2
sarcos_regression_train_000195,1
sarcos_regression_train_000196,2
sarcos_regression_train_000197,3
sarcos_regression_train_000198,0
sarcos_regression_train_000199,1
sarcos_regression_train_000200,3
sarcos_regression_train_000201,0
sarcos_regression_train_000202,3
sarcos_regression_train_000203,1
sarcos_regression_train_000204,0
sarcos_regression_train_000205,1
sarcos_regression_train_000206,0
sarcos_regression_train_000207,4
sarcos_regression_train_000208,0
sarcos_regression_train_000209,0
sarcos_regression_train_000210,0
sarcos_regression_train_000211,1
sarcos_regression_train_000212,0
sarcos_regression_train_000213,3
sarcos_regression_train_000214,0
sarcos_regression_train_000215,1
sarcos_regression_train_000216,4
sarcos_regression_train_000217,2
sarcos_regression_train_000218,3
sarcos_regression_train_000219,1
sarcos_regression_train_000220,3
sarcos_regression_train_000221,3
sarcos_regression_train_000222,3
sarcos_regression_train_000223,3
sarcos_regression_train_000224,0
sarcos_regression_train_000225,3
sarcos_regression_train_000226,4
sarcos_regression_train_000227,3
sarcos_regression_train_000228,2
sarcos_regression_train_000229,0
sarcos_regression_train_000230,0
sarcos_regression_train_000231,2
sarcos_regression_train_000232,3
sarcos_regression_train_000233,3
sarcos_regression_train_000234,4
sarcos_regression_train_000235,1
sarcos_regression_train_000236,3
sarcos_regression_train_000237,0
sarcos_regression_train_000238,3
sarcos_regression_train_000239,1
sarcos_regression_train_000240,4
sarcos_regression_train_000241,3
sarcos_regression_train_000242,4
sarcos_regression_train_000243,2
sarcos_regression_train_000244,3
sarcos_regression_train_000245,0
sarcos_regression_train_000246,4
sarcos_regression_train_000247,1
sarcos_regression_train_000248,4
sarcos_regression_train_000249,2
sarcos_regression_train_000250,4
sarcos_regression_train_000251,1
sarcos_regression_train_000252,2
sarcos_regression_train_000253,3
sarcos_regression_train_000254,1
sarcos_regression_train_000255,3
sarcos_regression_train_000256,0
sarcos_regression_train_000257,1
sarcos_regression_train_000258,0
sarcos_regression_train_000259,2
sarcos_regression_train_000260,3
sarcos_regression_train_000261,3
sarcos_regression_train_000262,0
sarcos_regression_train_000263,2
sarcos_regression_train_000264,3
sarcos_regression_train_000265,4
sarcos_regression_train_000266,1
sarcos_regression_train_000267,2
sarcos_regression_train_000268,0
sarcos_regression_train_000269,3
sarcos_regression_train_000270,3
sarcos_regression_train_000271,3
sarcos_regression_train_000272,1
sarcos_regression_train_000273,2
sarcos_regression_train_000274,3
sarcos_regression_train_000275,1
sarcos_regression_train_000276,4
sarcos_regression_train_000277,1
sarcos_regression_train_000278,3
sarcos_regression_train_000279,4
sarcos_regression_train_000280,2
sarcos_regression_train_000281,3
sarcos_regression_train_000282,1
sarcos_regression_train_000283,4
sarcos_regression_train_000284,1
sarcos_regression_train_000285,0
sarcos_regression_train_000286,4
sarcos_regression_train_000287,4
sarcos_regression_train_000288,0
sarcos_regression_train_000289,3
sarcos_regression_train_000290,4
sarcos_regression_train_000291,2
sarcos_regression_train_000292,0
sarcos_regression_train_000293,3
sarcos_regression_train_000294,1
sarcos_regression_train_000295,2
sarcos_regression_train_000296,4
sarcos_regression_train_000297,4
sarcos_regression_train_000298,1
sarcos_regression_train_000299,4
sarcos_regression_train_000300,1
sarcos_regression_train_000301,3
sarcos_regression_train_000302,3
sarcos_regression_train_000303,0
sarcos_regression_train_000304,4
sarcos_regression_train_000305,4
sarcos_regression_train_000306,4
sarcos_regression_train_000307,0
sarcos_regression_train_000308,0
sarcos_regression_train_000309,1
sarcos_regression_train_000310,1
sarcos_regression_train_000311,3
sarcos_regression_train_000312,2
sarcos_regression_train_000313,4
sarcos_regression_train_000314,0
sarcos_regression_train_000315,2
sarcos_regression_train_000316,1
sarcos_regression_train_000317,0
sarcos_regression_train_000318,4
sarcos_regression_train_000319,2
sarcos_regression_train_000320,1
sarcos_regression_train_000321,0
sarcos_regression_train_000322,0
sarcos_regression_train_000323,2
sarcos_regression_train_000324,1
sarcos_regression_train_000325,4
sarcos_regression_train_000326,0
sarcos_regression_train_000327,3
sarcos_regression_train_000328,2
sarcos_regression_train_000329,2
sarcos_regression_train_000330,0
sarcos_regression_train_000331,4
sarcos_regression_train_000332,1
sarcos_regression_train_000333,4
sarcos_regression_train_000334,4
sarcos_regression_train_000335,0
sarcos_regression_train_000336,2
sarcos_regression_train_000337,4
sarcos_regression_train_000338,3
sarcos_regression_train_000339,0
sarcos_regression_train_000340,4
sarcos_regression_train_000341,4
sarcos_regression_train_000342,2
sarcos_regression_train_000343,1
sarcos_regression_train_000344,4
sarcos_regression_train_000345,3
sarcos_regression_train_000346,0
sarcos_regression_train_000347,2
sarcos_regression_train_000348,1
sarcos_regression_train_000349,0
sarcos_regression_train_000350,2
sarcos_regression_train_000351,2
sarcos_regression_train_000352,4
sarcos_regression_train_000353,4
sarcos_regression_train_000354,0
sarcos_regression_train_000355,3
sarcos_regression_train_000356,1
sarcos_regression_train_000357,2
sarcos_regression_train_000358,3
sarcos_regression_train_000359,2
sarcos_regression_train_000360,1
sarcos_regression_train_000361,3
sarcos_regression_train_000362,4
sarcos_regression_train_000363,0
sarcos_regression_train_000364,0
sarcos_regression_train_000365,1
sarcos_regression_train_000366,1
sarcos_regression_train_000367,4
sarcos_regression_train_000368,1
sarcos_regression_train_000369,1
sarcos_regression_train_000370,1
sarcos_regression_train_000371,2
sarcos_regression_train_000372,4
sarcos_regression_train_000373,4
sarcos_regression_train_000374,2
sarcos_regression_train_000375,1
sarcos_regression_train_000376,0
sarcos_regression_train_000377,3
sarcos_regression_train_000378,3
sarcos_regression_train_000379,1
sarcos_regression_train_000380,3
sarcos_regression_train_000381,1
sarcos_regression_train_000382,4
sarcos_regression_train_000383,2
sarcos_regression_train_000384,2
sarcos_regression_train_000385,1
sarcos_regression_train_000386,1
sarcos_regression_train_000387,2
sarcos_regression_train_000388,0
sarcos_regression_train_000389,4
sarcos_regression_train_000390,0
sarcos_regression_train_000391,2
sarcos_regression_train_000392,4
sarcos_regression_train_000393,1
sarcos_regression_train_000394,1
sarcos_regression_train_000395,2
sarcos_regression_train_000396,2
sarcos_regression_train_000397,0
sarcos_regression_train_000398,4
sarcos_regression_train_000399,2
sarcos_regression_train_000400,3
sarcos_regression_train_000401,3
sarcos_regression_train_000402,0
sarcos_regression_train_000403,0
sarcos_regression_train_000404,4
sarcos_regression_train_000405,2
sarcos_regression_train_000406,3
sarcos_regression_train_000407,3
sarcos_regression_train_000408,2
sarcos_regression_train_000409,0
sarcos_regression_train_000410,3
sarcos_regression_train_000411,4
sarcos_regression_train_000412,4
sarcos_regression_train_000413,3
sarcos_regression_train_000414,0
sarcos_regression_train_000415,2
sarcos_regression_train_000416,2
sarcos_regression_train_000417,3
sarcos_regression_train_000418,1
sarcos_regression_train_000419,4
sarcos_regression_train_000420,1
sarcos_regression_train_000421,2
sarcos_regression_train_000422,2
sarcos_regression_train_000423,2
sarcos_regression_train_000424,0
sarcos_regression_train_000425,3
sarcos_regression_train_000426,4
sarcos_regression_train_000427,0
sarcos_regression_train_000428,1
sarcos_regression_train_000429,4
sarcos_regression_train_000430,4
sarcos_regression_train_000431,2
sarcos_regression_train_000432,0
sarcos_regression_train_000433,3
sarcos_regression_train_000434,0
sarcos_regression_train_000435,3
sarcos_regression_train_000436,2
sarcos_regression_train_000437,4
sarcos_regression_train_000438,2
sarcos_regression_train_000439,0
sarcos_regression_train_000440,2
sarcos_regression_train_000441,4
sarcos_regression_train_000442,0
sarcos_regression_train_000443,0
sarcos_regression_train_000444,0
sarcos_regression_train_000445,0
sarcos_regression_train_000446,4
sarcos_regression_train_000447,1
sarcos_regression_train_000448,2
sarcos_regression_train_000449,0
sarcos_regression_train_000450,3
sarcos_regression_train_000451,1
sarcos_regression_train_000452,2
sarcos_regression_train_000453,3
sarcos_regression_train_000454,3
sarcos_regression_train_000455,2
sarcos_regression_train_000456,4
sarcos_regression_train_000457,3
sarcos_regression_train_000458,0
sarcos_regression_train_000459,4
sarcos_regression_train_000460,3
sarcos_regression_train_000461,1
sarcos_regression_train_000462,0
sarcos_regression_train_000463,2
sarcos_regression_train_000464,0
sarcos_regression_train_000465,2
sarcos_regression_train_000466,2
sarcos_regression_train_000467,0
sarcos_regression_train_000468,1
sarcos_regression_train_000469,3
sarcos_regression_train_000470,3
sarcos_regression_train_000471,4
sarcos_regression_train_000472,3
sarcos_regression_train_000473,0
sarcos_regression_train_000474,1
sarcos_regression_train_000475,3
sarcos_regression_train_000476,2
sarcos_regression_train_000477,4
sarcos_regression_train_000478,0
sarcos_regression_train_000479,2
sarcos_regression_train_000480,0
sarcos_regression_train_000481,0
sarcos_regression_train_000482,1
sarcos_regression_train_000483,0
sarcos_regression_train_000484,1
sarcos_regression_train_000485,1
sarcos_regression_train_000486,3
sarcos_regression_train_000487,3
sarcos_regression_train_000488,1
sarcos_regression_train_000489,3
sarcos_regression_train_000490,4
sarcos_regression_train_000491,4
sarcos_regression_train_000492,0
sarcos_regression_train_000493,4
sarcos_regression_train_000494,3
sarcos_regression_train_000495,2
sarcos_regression_train_000496,3
sarcos_regression_train_000497,3
sarcos_regression_train_000498,2
sarcos_regression_train_000499,2
sarcos_regression_train_000500,0
sarcos_regression_train_000501,2
sarcos_regression_train_000502,4
sarcos_regression_train_000503,0
sarcos_regression_train_000504,4
sarcos_regression_train_000505,4
sarcos_regression_train_000506,0
sarcos_regression_train_000507,2
sarcos_regression_train_000508,2
sarcos_regression_train_000509,0
sarcos_regression_train_000510,0
sarcos_regression_train_000511,4
sarcos_regression_train_000512,2
sarcos_regression_train_000513,3
sarcos_regression_train_000514,3
sarcos_regression_train_000515,3
sarcos_regression_train_000516,1
sarcos_regression_train_000517,1
sarcos_regression_train_000518,0
sarcos_regression_train_000519,4
sarcos_regression_train_000520,3
sarcos_regression_train_000521,2
sarcos_regression_train_000522,2
sarcos_regression_train_000523,3
sarcos_regression_train_000524,2
sarcos_regression_train_000525,4
sarcos_regression_train_000526,3
sarcos_regression_train_000527,3
sarcos_regression_train_000528,4
sarcos_regression_train_000529,1
sarcos_regression_train_000530,3
sarcos_regression_train_000531,1
sarcos_regression_train_000532,0
sarcos_regression_train_000533,1
sarcos_regression_train_000534,2
sarcos_regression_train_000535,4
sarcos_regression_train_000536,2
sarcos_regression_train_000537,0
sarcos_regression_train_000538,1
sarcos_regression_train_000539,1
sarcos_regression_train_000540,4
sarcos_regression_train_000541,4
sarcos_regression_train_000542,2
sarcos_regression_train_000543,3
sarcos_regression_train_000544,1
sarcos_regression_train_000545,2
sarcos_regression_train_000546,2
sarcos_regression_train_000547,0
sarcos_regression_train_000548,0
sarcos_regression_train_000549,4
sarcos_regression_train_000550,4
sarcos_regression_train_000551,4
sarcos_regression_train_000552,3
sarcos_regression_train_000553,0
sarcos_regression_train_000554,2
sarcos_regression_train_000555,0
sarcos_regression_train_000556,4
sarcos_regression_train_000557,3
sarcos_regression_train_000558,4
sarcos_regression_train_000559,2
sarcos_regression_train_000560,2
sarcos_regression_train_000561,1
sarcos_regression_train_000562,2
sarcos_regression_train_000563,4
sarcos_regression_train_000564,1
sarcos_regression_train_000565,4
sarcos_regression_train_000566,3
sarcos_regression_train_000567,4
sarcos_regression_train_000568,4
sarcos_regression_train_000569,2
sarcos_regression_train_000570,0
sarcos_regression_train_000571,0
sarcos_regression_train_000572,0
sarcos_regression_train_000573,2
sarcos_regression_train_000574,3
sarcos_regression_train_000575,2
sarcos_regression_train_000576,2
sarcos_regression_train_000577,3
sarcos_regression_train_000578,4
sarcos_regression_train_000579,1
sarcos_regression_train_000580,2
sarcos_regression_train_000581,4
sarcos_regression_train_000582,1
sarcos_regression_train_000583,4
sarcos_regression_train_000584,3
sarcos_regression_train_000585,3
sarcos_regression_train_000586,3
sarcos_regression_train_000587,0
sarcos_regression_train_000588,1
sarcos_regression_train_000589,3
sarcos_regression_train_000590,4
sarcos_regression_train_000591,0
sarcos_regression_train_000592,3
sarcos_regression_train_000593,3
sarcos_regression_train_000594,0
sarcos_regression_train_000595,3
sarcos_regression_train_000596,1
sarcos_regression_train_000597,2
sarcos_regression_train_000598,4
sarcos_regression_train_000599,3
sarcos_regression_train_000600,2
sarcos_regression_train_000601,4
sarcos_regression_train_000602,0
sarcos_regression_train_000603,3
sarcos_regression_train_000604,4
sarcos_regression_train_000605,2
sarcos_regression_train_000606,0
sarcos_regression_train_000607,2
sarcos_regression_train_000608,1
sarcos_regression_train_000609,3
sarcos_regression_train_000610,2
sarcos_regression_train_000611,2
sarcos_regression_train_000612,0
sarcos_regression_train_000613,1
sarcos_regression_train_000614,1
sarcos_regression_train_000615,1
sarcos_regression_train_000616,2
sarcos_regression_train_000617,0
sarcos_regression_train_000618,1
sarcos_regression_train_000619,2
sarcos_regression_train_000620,3
sarcos_regression_train_000621,1
sarcos_regression_train_000622,0
sarcos_regression_train_000623,0
sarcos_regression_train_000624,2
sarcos_regression_train_000625,2
sarcos_regression_train_000626,3
sarcos_regression_train_000627,1
sarcos_regression_train_000628,0
sarcos_regression_train_000629,4
sarcos_regression_train_000630,0
sarcos_regression_train_000631,4
sarcos_regression_train_000632,1
sarcos_regression_train_000633,0
sarcos_regression_train_000634,2
sarcos_regression_train_000635,1
sarcos_regression_train_000636,3
sarcos_regression_train_000637,1
sarcos_regression_train_000638,0
sarcos_regression_train_000639,3
sarcos_regression_train_000640,0
sarcos_regression_train_000641,3
sarcos_regression_train_000642,3
sarcos_regression_train_000643,3
sarcos_regression_train_000644,0
sarcos_regression_train_000645,1
sarcos_regression_train_000646,3
sarcos_regression_train_000647,3
sarcos_regression_train_000648,2
sarcos_regression_train_000649,3
sarcos_regression_train_000650,1
sarcos_regression_train_000651,3
sarcos_regression_train_000652,3
sarcos_regression_train_000653,4
sarcos_regression_train_000654,4
sarcos_regression_train_000655,3
sarcos_regression_train_000656,4
sarcos_regression_train_000657,4
sarcos_regression_train_000658,4
sarcos_regression_train_000659,0
sarcos_regression_train_000660,4
sarcos_regression_train_000661,1
sarcos_regression_train_000662,0
sarcos_regression_train_000663,1
sarcos_regression_train_000664,2
sarcos_regression_train_000665,1
sarcos_regression_train_000666,2
sarcos_regression_train_000667,0
sarcos_regression_train_000668,3
sarcos_regression_train_000669,0
sarcos_regression_train_000670,2
sarcos_regression_train_000671,1
sarcos_regression_train_000672,2
sarcos_regression_train_000673,0
sarcos_regression_train_000674,2
sarcos_regression_train_000675,3
sarcos_regression_train_000676,4
sarcos_regression_train_000677,3
sarcos_regression_train_000678,2
sarcos_regression_train_000679,2
sarcos_regression_train_000680,3
sarcos_regression_train_000681,2
sarcos_regression_train_000682,2
sarcos_regression_train_000683,0
sarcos_regression_train_000684,4
sarcos_regression_train_000685,2
sarcos_regression_train_000686,1
sarcos_regression_train_000687,3
sarcos_regression_train_000688,1
sarcos_regression_train_000689,4
sarcos_regression_train_000690,4
sarcos_regression_train_000691,4
sarcos_regression_train_000692,2
sarcos_regression_train_000693,1
sarcos_regression_train_000694,2
sarcos_regression_train_000695,1
sarcos_regression_train_000696,4
sarcos_regression_train_000697,0
sarcos_regression_train_000698,2
sarcos_regression_train_000699,2
sarcos_regression_train_000700,2
sarcos_regression_train_000701,4
sarcos_regression_train_000702,2
sarcos_regression_train_000703,4
sarcos_regression_train_000704,2
sarcos_regression_train_000705,0
sarcos_regression_train_000706,4
sarcos_regression_train_000707,2
sarcos_regression_train_000708,4
sarcos_regression_train_000709,1
sarcos_regression_train_000710,4
sarcos_regression_train_000711,1
sarcos_regression_train_000712,3
sarcos_regression_train_000713,3
sarcos_regression_train_000714,4
sarcos_regression_train_000715,4
sarcos_regression_train_000716,2
sarcos_regression_train_000717,0
sarcos_regression_train_000718,1
sarcos_regression_train_000719,2
sarcos_regression_train_000720,2
sarcos_regression_train_000721,3
sarcos_regression_train_000722,0
sarcos_regression_train_000723,2
sarcos_regression_train_000724,2
sarcos_regression_train_000725,1
sarcos_regression_train_000726,2
sarcos_regression_train_000727,1
sarcos_regression_train_000728,1
sarcos_regression_train_000729,2
sarcos_regression_train_000730,2
sarcos_regression_train_000731,2
sarcos_regression_train_000732,1
sarcos_regression_train_000733,1
sarcos_regression_train_000734,4
sarcos_regression_train_000735,1
sarcos_regression_train_000736,4
sarcos_regression_train_000737,3
sarcos_regression_train_000738,0
sarcos_regression_train_000739,0
sarcos_regression_train_000740,2
sarcos_regression_train_000741,1
sarcos_regression_train_000742,1
sarcos_regression_train_000743,1
sarcos_regression_train_000744,4
sarcos_regression_train_000745,4
sarcos_regression_train_000746,4
sarcos_regression_train_000747,2
sarcos_regression_train_000748,1
sarcos_regression_train_000749,2
sarcos_regression_train_000750,1
sarcos_regression_train_000751,4
sarcos_regression_train_000752,3
sarcos_regression_train_000753,3
sarcos_regression_train_000754,3
sarcos_regression_train_000755,2
sarcos_regression_train_000756,4
sarcos_regression_train_000757,1
sarcos_regression_train_000758,1
sarcos_regression_train_000759,2
sarcos_regression_train_000760,4
sarcos_regression_train_000761,1
sarcos_regression_train_000762,2
sarcos_regression_train_000763,0
sarcos_regression_train_000764,2
sarcos_regression_train_000765,1
sarcos_regression_train_000766,2
sarcos_regression_train_000767,0
sarcos_regression_train_000768,0
sarcos_regression_train_000769,0
sarcos_regression_train_000770,4
sarcos_regression_train_000771,3
sarcos_regression_train_000772,1
sarcos_regression_train_000773,1
sarcos_regression_train_000774,0
sarcos_regression_train_000775,2
sarcos_regression_train_000776,4
sarcos_regression_train_000777,1
sarcos_regression_train_000778,3
sarcos_regression_train_000779,0
sarcos_regression_train_000780,1
sarcos_regression_train_000781,0
sarcos_regression_train_000782,1
sarcos_regression_train_000783,0
sarcos_regression_train_000784,1
sarcos_regression_train_000785,0
sarcos_regression_train_000786,2
sarcos_regression_train_000787,3
sarcos_regression_train_000788,2
sarcos_regression_train_000789,0
sarcos_regression_train_000790,4
sarcos_regression_train_000791,2
sarcos_regression_train_000792,0
sarcos_regression_train_000793,3
sarcos_regression_train_000794,3
sarcos_regression_train_000795,1
sarcos_regression_train_000796,1
sarcos_regression_train_000797,4
sarcos_regression_train_000798,0
sarcos_regression_train_000799,1
sarcos_regression_train_000800,0
sarcos_regression_train_000801,4
sarcos_regression_train_000802,3
sarcos_regression_train_000803,2
sarcos_regression_train_000804,4
sarcos_regression_train_000805,4
sarcos_regression_train_000806,1
sarcos_regression_train_000807,3
sarcos_regression_train_000808,1
sarcos_regression_train_000809,3
sarcos_regression_train_000810,2
sarcos_regression_train_000811,4
sarcos_regression_train_000812,1
sarcos_regression_train_000813,1
sarcos_regression_train_000814,3
sarcos_regression_train_000815,0
sarcos_regression_train_000816,4
sarcos_regression_train_000817,4
sarcos_regression_train_000818,4
sarcos_regression_train_000819,2
sarcos_regression_train_000820,3
sarcos_regression_train_000821,0
sarcos_regression_train_000822,4
sarcos_regression_train_000823,0
sarcos_regression_train_000824,0
sarcos_regression_train_000825,0
sarcos_regression_train_000826,2
sarcos_regression_train_000827,2
sarcos_regression_train_000828,4
sarcos_regression_train_000829,1
sarcos_regression_train_000830,1
sarcos_regression_train_000831,0
sarcos_regression_train_000832,4
sarcos_regression_train_000833,1
sarcos_regression_train_000834,0
sarcos_regression_train_000835,2
sarcos_regression_train_000836,1
sarcos_regression_train_000837,0
sarcos_regression_train_000838,1
sarcos_regression_train_000839,3
sarcos_regression_train_000840,4
sarcos_regression_train_000841,1
sarcos_regression_train_000842,4
sarcos_regression_train_000843,2
sarcos_regression_train_000844,2
sarcos_regression_train_000845,2
sarcos_regression_train_000846,0
sarcos_regression_train_000847,0
sarcos_regression_train_000848,2
sarcos_regression_train_000849,2
sarcos_regression_train_000850,4
sarcos_regression_train_000851,1
sarcos_regression_train_000852,0
sarcos_regression_train_000853,2
sarcos_regression_train_000854,3
sarcos_regression_train_000855,2
sarcos_regression_train_000856,3
sarcos_regression_train_000857,3
sarcos_regression_train_000858,2
sarcos_regression_train_000859,4
sarcos_regression_train_000860,2
sarcos_regression_train_000861,0
sarcos_regression_train_000862,3
sarcos_regression_train_000863,2
sarcos_regression_train_000864,1
sarcos_regression_train_000865,2
sarcos_regression_train_000866,2
sarcos_regression_train_000867,3
sarcos_regression_train_000868,1
sarcos_regression_train_000869,2
sarcos_regression_train_000870,1
sarcos_regression_train_000871,4
sarcos_regression_train_000872,0
sarcos_regression_train_000873,1
sarcos_regression_train_000874,0
sarcos_regression_train_000875,4
sarcos_regression_train_000876,4
sarcos_regression_train_000877,0
sarcos_regression_train_000878,1
sarcos_regression_train_000879,3
sarcos_regression_train_000880,0
sarcos_regression_train_000881,2
sarcos_regression_train_000882,2
sarcos_regression_train_000883,1
sarcos_regression_train_000884,2
sarcos_regression_train_000885,2
sarcos_regression_train_000886,3
sarcos_regression_train_000887,1
sarcos_regression_train_000888,0
sarcos_regression_train_000889,1
sarcos_regression_train_000890,0
sarcos_regression_train_000891,2
sarcos_regression_train_000892,4
sarcos_regression_train_000893,4
sarcos_regression_train_000894,3
sarcos_regression_train_000895,4
sarcos_regression_train_000896,0
sarcos_regression_train_000897,0
sarcos_regression_train_000898,0
sarcos_regression_train_000899,2
sarcos_regression_train_000900,0
sarcos_regression_train_000901,0
sarcos_regression_train_000902,1
sarcos_regression_train_000903,3
sarcos_regression_train_000904,0
sarcos_regression_train_000905,1
sarcos_regression_train_000906,1
sarcos_regression_train_000907,3
sarcos_regression_train_000908,0
sarcos_regression_train_000909,0
sarcos_regression_train_000910,3
sarcos_regression_train_000911,1
sarcos_regression_train_000912,3
sarcos_regression_train_000913,0
sarcos_regression_train_000914,1
sarcos_regression_train_000915,0
sarcos_regression_train_000916,1
sarcos_regression_train_000917,2
sarcos_regression_train_000918,3
sarcos_regression_train_000919,2
sarcos_regression_train_000920,0
sarcos_regression_train_000921,0
sarcos_regression_train_000922,1
sarcos_regression_train_000923,2
sarcos_regression_train_000924,2
sarcos_regression_train_000925,4
sarcos_regression_train_000926,1
sarcos_regression_train_000927,0
sarcos_regression_train_000928,1
sarcos_regression_train_000929,4
sarcos_regression_train_000930,1
sarcos_regression_train_000931,0
sarcos_regression_train_000932,3
sarcos_regression_train_000933,0
sarcos_regression_train_000934,0
sarcos_regression_train_000935,2
sarcos_regression_train_000936,1
sarcos_regression_train_000937,0
sarcos_regression_train_000938,2
sarcos_regression_train_000939,0
sarcos_regression_train_000940,0
sarcos_regression_train_000941,1
sarcos_regression_train_000942,4
sarcos_regression_train_000943,0
sarcos_regression_train_000944,3
sarcos_regression_train_000945,2
sarcos_regression_train_000946,0
sarcos_regression_train_000947,1
sarcos_regression_train_000948,2
sarcos_regression_train_000949,4
sarcos_regression_train_000950,2
sarcos_regression_train_000951,0
sarcos_regression_train_000952,4
sarcos_regression_train_000953,4
sarcos_regression_train_000954,1
sarcos_regression_train_000955,2
sarcos_regression_train_000956,4
sarcos_regression_train_000957,1
sarcos_regression_train_000958,2
sarcos_regression_train_000959,2
sarcos_regression_train_000960,1
sarcos_regression_train_000961,1
sarcos_regression_train_000962,0
sarcos_regression_train_000963,2
sarcos_regression_train_000964,4
sarcos_regression_train_000965,0
sarcos_regression_train_000966,1
sarcos_regression_train_000967,4
sarcos_regression_train_000968,0
sarcos_regression_train_000969,2
sarcos_regression_train_000970,3
sarcos_regression_train_000971,1
sarcos_regression_train_000972,0
sarcos_regression_train_000973,1
sarcos_regression_train_000974,2
sarcos_regression_train_000975,3
sarcos_regression_train_000976,2
sarcos_regression_train_000977,3
sarcos_regression_train_000978,2
sarcos_regression_train_000979,0
sarcos_regression_train_000980,0
sarcos_regression_train_000981,0
sarcos_regression_train_000982,1
sarcos_regression_train_000983,0
sarcos_regression_train_000984,1
sarcos_regression_train_000985,4
sarcos_regression_train_000986,1
sarcos_regression_train_000987,0
sarcos_regression_train_000988,4
sarcos_regression_train_000989,4
sarcos_regression_train_000990,3
sarcos_regression_train_000991,2
sarcos_regression_train_000992,3
sarcos_regression_train_000993,1
sarcos_regression_train_000994,2
sarcos_regression_train_000995,3
sarcos_regression_train_000996,1
sarcos_regression_train_000997,2
sarcos_regression_train_000998,2
sarcos_regression_train_000999,0
sarcos_regression_train_001000,1
sarcos_regression_train_001001,4
sarcos_regression_train_001002,2
sarcos_regression_train_001003,0
sarcos_regression_train_001004,2
sarcos_regression_train_001005,0
sarcos_regression_train_001006,0
sarcos_regression_train_001007,1
sarcos_regression_train_001008,0
sarcos_regression_train_001009,3
sarcos_regression_train_001010,1
sarcos_regression_train_001011,1
sarcos_regression_train_001012,4
sarcos_regression_train_001013,3
sarcos_regression_train_001014,1
sarcos_regression_train_001015,2
sarcos_regression_train_001016,2
sarcos_regression_train_001017,0
sarcos_regression_train_001018,2
sarcos_regression_train_001019,4
sarcos_regression_train_001020,3
sarcos_regression_train_001021,3
sarcos_regression_train_001022,3
sarcos_regression_train_001023,0
sarcos_regression_train_001024,1
sarcos_regression_train_001025,4
sarcos_regression_train_001026,2
sarcos_regression_train_001027,3
sarcos_regression_train_001028,3
sarcos_regression_train_001029,3
sarcos_regression_train_001030,2
sarcos_regression_train_001031,0
sarcos_regression_train_001032,1
sarcos_regression_train_001033,1
sarcos_regression_train_001034,0
sarcos_regression_train_001035,3
sarcos_regression_train_001036,4
sarcos_regression_train_001037,4
sarcos_regression_train_001038,3
sarcos_regression_train_001039,0
sarcos_regression_train_001040,0
sarcos_regression_train_001041,2
sarcos_regression_train_001042,2
sarcos_regression_train_001043,4
sarcos_regression_train_001044,4
sarcos_regression_train_001045,4
sarcos_regression_train_001046,1
sarcos_regression_train_001047,4
sarcos_regression_train_001048,1
sarcos_regression_train_001049,1
sarcos_regression_train_001050,2
sarcos_regression_train_001051,3
sarcos_regression_train_001052,4
sarcos_regression_train_001053,3
sarcos_regression_train_001054,2
sarcos_regression_train_001055,3
sarcos_regression_train_001056,3
sarcos_regression_train_001057,4
sarcos_regression_train_001058,0
sarcos_regression_train_001059,3
sarcos_regression_train_001060,2
sarcos_regression_train_001061,0
sarcos_regression_train_001062,0
sarcos_regression_train_001063,3
sarcos_regression_train_001064,1
sarcos_regression_train_001065,2
sarcos_regression_train_001066,1
sarcos_regression_train_001067,1
sarcos_regression_train_001068,3
sarcos_regression_train_001069,0
sarcos_regression_train_001070,2
sarcos_regression_train_001071,4
sarcos_regression_train_001072,3
sarcos_regression_train_001073,2
sarcos_regression_train_001074,4
sarcos_regression_train_001075,3
sarcos_regression_train_001076,4
sarcos_regression_train_001077,0
sarcos_regression_train_001078,4
sarcos_regression_train_001079,4
sarcos_regression_train_001080,2
sarcos_regression_train_001081,1
sarcos_regression_train_001082,2
sarcos_regression_train_001083,0
sarcos_regression_train_001084,0
sarcos_regression_train_001085,1
sarcos_regression_train_001086,0
sarcos_regression_train_001087,1
sarcos_regression_train_001088,0
sarcos_regression_train_001089,2
sarcos_regression_train_001090,2
sarcos_regression_train_001091,0
sarcos_regression_train_001092,0
sarcos_regression_train_001093,3
sarcos_regression_train_001094,2
sarcos_regression_train_001095,3
sarcos_regression_train_001096,1
sarcos_regression_train_001097,4
sarcos_regression_train_001098,1
sarcos_regression_train_001099,1
sarcos_regression_train_001100,4
sarcos_regression_train_001101,1
sarcos_regression_train_001102,0
sarcos_regression_train_001103,2
sarcos_regression_train_001104,4
sarcos_regression_train_001105,4
sarcos_regression_train_001106,3
sarcos_regression_train_001107,2
sarcos_regression_train_001108,3
sarcos_regression_train_001109,3
sarcos_regression_train_001110,1
sarcos_regression_train_001111,0
sarcos_regression_train_001112,2
sarcos_regression_train_001113,0
sarcos_regression_train_001114,3
sarcos_regression_train_001115,0
sarcos_regression_train_001116,0
sarcos_regression_train_001117,1
sarcos_regression_train_001118,3
sarcos_regression_train_001119,0
sarcos_regression_train_001120,3
sarcos_regression_train_001121,4
sarcos_regression_train_001122,1
sarcos_regression_train_001123,2
sarcos_regression_train_001124,0
sarcos_regression_train_001125,3
sarcos_regression_train_001126,2
sarcos_regression_train_001127,2
sarcos_regression_train_001128,1
sarcos_regression_train_001129,1
sarcos_regression_train_001130,4
sarcos_regression_train_001131,3
sarcos_regression_train_001132,3
sarcos_regression_train_001133,0
sarcos_regression_train_001134,4
sarcos_regression_train_001135,1
sarcos_regression_train_001136,4
sarcos_regression_train_001137,3
sarcos_regression_train_001138,4
sarcos_regression_train_001139,0
sarcos_regression_train_001140,1
sarcos_regression_train_001141,1
sarcos_regression_train_001142,3
sarcos_regression_train_001143,4
sarcos_regression_train_001144,3
sarcos_regression_train_001145,0
sarcos_regression_train_001146,3
sarcos_regression_train_001147,1
sarcos_regression_train_001148,4
sarcos_regression_train_001149,1
sarcos_regression_train_001150,1
sarcos_regression_train_001151,0
sarcos_regression_train_001152,2
sarcos_regression_train_001153,1
sarcos_regression_train_001154,2
sarcos_regression_train_001155,4
sarcos_regression_train_001156,2
sarcos_regression_train_001157,3
sarcos_regression_train_001158,2
sarcos_regression_train_001159,0
sarcos_regression_train_001160,0
sarcos_regression_train_001161,4
sarcos_regression_train_001162,2
sarcos_regression_train_001163,4
sarcos_regression_train_001164,2
sarcos_regression_train_001165,0
sarcos_regression_train_001166,3
sarcos_regression_train_001167,4
sarcos_regression_train_001168,4
sarcos_regression_train_001169,3
sarcos_regression_train_001170,2
sarcos_regression_train_001171,0
sarcos_regression_train_001172,1
sarcos_regression_train_001173,3
sarcos_regression_train_001174,3
sarcos_regression_train_001175,2
sarcos_regression_train_001176,0
sarcos_regression_train_001177,2
sarcos_regression_train_001178,1
sarcos_regression_train_001179,4
sarcos_regression_train_001180,1
sarcos_regression_train_001181,3
sarcos_regression_train_001182,1
sarcos_regression_train_001183,1
sarcos_regression_train_001184,2
sarcos_regression_train_001185,3
sarcos_regression_train_001186,0
sarcos_regression_train_001187,1
sarcos_regression_train_001188,4
sarcos_regression_train_001189,2
sarcos_regression_train_001190,0
sarcos_regression_train_001191,0
sarcos_regression_train_001192,2
sarcos_regression_train_001193,3
sarcos_regression_train_001194,1
sarcos_regression_train_001195,1
sarcos_regression_train_001196,0
sarcos_regression_train_001197,4
sarcos_regression_train_001198,0
sarcos_regression_train_001199,4
sarcos_regression_train_001200,2
sarcos_regression_train_001201,1
sarcos_regression_train_001202,3
sarcos_regression_train_001203,4
sarcos_regression_train_001204,4
sarcos_regression_train_001205,3
sarcos_regression_train_001206,0
sarcos_regression_train_001207,1
sarcos_regression_train_001208,0
sarcos_regression_train_001209,0
sarcos_regression_train_001210,1
sarcos_regression_train_001211,2
sarcos_regression_train_001212,1
sarcos_regression_train_001213,0
sarcos_regression_train_001214,0
sarcos_regression_train_001215,4
sarcos_regression_train_001216,0
sarcos_regression_train_001217,3
sarcos_regression_train_001218,3
sarcos_regression_train_001219,1
sarcos_regression_train_001220,1
sarcos_regression_train_001221,0
sarcos_regression_train_001222,3
sarcos_regression_train_001223,2
sarcos_regression_train_001224,2
sarcos_regression_train_001225,1
sarcos_regression_train_001226,1
sarcos_regression_train_001227,3
sarcos_regression_train_001228,3
sarcos_regression_train_001229,1
sarcos_regression_train_001230,3
sarcos_regression_train_001231,4
sarcos_regression_train_001232,4
sarcos_regression_train_001233,0
sarcos_regression_train_001234,2
sarcos_regression_train_001235,0
sarcos_regression_train_001236,4
sarcos_regression_train_001237,2
sarcos_regression_train_001238,4
sarcos_regression_train_001239,0
sarcos_regression_train_001240,3
sarcos_regression_train_001241,1
sarcos_regression_train_001242,2
sarcos_regression_train_001243,3
sarcos_regression_train_001244,3
sarcos_regression_train_001245,2
sarcos_regression_train_001246,0
sarcos_regression_train_001247,4
sarcos_regression_train_001248,0
sarcos_regression_train_001249,2
sarcos_regression_train_001250,4
sarcos_regression_train_001251,0
sarcos_regression_train_001252,0
sarcos_regression_train_001253,1
sarcos_regression_train_001254,1
sarcos_regression_train_001255,2
sarcos_regression_train_001256,1
sarcos_regression_train_001257,3
sarcos_regression_train_001258,2
sarcos_regression_train_001259,3
sarcos_regression_train_001260,1
sarcos_regression_train_001261,2
sarcos_regression_train_001262,4
sarcos_regression_train_001263,1
sarcos_regression_train_001264,3
sarcos_regression_train_001265,3
sarcos_regression_train_001266,3
sarcos_regression_train_001267,1
sarcos_regression_train_001268,4
sarcos_regression_train_001269,0
sarcos_regression_train_001270,3
sarcos_regression_train_001271,0
sarcos_regression_train_001272,3
sarcos_regression_train_001273,4
sarcos_regression_train_001274,3
sarcos_regression_train_001275,4
sarcos_regression_train_001276,1
sarcos_regression_train_001277,3
sarcos_regression_train_001278,0
sarcos_regression_train_001279,2
sarcos_regression_train_001280,1
sarcos_regression_train_001281,4
sarcos_regression_train_001282,2
sarcos_regression_train_001283,3
sarcos_regression_train_001284,4
sarcos_regression_train_001285,4
sarcos_regression_train_001286,3
sarcos_regression_train_001287,0
sarcos_regression_train_001288,4
sarcos_regression_train_001289,4
sarcos_regression_train_001290,1
sarcos_regression_train_001291,1
sarcos_regression_train_001292,2
sarcos_regression_train_001293,3
sarcos_regression_train_001294,2
sarcos_regression_train_001295,3
sarcos_regression_train_001296,3
sarcos_regression_train_001297,0
sarcos_regression_train_001298,1
sarcos_regression_train_001299,0
sarcos_regression_train_001300,0
sarcos_regression_train_001301,4
sarcos_regression_train_001302,4
sarcos_regression_train_001303,3
sarcos_regression_train_001304,2
sarcos_regression_train_001305,2
sarcos_regression_train_001306,2
sarcos_regression_train_001307,0
sarcos_regression_train_001308,3
sarcos_regression_train_001309,4
sarcos_regression_train_001310,0
sarcos_regression_train_001311,0
sarcos_regression_train_001312,0
sarcos_regression_train_001313,1
sarcos_regression_train_001314,1
sarcos_regression_train_001315,2
sarcos_regression_train_001316,4
sarcos_regression_train_001317,2
sarcos_regression_train_001318,1
sarcos_regression_train_001319,0
sarcos_regression_train_001320,3
sarcos_regression_train_001321,3
sarcos_regression_train_001322,1
sarcos_regression_train_001323,0
sarcos_regression_train_001324,3
sarcos_regression_train_001325,3
sarcos_regression_train_001326,0
sarcos_regression_train_001327,2
sarcos_regression_train_001328,2
sarcos_regression_train_001329,4
sarcos_regression_train_001330,1
sarcos_regression_train_001331,1
sarcos_regression_train_001332,3
sarcos_regression_train_001333,1
sarcos_regression_train_001334,4
sarcos_regression_train_001335,2
sarcos_regression_train_001336,3
sarcos_regression_train_001337,2
sarcos_regression_train_001338,4
sarcos_regression_train_001339,2
sarcos_regression_train_001340,0
sarcos_regression_train_001341,3
sarcos_regression_train_001342,3
sarcos_regression_train_001343,1
sarcos_regression_train_001344,2
sarcos_regression_train_001345,3
sarcos_regression_train_001346,4
sarcos_regression_train_001347,4
sarcos_regression_train_001348,4
sarcos_regression_train_001349,2
sarcos_regression_train_001350,4
sarcos_regression_train_001351,3
sarcos_regression_train_001352,3
sarcos_regression_train_001353,2
sarcos_regression_train_001354,2
sarcos_regression_train_001355,3
sarcos_regression_train_001356,3
sarcos_regression_train_001357,0
sarcos_regression_train_001358,4
sarcos_regression_train_001359,0
sarcos_regression_train_001360,4
sarcos_regression_train_001361,3
sarcos_regression_train_001362,3
sarcos_regression_train_001363,1
sarcos_regression_train_001364,2
sarcos_regression_train_001365,4
sarcos_regression_train_001366,4
sarcos_regression_train_001367,3
sarcos_regression_train_001368,2
sarcos_regression_train_001369,3
sarcos_regression_train_001370,4
sarcos_regression_train_001371,4
sarcos_regression_train_001372,0
sarcos_regression_train_001373,3
sarcos_regression_train_001374,4
sarcos_regression_train_001375,0
sarcos_regression_train_001376,2
sarcos_regression_train_001377,4
sarcos_regression_train_001378,0
sarcos_regression_train_001379,4
sarcos_regression_train_001380,2
sarcos_regression_train_001381,0
sarcos_regression_train_001382,1
sarcos_regression_train_001383,1
sarcos_regression_train_001384,0
sarcos_regression_train_001385,0
sarcos_regression_train_001386,4
sarcos_regression_train_001387,2
sarcos_regression_train_001388,3
sarcos_regression_train_001389,4
sarcos_regression_train_001390,0
sarcos_regression_train_001391,4
sarcos_regression_train_001392,2
sarcos_regression_train_001393,4
sarcos_regression_train_001394,0
sarcos_regression_train_001395,3
sarcos_regression_train_001396,3
sarcos_regression_train_001397,0
sarcos_regression_train_001398,2
sarcos_regression_train_001399,0
sarcos_regression_train_001400,4
sarcos_regression_train_001401,0
sarcos_regression_train_001402,0
sarcos_regression_train_001403,2
sarcos_regression_train_001404,1
sarcos_regression_train_001405,1
sarcos_regression_train_001406,0
sarcos_regression_train_001407,4
sarcos_regression_train_001408,3
sarcos_regression_train_001409,3
sarcos_regression_train_001410,3
sarcos_regression_train_001411,2
sarcos_regression_train_001412,1
sarcos_regression_train_001413,0
sarcos_regression_train_001414,1
sarcos_regression_train_001415,4
sarcos_regression_train_001416,0
sarcos_regression_train_001417,0
sarcos_regression_train_001418,2
sarcos_regression_train_001419,3
sarcos_regression_train_001420,3
sarcos_regression_train_001421,2
sarcos_regression_train_001422,0
sarcos_regression_train_001423,3
sarcos_regression_train_001424,1
sarcos_regression_train_001425,4
sarcos_regression_train_001426,0
sarcos_regression_train_001427,0
sarcos_regression_train_001428,1
sarcos_regression_train_001429,2
sarcos_regression_train_001430,1
sarcos_regression_train_001431,1
sarcos_regression_train_001432,0
sarcos_regression_train_001433,1
sarcos_regression_train_001434,1
sarcos_regression_train_001435,0
sarcos_regression_train_001436,4
sarcos_regression_train_001437,2
sarcos_regression_train_001438,3
sarcos_regression_train_001439,2
sarcos_regression_train_001440,2
sarcos_regression_train_001441,4
sarcos_regression_train_001442,1
sarcos_regression_train_001443,4
sarcos_regression_train_001444,2
sarcos_regression_train_001445,2
sarcos_regression_train_001446,1
sarcos_regression_train_001447,4
sarcos_regression_train_001448,4
sarcos_regression_train_001449,3
sarcos_regression_train_001450,2
sarcos_regression_train_001451,2
sarcos_regression_train_001452,0
sarcos_regression_train_001453,3
sarcos_regression_train_001454,2
sarcos_regression_train_001455,0
sarcos_regression_train_001456,1
sarcos_regression_train_001457,3
sarcos_regression_train_001458,4
sarcos_regression_train_001459,4
sarcos_regression_train_001460,1
sarcos_regression_train_001461,2
sarcos_regression_train_001462,2
sarcos_regression_train_001463,4
sarcos_regression_train_001464,1
sarcos_regression_train_001465,1
sarcos_regression_train_001466,0
sarcos_regression_train_001467,4
sarcos_regression_train_001468,4
sarcos_regression_train_001469,3
sarcos_regression_train_001470,0
sarcos_regression_train_001471,2
sarcos_regression_train_001472,1
sarcos_regression_train_001473,3
sarcos_regression_train_001474,0
sarcos_regression_train_001475,0
sarcos_regression_train_001476,4
sarcos_regression_train_001477,1
sarcos_regression_train_001478,4
sarcos_regression_train_001479,2
sarcos_regression_train_001480,1
sarcos_regression_train_001481,4
sarcos_regression_train_001482,1
sarcos_regression_train_001483,1
sarcos_regression_train_001484,2
sarcos_regression_train_001485,2
sarcos_regression_train_001486,4
sarcos_regression_train_001487,1
sarcos_regression_train_001488,3
sarcos_regression_train_001489,4
sarcos_regression_train_001490,0
sarcos_regression_train_001491,3
sarcos_regression_train_001492,4
sarcos_regression_train_001493,0
sarcos_regression_train_001494,3
sarcos_regression_train_001495,1
sarcos_regression_train_001496,4
sarcos_regression_train_001497,0
sarcos_regression_train_001498,1
sarcos_regression_train_001499,0
sarcos_regression_train_001500,2
sarcos_regression_train_001501,0
sarcos_regression_train_001502,4
sarcos_regression_train_001503,1
sarcos_regression_train_001504,2
sarcos_regression_train_001505,3
sarcos_regression_train_001506,4
sarcos_regression_train_001507,2
sarcos_regression_train_001508,1
sarcos_regression_train_001509,2
sarcos_regression_train_001510,0
sarcos_regression_train_001511,2
sarcos_regression_train_001512,1
sarcos_regression_train_001513,2
sarcos_regression_train_001514,1
sarcos_regression_train_001515,2
sarcos_regression_train_001516,2
sarcos_regression_train_001517,0
sarcos_regression_train_001518,2
sarcos_regression_train_001519,2
sarcos_regression_train_001520,1
sarcos_regression_train_001521,4
sarcos_regression_train_001522,3
sarcos_regression_train_001523,0
sarcos_regression_train_001524,2
sarcos_regression_train_001525,2
sarcos_regression_train_001526,3
sarcos_regression_train_001527,1
sarcos_regression_train_001528,0
sarcos_regression_train_001529,0
sarcos_regression_train_001530,1
sarcos_regression_train_001531,0
sarcos_regression_train_001532,4
sarcos_regression_train_001533,3
sarcos_regression_train_001534,4
sarcos_regression_train_001535,4
sarcos_regression_train_001536,3
sarcos_regression_train_001537,1
sarcos_regression_train_001538,3
sarcos_regression_train_001539,2
sarcos_regression_train_001540,1
sarcos_regression_train_001541,1
sarcos_regression_train_001542,1
sarcos_regression_train_001543,4
sarcos_regression_train_001544,0
sarcos_regression_train_001545,0
sarcos_regression_train_001546,2
sarcos_regression_train_001547,1
sarcos_regression_train_001548,1
sarcos_regression_train_001549,3
sarcos_regression_train_001550,3
sarcos_regression_train_001551,3
sarcos_regression_train_001552,1
sarcos_regression_train_001553,2
sarcos_regression_train_001554,4
sarcos_regression_train_001555,0
sarcos_regression_train_001556,0
sarcos_regression_train_001557,1
sarcos_regression_train_001558,4
sarcos_regression_train_001559,2
sarcos_regression_train_001560,3
sarcos_regression_train_001561,1
sarcos_regression_train_001562,1
sarcos_regression_train_001563,1
sarcos_regression_train_001564,2
sarcos_regression_train_001565,1
sarcos_regression_train_001566,2
sarcos_regression_train_001567,4
sarcos_regression_train_001568,4
sarcos_regression_train_001569,2
sarcos_regression_train_001570,1
sarcos_regression_train_001571,4
sarcos_regression_train_001572,4
sarcos_regression_train_001573,3
sarcos_regression_train_001574,4
sarcos_regression_train_001575,4
sarcos_regression_train_001576,0
sarcos_regression_train_001577,0
sarcos_regression_train_001578,3
sarcos_regression_train_001579,4
sarcos_regression_train_001580,4
sarcos_regression_train_001581,1
sarcos_regression_train_001582,4
sarcos_regression_train_001583,3
sarcos_regression_train_001584,0
sarcos_regression_train_001585,0
sarcos_regression_train_001586,3
sarcos_regression_train_001587,2
sarcos_regression_train_001588,3
sarcos_regression_train_001589,3
sarcos_regression_train_001590,0
sarcos_regression_train_001591,0
sarcos_regression_train_001592,1
sarcos_regression_train_001593,1
sarcos_regression_train_001594,3
sarcos_regression_train_001595,4
sarcos_regression_train_001596,1
sarcos_regression_train_001597,4
sarcos_regression_train_001598,3
sarcos_regression_train_001599,3
sarcos_regression_train_001600,2
sarcos_regression_train_001601,0
sarcos_regression_train_001602,1
sarcos_regression_train_001603,1
sarcos_regression_train_001604,3
sarcos_regression_train_001605,3
sarcos_regression_train_001606,2
sarcos_regression_train_001607,3
sarcos_regression_train_001608,0
sarcos_regression_train_001609,3
sarcos_regression_train_001610,1
sarcos_regression_train_001611,3
sarcos_regression_train_001612,2
sarcos_regression_train_001613,2
sarcos_regression_train_001614,4
sarcos_regression_train_001615,2
sarcos_regression_train_001616,2
sarcos_regression_train_001617,2
sarcos_regression_train_001618,1
sarcos_regression_train_001619,3
sarcos_regression_train_001620,4
sarcos_regression_train_001621,3
sarcos_regression_train_001622,2
sarcos_regression_train_001623,3
sarcos_regression_train_001624,1
sarcos_regression_train_001625,1
sarcos_regression_train_001626,3
sarcos_regression_train_001627,1
sarcos_regression_train_001628,0
sarcos_regression_train_001629,2
sarcos_regression_train_001630,0
sarcos_regression_train_001631,0
sarcos_regression_train_001632,1
sarcos_regression_train_001633,3
sarcos_regression_train_001634,3
sarcos_regression_train_001635,1
sarcos_regression_train_001636,4
sarcos_regression_train_001637,4
sarcos_regression_train_001638,1
sarcos_regression_train_001639,2
sarcos_regression_train_001640,2
sarcos_regression_train_001641,4
sarcos_regression_train_001642,0
sarcos_regression_train_001643,3
sarcos_regression_train_001644,0
sarcos_regression_train_001645,3
sarcos_regression_train_001646,4
sarcos_regression_train_001647,3
sarcos_regression_train_001648,4
sarcos_regression_train_001649,0
sarcos_regression_train_001650,1
sarcos_regression_train_001651,2
sarcos_regression_train_001652,3
sarcos_regression_train_001653,3
sarcos_regression_train_001654,1
sarcos_regression_train_001655,1
sarcos_regression_train_001656,0
sarcos_regression_train_001657,2
sarcos_regression_train_001658,2
sarcos_regression_train_001659,1
sarcos_regression_train_001660,3
sarcos_regression_train_001661,1
sarcos_regression_train_001662,0
sarcos_regression_train_001663,3
sarcos_regression_train_001664,3
sarcos_regression_train_001665,1
sarcos_regression_train_001666,0
sarcos_regression_train_001667,3
sarcos_regression_train_001668,1
sarcos_regression_train_001669,0
sarcos_regression_train_001670,0
sarcos_regression_train_001671,0
sarcos_regression_train_001672,3
sarcos_regression_train_001673,4
sarcos_regression_train_001674,2
sarcos_regression_train_001675,2
sarcos_regression_train_001676,3
sarcos_regression_train_001677,2
sarcos_regression_train_001678,3
sarcos_regression_train_001679,4
sarcos_regression_train_001680,2
sarcos_regression_train_001681,4
sarcos_regression_train_001682,2
sarcos_regression_train_001683,0
sarcos_regression_train_001684,1
sarcos_regression_train_001685,4
sarcos_regression_train_001686,0
sarcos_regression_train_001687,0
sarcos_regression_train_001688,4
sarcos_regression_train_001689,2
sarcos_regression_train_001690,4
sarcos_regression_train_001691,1
sarcos_regression_train_001692,1
sarcos_regression_train_001693,3
sarcos_regression_train_001694,3
sarcos_regression_train_001695,3
sarcos_regression_train_001696,0
sarcos_regression_train_001697,3
sarcos_regression_train_001698,3
sarcos_regression_train_001699,0
sarcos_regression_train_001700,2
sarcos_regression_train_001701,3
sarcos_regression_train_001702,3
sarcos_regression_train_001703,4
sarcos_regression_train_001704,0
sarcos_regression_train_001705,2
sarcos_regression_train_001706,1
sarcos_regression_train_001707,4
sarcos_regression_train_001708,1
sarcos_regression_train_001709,2
sarcos_regression_train_001710,4
sarcos_regression_train_001711,4
sarcos_regression_train_001712,0
sarcos_regression_train_001713,2
sarcos_regression_train_001714,4
sarcos_regression_train_001715,2
sarcos_regression_train_001716,0
sarcos_regression_train_001717,2
sarcos_regression_train_001718,1
sarcos_regression_train_001719,3
sarcos_regression_train_001720,3
sarcos_regression_train_001721,2
sarcos_regression_train_001722,0
sarcos_regression_train_001723,3
sarcos_regression_train_001724,2
sarcos_regression_train_001725,2
sarcos_regression_train_001726,2
sarcos_regression_train_001727,0
sarcos_regression_train_001728,0
sarcos_regression_train_001729,1
sarcos_regression_train_001730,0
sarcos_regression_train_001731,4
sarcos_regression_train_001732,4
sarcos_regression_train_001733,3
sarcos_regression_train_001734,3
sarcos_regression_train_001735,3
sarcos_regression_train_001736,4
sarcos_regression_train_001737,1
sarcos_regression_train_001738,2
sarcos_regression_train_001739,1
sarcos_regression_train_001740,3
sarcos_regression_train_001741,3
sarcos_regression_train_001742,3
sarcos_regression_train_001743,4
sarcos_regression_train_001744,2
sarcos_regression_train_001745,4
sarcos_regression_train_001746,0
sarcos_regression_train_001747,4
sarcos_regression_train_001748,0
sarcos_regression_train_001749,2
sarcos_regression_train_001750,0
sarcos_regression_train_001751,1
sarcos_regression_train_001752,4
sarcos_regression_train_001753,2
sarcos_regression_train_001754,2
sarcos_regression_train_001755,2
sarcos_regression_train_001756,0
sarcos_regression_train_001757,2
sarcos_regression_train_001758,4
sarcos_regression_train_001759,2
sarcos_regression_train_001760,2
sarcos_regression_train_001761,2
sarcos_regression_train_001762,3
sarcos_regression_train_001763,3
sarcos_regression_train_001764,1
sarcos_regression_train_001765,3
sarcos_regression_train_001766,0
sarcos_regression_train_001767,4
sarcos_regression_train_001768,3
sarcos_regression_train_001769,1
sarcos_regression_train_001770,2
sarcos_regression_train_001771,1
sarcos_regression_train_001772,4
sarcos_regression_train_001773,3
sarcos_regression_train_001774,0
sarcos_regression_train_001775,2
sarcos_regression_train_001776,1
sarcos_regression_train_001777,0
sarcos_regression_train_001778,3
sarcos_regression_train_001779,2
sarcos_regression_train_001780,1
sarcos_regression_train_001781,2
sarcos_regression_train_001782,4
sarcos_regression_train_001783,4
sarcos_regression_train_001784,4
sarcos_regression_train_001785,3
sarcos_regression_train_001786,4
sarcos_regression_train_001787,0
sarcos_regression_train_001788,0
sarcos_regression_train_001789,0
sarcos_regression_train_001790,1
sarcos_regression_train_001791,1
sarcos_regression_train_001792,1
sarcos_regression_train_001793,3
sarcos_regression_train_001794,1
sarcos_regression_train_001795,4
sarcos_regression_train_001796,0
sarcos_regression_train_001797,0
sarcos_regression_train_001798,0
sarcos_regression_train_001799,2
sarcos_regression_train_001800,0
sarcos_regression_train_001801,2
sarcos_regression_train_001802,2
sarcos_regression_train_001803,2
sarcos_regression_train_001804,4
sarcos_regression_train_001805,3
sarcos_regression_train_001806,1
sarcos_regression_train_001807,3
sarcos_regression_train_001808,0
sarcos_regression_train_001809,1
sarcos_regression_train_001810,2
sarcos_regression_train_001811,0
sarcos_regression_train_001812,4
sarcos_regression_train_001813,2
sarcos_regression_train_001814,2
sarcos_regression_train_001815,0
sarcos_regression_train_001816,2
sarcos_regression_train_001817,1
sarcos_regression_train_001818,2
sarcos_regression_train_001819,2
sarcos_regression_train_001820,4
sarcos_regression_train_001821,0
sarcos_regression_train_001822,2
sarcos_regression_train_001823,3
sarcos_regression_train_001824,0
sarcos_regression_train_001825,1
sarcos_regression_train_001826,1
sarcos_regression_train_001827,4
sarcos_regression_train_001828,0
sarcos_regression_train_001829,3
sarcos_regression_train_001830,0
sarcos_regression_train_001831,2
sarcos_regression_train_001832,0
sarcos_regression_train_001833,4
sarcos_regression_train_001834,2
sarcos_regression_train_001835,1
sarcos_regression_train_001836,0
sarcos_regression_train_001837,1
sarcos_regression_train_001838,4
sarcos_regression_train_001839,3
sarcos_regression_train_001840,2
sarcos_regression_train_001841,3
sarcos_regression_train_001842,2
sarcos_regression_train_001843,2
sarcos_regression_train_001844,3
sarcos_regression_train_001845,0
sarcos_regression_train_001846,1
sarcos_regression_train_001847,4
sarcos_regression_train_001848,4
sarcos_regression_train_001849,0
sarcos_regression_train_001850,4
sarcos_regression_train_001851,2
sarcos_regression_train_001852,2
sarcos_regression_train_001853,4
sarcos_regression_train_001854,4
sarcos_regression_train_001855,4
sarcos_regression_train_001856,4
sarcos_regression_train_001857,2
sarcos_regression_train_001858,4
sarcos_regression_train_001859,4
sarcos_regression_train_001860,1
sarcos_regression_train_001861,2
sarcos_regression_train_001862,4
sarcos_regression_train_001863,3
sarcos_regression_train_001864,3
sarcos_regression_train_001865,2
sarcos_regression_train_001866,2
sarcos_regression_train_001867,2
sarcos_regression_train_001868,0
sarcos_regression_train_001869,4
sarcos_regression_train_001870,2
sarcos_regression_train_001871,0
sarcos_regression_train_001872,2
sarcos_regression_train_001873,1
sarcos_regression_train_001874,2
sarcos_regression_train_001875,4
sarcos_regression_train_001876,0
sarcos_regression_train_001877,1
sarcos_regression_train_001878,3
sarcos_regression_train_001879,4
sarcos_regression_train_001880,4
sarcos_regression_train_001881,0
sarcos_regression_train_001882,1
sarcos_regression_train_001883,4
sarcos_regression_train_001884,3
sarcos_regression_train_001885,4
sarcos_regression_train_001886,3
sarcos_regression_train_001887,3
sarcos_regression_train_001888,4
sarcos_regression_train_001889,4
sarcos_regression_train_001890,1
sarcos_regression_train_001891,3
sarcos_regression_train_001892,1
sarcos_regression_train_001893,0
sarcos_regression_train_001894,0
sarcos_regression_train_001895,2
sarcos_regression_train_001896,1
sarcos_regression_train_001897,0
sarcos_regression_train_001898,3
sarcos_regression_train_001899,3
sarcos_regression_train_001900,0
sarcos_regression_train_001901,0
sarcos_regression_train_001902,3
sarcos_regression_train_001903,2
sarcos_regression_train_001904,1
sarcos_regression_train_001905,0
sarcos_regression_train_001906,3
sarcos_regression_train_001907,3
sarcos_regression_train_001908,1
sarcos_regression_train_001909,4
sarcos_regression_train_001910,0
sarcos_regression_train_001911,0
sarcos_regression_train_001912,0
sarcos_regression_train_001913,0
sarcos_regression_train_001914,4
sarcos_regression_train_001915,4
sarcos_regression_train_001916,3
sarcos_regression_train_001917,3
sarcos_regression_train_001918,2
sarcos_regression_train_001919,1
sarcos_regression_train_001920,3
sarcos_regression_train_001921,1
sarcos_regression_train_001922,0
sarcos_regression_train_001923,1
sarcos_regression_train_001924,3
sarcos_regression_train_001925,0
sarcos_regression_train_001926,4
sarcos_regression_train_001927,0
sarcos_regression_train_001928,0
sarcos_regression_train_001929,0
sarcos_regression_train_001930,1
sarcos_regression_train_001931,0
sarcos_regression_train_001932,0
sarcos_regression_train_001933,3
sarcos_regression_train_001934,0
sarcos_regression_train_001935,4
sarcos_regression_train_001936,0
sarcos_regression_train_001937,2
sarcos_regression_train_001938,3
sarcos_regression_train_001939,2
sarcos_regression_train_001940,3
sarcos_regression_train_001941,3
sarcos_regression_train_001942,0
sarcos_regression_train_001943,1
sarcos_regression_train_001944,3
sarcos_regression_train_001945,0
sarcos_regression_train_001946,2
sarcos_regression_train_001947,2
sarcos_regression_train_001948,2
sarcos_regression_train_001949,0
sarcos_regression_train_001950,4
sarcos_regression_train_001951,2
sarcos_regression_train_001952,2
sarcos_regression_train_001953,3
sarcos_regression_train_001954,4
sarcos_regression_train_001955,3
sarcos_regression_train_001956,4
sarcos_regression_train_001957,0
sarcos_regression_train_001958,2
sarcos_regression_train_001959,0
sarcos_regression_train_001960,2
sarcos_regression_train_001961,3
sarcos_regression_train_001962,2
sarcos_regression_train_001963,4
sarcos_regression_train_001964,4
sarcos_regression_train_001965,2
sarcos_regression_train_001966,2
sarcos_regression_train_001967,1
sarcos_regression_train_001968,1
sarcos_regression_train_001969,3
sarcos_regression_train_001970,4
sarcos_regression_train_001971,4
sarcos_regression_train_001972,1
sarcos_regression_train_001973,2
sarcos_regression_train_001974,2
sarcos_regression_train_001975,3
sarcos_regression_train_001976,3
sarcos_regression_train_001977,3
sarcos_regression_train_001978,0
sarcos_regression_train_001979,0
sarcos_regression_train_001980,4
sarcos_regression_train_001981,3
sarcos_regression_train_001982,1
sarcos_regression_train_001983,3
sarcos_regression_train_001984,2
sarcos_regression_train_001985,3
sarcos_regression_train_001986,4
sarcos_regression_train_001987,1
sarcos_regression_train_001988,4
sarcos_regression_train_001989,0
sarcos_regression_train_001990,1
sarcos_regression_train_001991,1
sarcos_regression_train_001992,1
sarcos_regression_train_001993,1
sarcos_regression_train_001994,0
sarcos_regression_train_001995,2
sarcos_regression_train_001996,2
sarcos_regression_train_001997,1
sarcos_regression_train_001998,4
sarcos_regression_train_001999,2
sarcos_regression_train_002000,0
sarcos_regression_train_002001,4
sarcos_regression_train_002002,1
sarcos_regression_train_002003,4
sarcos_regression_train_002004,3
sarcos_regression_train_002005,1
sarcos_regression_train_002006,2
sarcos_regression_train_002007,0
sarcos_regression_train_002008,1
sarcos_regression_train_002009,4
sarcos_regression_train_002010,3
sarcos_regression_train_002011,4
sarcos_regression_train_002012,0
sarcos_regression_train_002013,2
sarcos_regression_train_002014,4
sarcos_regression_train_002015,1
sarcos_regression_train_002016,2
sarcos_regression_train_002017,3
sarcos_regression_train_002018,3
sarcos_regression_train_002019,3
sarcos_regression_train_002020,0
sarcos_regression_train_002021,1
sarcos_regression_train_002022,1
sarcos_regression_train_002023,4
sarcos_regression_train_002024,1
sarcos_regression_train_002025,1
sarcos_regression_train_002026,0
sarcos_regression_train_002027,3
sarcos_regression_train_002028,1
sarcos_regression_train_002029,3
sarcos_regression_train_002030,0
sarcos_regression_train_002031,3
sarcos_regression_train_002032,3
sarcos_regression_train_002033,3
sarcos_regression_train_002034,0
sarcos_regression_train_002035,0
sarcos_regression_train_002036,0
sarcos_regression_train_002037,0
sarcos_regression_train_002038,0
sarcos_regression_train_002039,1
sarcos_regression_train_002040,3
sarcos_regression_train_002041,3
sarcos_regression_train_002042,1
sarcos_regression_train_002043,0
sarcos_regression_train_002044,1
sarcos_regression_train_002045,4
sarcos_regression_train_002046,4
sarcos_regression_train_002047,2
sarcos_regression_train_002048,3
sarcos_regression_train_002049,0
sarcos_regression_train_002050,3
sarcos_regression_train_002051,0
sarcos_regression_train_002052,4
sarcos_regression_train_002053,0
sarcos_regression_train_002054,2
sarcos_regression_train_002055,3
sarcos_regression_train_002056,3
sarcos_regression_train_002057,4
sarcos_regression_train_002058,0
sarcos_regression_train_002059,0
sarcos_regression_train_002060,2
sarcos_regression_train_002061,4
sarcos_regression_train_002062,2
sarcos_regression_train_002063,2
sarcos_regression_train_002064,4
sarcos_regression_train_002065,2
sarcos_regression_train_002066,1
sarcos_regression_train_002067,0
sarcos_regression_train_002068,4
sarcos_regression_train_002069,1
sarcos_regression_train_002070,1
sarcos_regression_train_002071,3
sarcos_regression_train_002072,4
sarcos_regression_train_002073,4
sarcos_regression_train_002074,0
sarcos_regression_train_002075,4
sarcos_regression_train_002076,4
sarcos_regression_train_002077,3
sarcos_regression_train_002078,1
sarcos_regression_train_002079,4
sarcos_regression_train_002080,4
sarcos_regression_train_002081,1
sarcos_regression_train_002082,3
sarcos_regression_train_002083,0
sarcos_regression_train_002084,1
sarcos_regression_train_002085,0
sarcos_regression_train_002086,3
sarcos_regression_train_002087,1
sarcos_regression_train_002088,3
sarcos_regression_train_002089,4
sarcos_regression_train_002090,0
sarcos_regression_train_002091,2
sarcos_regression_train_002092,0
sarcos_regression_train_002093,3
sarcos_regression_train_002094,2
sarcos_regression_train_002095,1
sarcos_regression_train_002096,3
sarcos_regression_train_002097,3
sarcos_regression_train_002098,3
sarcos_regression_train_002099,0
sarcos_regression_train_002100,0
sarcos_regression_train_002101,1
sarcos_regression_train_002102,2
sarcos_regression_train_002103,3
sarcos_regression_train_002104,1
sarcos_regression_train_002105,2
sarcos_regression_train_002106,2
sarcos_regression_train_002107,4
sarcos_regression_train_002108,3
sarcos_regression_train_002109,3
sarcos_regression_train_002110,1
sarcos_regression_train_002111,3
sarcos_regression_train_002112,1
sarcos_regression_train_002113,3
sarcos_regression_train_002114,0
sarcos_regression_train_002115,3
sarcos_regression_train_002116,1
sarcos_regression_train_002117,3
sarcos_regression_train_002118,4
sarcos_regression_train_002119,0
sarcos_regression_train_002120,2
sarcos_regression_train_002121,0
sarcos_regression_train_002122,2
sarcos_regression_train_002123,4
sarcos_regression_train_002124,2
sarcos_regression_train_002125,0
sarcos_regression_train_002126,1
sarcos_regression_train_002127,2
sarcos_regression_train_002128,0
sarcos_regression_train_002129,1
sarcos_regression_train_002130,0
sarcos_regression_train_002131,0
sarcos_regression_train_002132,0
sarcos_regression_train_002133,2
sarcos_regression_train_002134,2
sarcos_regression_train_002135,3
sarcos_regression_train_002136,0
sarcos_regression_train_002137,3
sarcos_regression_train_002138,2
sarcos_regression_train_002139,4
sarcos_regression_train_002140,4
sarcos_regression_train_002141,2
sarcos_regression_train_002142,2
sarcos_regression_train_002143,4
sarcos_regression_train_002144,0
sarcos_regression_train_002145,4
sarcos_regression_train_002146,3
sarcos_regression_train_002147,3
sarcos_regression_train_002148,2
sarcos_regression_train_002149,2
sarcos_regression_train_002150,3
sarcos_regression_train_002151,1
sarcos_regression_train_002152,2
sarcos_regression_train_002153,0
sarcos_regression_train_002154,1
sarcos_regression_train_002155,1
sarcos_regression_train_002156,3
sarcos_regression_train_002157,4
sarcos_regression_train_002158,2
sarcos_regression_train_002159,2
sarcos_regression_train_002160,1
sarcos_regression_train_002161,1
sarcos_regression_train_002162,2
sarcos_regression_train_002163,3
sarcos_regression_train_002164,1
sarcos_regression_train_002165,2
sarcos_regression_train_002166,0
sarcos_regression_train_002167,2
sarcos_regression_train_002168,0
sarcos_regression_train_002169,3
sarcos_regression_train_002170,0
sarcos_regression_train_002171,3
sarcos_regression_train_002172,2
sarcos_regression_train_002173,1
sarcos_regression_train_002174,0
sarcos_regression_train_002175,2
sarcos_regression_train_002176,4
sarcos_regression_train_002177,2
sarcos_regression_train_002178,1
sarcos_regression_train_002179,0
sarcos_regression_train_002180,1
sarcos_regression_train_002181,3
sarcos_regression_train_002182,3
sarcos_regression_train_002183,3
sarcos_regression_train_002184,2
sarcos_regression_train_002185,0
sarcos_regression_train_002186,3
sarcos_regression_train_002187,4
sarcos_regression_train_002188,4
sarcos_regression_train_002189,2
sarcos_regression_train_002190,1
sarcos_regression_train_002191,3
sarcos_regression_train_002192,1
sarcos_regression_train_002193,0
sarcos_regression_train_002194,0
sarcos_regression_train_002195,1
sarcos_regression_train_002196,1
sarcos_regression_train_002197,4
sarcos_regression_train_002198,4
sarcos_regression_train_002199,1
sarcos_regression_train_002200,2
sarcos_regression_train_002201,4
sarcos_regression_train_002202,0
sarcos_regression_train_002203,1
sarcos_regression_train_002204,3
sarcos_regression_train_002205,4
sarcos_regression_train_002206,4
sarcos_regression_train_002207,2
sarcos_regression_train_002208,2
sarcos_regression_train_002209,3
sarcos_regression_train_002210,1
sarcos_regression_train_002211,1
sarcos_regression_train_002212,4
sarcos_regression_train_002213,1
sarcos_regression_train_002214,4
sarcos_regression_train_002215,2
sarcos_regression_train_002216,1
sarcos_regression_train_002217,4
sarcos_regression_train_002218,4
sarcos_regression_train_002219,4
sarcos_regression_train_002220,3
sarcos_regression_train_002221,4
sarcos_regression_train_002222,4
sarcos_regression_train_002223,4
sarcos_regression_train_002224,1
sarcos_regression_train_002225,2
sarcos_regression_train_002226,2
sarcos_regression_train_002227,3
sarcos_regression_train_002228,2
sarcos_regression_train_002229,0
sarcos_regression_train_002230,1
sarcos_regression_train_002231,1
sarcos_regression_train_002232,4
sarcos_regression_train_002233,0
sarcos_regression_train_002234,3
sarcos_regression_train_002235,0
sarcos_regression_train_002236,3
sarcos_regression_train_002237,4
sarcos_regression_train_002238,1
sarcos_regression_train_002239,0
sarcos_regression_train_002240,1
sarcos_regression_train_002241,0
sarcos_regression_train_002242,4
sarcos_regression_train_002243,4
sarcos_regression_train_002244,3
sarcos_regression_train_002245,0
sarcos_regression_train_002246,0
sarcos_regression_train_002247,4
sarcos_regression_train_002248,0
sarcos_regression_train_002249,0
sarcos_regression_train_002250,1
sarcos_regression_train_002251,2
sarcos_regression_train_002252,4
sarcos_regression_train_002253,1
sarcos_regression_train_002254,4
sarcos_regression_train_002255,0
sarcos_regression_train_002256,3
sarcos_regression_train_002257,0
sarcos_regression_train_002258,4
sarcos_regression_train_002259,4
sarcos_regression_train_002260,3
sarcos_regression_train_002261,1
sarcos_regression_train_002262,2
sarcos_regression_train_002263,1
sarcos_regression_train_002264,3
sarcos_regression_train_002265,1
sarcos_regression_train_002266,4
sarcos_regression_train_002267,2
sarcos_regression_train_002268,0
sarcos_regression_train_002269,2
sarcos_regression_train_002270,3
sarcos_regression_train_002271,2
sarcos_regression_train_002272,4
sarcos_regression_train_002273,4
sarcos_regression_train_002274,1
sarcos_regression_train_002275,0
sarcos_regression_train_002276,0
sarcos_regression_train_002277,1
sarcos_regression_train_002278,0
sarcos_regression_train_002279,4
sarcos_regression_train_002280,4
sarcos_regression_train_002281,1
sarcos_regression_train_002282,2
sarcos_regression_train_002283,2
sarcos_regression_train_002284,4
sarcos_regression_train_002285,0
sarcos_regression_train_002286,0
sarcos_regression_train_002287,3
sarcos_regression_train_002288,0
sarcos_regression_train_002289,4
sarcos_regression_train_002290,2
sarcos_regression_train_002291,2
sarcos_regression_train_002292,0
sarcos_regression_train_002293,1
sarcos_regression_train_002294,2
sarcos_regression_train_002295,0
sarcos_regression_train_002296,1
sarcos_regression_train_002297,3
sarcos_regression_train_002298,2
sarcos_regression_train_002299,1
sarcos_regression_train_002300,1
sarcos_regression_train_002301,0
sarcos_regression_train_002302,2
sarcos_regression_train_002303,1
sarcos_regression_train_002304,1
sarcos_regression_train_002305,3
sarcos_regression_train_002306,3
sarcos_regression_train_002307,3
sarcos_regression_train_002308,4
sarcos_regression_train_002309,2
sarcos_regression_train_002310,1
sarcos_regression_train_002311,2
sarcos_regression_train_002312,1
sarcos_regression_train_002313,0
sarcos_regression_train_002314,1
sarcos_regression_train_002315,1
sarcos_regression_train_002316,3
sarcos_regression_train_002317,3
sarcos_regression_train_002318,4
sarcos_regression_train_002319,3
sarcos_regression_train_002320,4
sarcos_regression_train_002321,3
sarcos_regression_train_002322,1
sarcos_regression_train_002323,1
sarcos_regression_train_002324,3
sarcos_regression_train_002325,4
sarcos_regression_train_002326,3
sarcos_regression_train_002327,2
sarcos_regression_train_002328,0
sarcos_regression_train_002329,1
sarcos_regression_train_002330,1
sarcos_regression_train_002331,2
sarcos_regression_train_002332,3
sarcos_regression_train_002333,1
sarcos_regression_train_002334,4
sarcos_regression_train_002335,1
sarcos_regression_train_002336,4
sarcos_regression_train_002337,2
sarcos_regression_train_002338,1
sarcos_regression_train_002339,4
sarcos_regression_train_002340,0
sarcos_regression_train_002341,2
sarcos_regression_train_002342,3
sarcos_regression_train_002343,2
sarcos_regression_train_002344,0
sarcos_regression_train_002345,1
sarcos_regression_train_002346,3
sarcos_regression_train_002347,2
sarcos_regression_train_002348,1
sarcos_regression_train_002349,3
sarcos_regression_train_002350,2
sarcos_regression_train_002351,2
sarcos_regression_train_002352,4
sarcos_regression_train_002353,3
sarcos_regression_train_002354,1
sarcos_regression_train_002355,1
sarcos_regression_train_002356,4
sarcos_regression_train_002357,2
sarcos_regression_train_002358,4
sarcos_regression_train_002359,1
sarcos_regression_train_002360,3
sarcos_regression_train_002361,0
sarcos_regression_train_002362,2
sarcos_regression_train_002363,4
sarcos_regression_train_002364,2
sarcos_regression_train_002365,1
sarcos_regression_train_002366,4
sarcos_regression_train_002367,1
sarcos_regression_train_002368,1
sarcos_regression_train_002369,0
sarcos_regression_train_002370,0
sarcos_regression_train_002371,0
sarcos_regression_train_002372,0
sarcos_regression_train_002373,4
sarcos_regression_train_002374,1
sarcos_regression_train_002375,4
sarcos_regression_train_002376,2
sarcos_regression_train_002377,2
sarcos_regression_train_002378,2
sarcos_regression_train_002379,0
sarcos_regression_train_002380,1
sarcos_regression_train_002381,4
sarcos_regression_train_002382,4
sarcos_regression_train_002383,3
sarcos_regression_train_002384,0
sarcos_regression_train_002385,0
sarcos_regression_train_002386,3
sarcos_regression_train_002387,3
sarcos_regression_train_002388,4
sarcos_regression_train_002389,2
sarcos_regression_train_002390,4
sarcos_regression_train_002391,0
sarcos_regression_train_002392,3
sarcos_regression_train_002393,1
sarcos_regression_train_002394,0
sarcos_regression_train_002395,3
sarcos_regression_train_002396,4
sarcos_regression_train_002397,1
sarcos_regression_train_002398,3
sarcos_regression_train_002399,2
sarcos_regression_train_002400,2
sarcos_regression_train_002401,0
sarcos_regression_train_002402,2
sarcos_regression_train_002403,3
sarcos_regression_train_002404,1
sarcos_regression_train_002405,3
sarcos_regression_train_002406,0
sarcos_regression_train_002407,0
sarcos_regression_train_002408,4
sarcos_regression_train_002409,1
sarcos_regression_train_002410,4
sarcos_regression_train_002411,2
sarcos_regression_train_002412,1
sarcos_regression_train_002413,2
sarcos_regression_train_002414,2
sarcos_regression_train_002415,1
sarcos_regression_train_002416,4
sarcos_regression_train_002417,0
sarcos_regression_train_002418,1
sarcos_regression_train_002419,4
sarcos_regression_train_002420,3
sarcos_regression_train_002421,1
sarcos_regression_train_002422,1
sarcos_regression_train_002423,2
sarcos_regression_train_002424,3
sarcos_regression_train_002425,3
sarcos_regression_train_002426,1
sarcos_regression_train_002427,2
sarcos_regression_train_002428,0
sarcos_regression_train_002429,3
sarcos_regression_train_002430,3
sarcos_regression_train_002431,1
sarcos_regression_train_002432,2
sarcos_regression_train_002433,1
sarcos_regression_train_002434,2
sarcos_regression_train_002435,0
sarcos_regression_train_002436,1
sarcos_regression_train_002437,1
sarcos_regression_train_002438,4
sarcos_regression_train_002439,4
sarcos_regression_train_002440,3
sarcos_regression_train_002441,2
sarcos_regression_train_002442,1
sarcos_regression_train_002443,4
sarcos_regression_train_002444,1
sarcos_regression_train_002445,4
sarcos_regression_train_002446,2
sarcos_regression_train_002447,0
sarcos_regression_train_002448,2
sarcos_regression_train_002449,1
sarcos_regression_train_002450,0
sarcos_regression_train_002451,0
sarcos_regression_train_002452,4
sarcos_regression_train_002453,3
sarcos_regression_train_002454,2
sarcos_regression_train_002455,1
sarcos_regression_train_002456,1
sarcos_regression_train_002457,2
sarcos_regression_train_002458,4
sarcos_regression_train_002459,4
sarcos_regression_train_002460,0
sarcos_regression_train_002461,4
sarcos_regression_train_002462,0
sarcos_regression_train_002463,4
sarcos_regression_train_002464,4
sarcos_regression_train_002465,0
sarcos_regression_train_002466,0
sarcos_regression_train_002467,4
sarcos_regression_train_002468,1
sarcos_regression_train_002469,1
sarcos_regression_train_002470,0
sarcos_regression_train_002471,3
sarcos_regression_train_002472,1
sarcos_regression_train_002473,0
sarcos_regression_train_002474,2
sarcos_regression_train_002475,4
sarcos_regression_train_002476,1
sarcos_regression_train_002477,4
sarcos_regression_train_002478,4
sarcos_regression_train_002479,4
sarcos_regression_train_002480,2
sarcos_regression_train_002481,1
sarcos_regression_train_002482,0
sarcos_regression_train_002483,3
sarcos_regression_train_002484,1
sarcos_regression_train_002485,1
sarcos_regression_train_002486,2
sarcos_regression_train_002487,4
sarcos_regression_train_002488,4
sarcos_regression_train_002489,3
sarcos_regression_train_002490,0
sarcos_regression_train_002491,2
sarcos_regression_train_002492,0
sarcos_regression_train_002493,3
sarcos_regression_train_002494,4
sarcos_regression_train_002495,1
sarcos_regression_train_002496,4
sarcos_regression_train_002497,1
sarcos_regression_train_002498,3
sarcos_regression_train_002499,3
sarcos_regression_train_002500,3
sarcos_regression_train_002501,4
sarcos_regression_train_002502,0
sarcos_regression_train_002503,3
sarcos_regression_train_002504,4
sarcos_regression_train_002505,0
sarcos_regression_train_002506,4
sarcos_regression_train_002507,2
sarcos_regression_train_002508,4
sarcos_regression_train_002509,4
sarcos_regression_train_002510,2
sarcos_regression_train_002511,4
sarcos_regression_train_002512,4
sarcos_regression_train_002513,2
sarcos_regression_train_002514,2
sarcos_regression_train_002515,2
sarcos_regression_train_002516,3
sarcos_regression_train_002517,3
sarcos_regression_train_002518,0
sarcos_regression_train_002519,4
sarcos_regression_train_002520,4
sarcos_regression_train_002521,4
sarcos_regression_train_002522,2
sarcos_regression_train_002523,3
sarcos_regression_train_002524,2
sarcos_regression_train_002525,2
sarcos_regression_train_002526,4
sarcos_regression_train_002527,0
sarcos_regression_train_002528,4
sarcos_regression_train_002529,1
sarcos_regression_train_002530,0
sarcos_regression_train_002531,3
sarcos_regression_train_002532,3
sarcos_regression_train_002533,2
sarcos_regression_train_002534,2
sarcos_regression_train_002535,4
sarcos_regression_train_002536,0
sarcos_regression_train_002537,2
sarcos_regression_train_002538,0
sarcos_regression_train_002539,3
sarcos_regression_train_002540,4
sarcos_regression_train_002541,0
sarcos_regression_train_002542,3
sarcos_regression_train_002543,1
sarcos_regression_train_002544,4
sarcos_regression_train_002545,1
sarcos_regression_train_002546,0
sarcos_regression_train_002547,1
sarcos_regression_train_002548,1
sarcos_regression_train_002549,0
sarcos_regression_train_002550,2
sarcos_regression_train_002551,3
sarcos_regression_train_002552,2
sarcos_regression_train_002553,0
sarcos_regression_train_002554,1
sarcos_regression_train_002555,1
sarcos_regression_train_002556,4
sarcos_regression_train_002557,1
sarcos_regression_train_002558,1
sarcos_regression_train_002559,0
sarcos_regression_train_002560,1
sarcos_regression_train_002561,2
sarcos_regression_train_002562,0
sarcos_regression_train_002563,0
sarcos_regression_train_002564,3
sarcos_regression_train_002565,0
sarcos_regression_train_002566,1
sarcos_regression_train_002567,0
sarcos_regression_train_002568,2
sarcos_regression_train_002569,3
sarcos_regression_train_002570,0
sarcos_regression_train_002571,4
sarcos_regression_train_002572,2
sarcos_regression_train_002573,0
sarcos_regression_train_002574,4
sarcos_regression_train_002575,2
sarcos_regression_train_002576,0
sarcos_regression_train_002577,0
sarcos_regression_train_002578,4
sarcos_regression_train_002579,1
sarcos_regression_train_002580,4
sarcos_regression_train_002581,3
sarcos_regression_train_002582,4
sarcos_regression_train_002583,4
sarcos_regression_train_002584,2
sarcos_regression_train_002585,4
sarcos_regression_train_002586,3
sarcos_regression_train_002587,0
sarcos_regression_train_002588,1
sarcos_regression_train_002589,0
sarcos_regression_train_002590,1
sarcos_regression_train_002591,0
sarcos_regression_train_002592,2
sarcos_regression_train_002593,1
sarcos_regression_train_002594,3
sarcos_regression_train_002595,4
sarcos_regression_train_002596,2
sarcos_regression_train_002597,2
sarcos_regression_train_002598,4
sarcos_regression_train_002599,3
sarcos_regression_train_002600,2
sarcos_regression_train_002601,2
sarcos_regression_train_002602,1
sarcos_regression_train_002603,2
sarcos_regression_train_002604,3
sarcos_regression_train_002605,4
sarcos_regression_train_002606,4
sarcos_regression_train_002607,1
sarcos_regression_train_002608,0
sarcos_regression_train_002609,4
sarcos_regression_train_002610,4
sarcos_regression_train_002611,3
sarcos_regression_train_002612,1
sarcos_regression_train_002613,1
sarcos_regression_train_002614,2
sarcos_regression_train_002615,0
sarcos_regression_train_002616,1
sarcos_regression_train_002617,4
sarcos_regression_train_002618,4
sarcos_regression_train_002619,0
sarcos_regression_train_002620,1
sarcos_regression_train_002621,2
sarcos_regression_train_002622,1
sarcos_regression_train_002623,2
sarcos_regression_train_002624,2
sarcos_regression_train_002625,1
sarcos_regression_train_002626,1
sarcos_regression_train_002627,4
sarcos_regression_train_002628,3
sarcos_regression_train_002629,3
sarcos_regression_train_002630,4
sarcos_regression_train_002631,4
sarcos_regression_train_002632,1
sarcos_regression_train_002633,1
sarcos_regression_train_002634,0
sarcos_regression_train_002635,1
sarcos_regression_train_002636,2
sarcos_regression_train_002637,1
sarcos_regression_train_002638,0
sarcos_regression_train_002639,3
sarcos_regression_train_002640,4
sarcos_regression_train_002641,1
sarcos_regression_train_002642,2
sarcos_regression_train_002643,4
sarcos_regression_train_002644,3
sarcos_regression_train_002645,0
sarcos_regression_train_002646,0
sarcos_regression_train_002647,0
sarcos_regression_train_002648,3
sarcos_regression_train_002649,0
sarcos_regression_train_002650,4
sarcos_regression_train_002651,2
sarcos_regression_train_002652,1
sarcos_regression_train_002653,4
sarcos_regression_train_002654,1
sarcos_regression_train_002655,4
sarcos_regression_train_002656,2
sarcos_regression_train_002657,1
sarcos_regression_train_002658,0
sarcos_regression_train_002659,1
sarcos_regression_train_002660,0
sarcos_regression_train_002661,4
sarcos_regression_train_002662,1
sarcos_regression_train_002663,2
sarcos_regression_train_002664,1
sarcos_regression_train_002665,1
sarcos_regression_train_002666,3
sarcos_regression_train_002667,2
sarcos_regression_train_002668,0
sarcos_regression_train_002669,0
sarcos_regression_train_002670,0
sarcos_regression_train_002671,2
sarcos_regression_train_002672,1
sarcos_regression_train_002673,3
sarcos_regression_train_002674,4
sarcos_regression_train_002675,4
sarcos_regression_train_002676,1
sarcos_regression_train_002677,0
sarcos_regression_train_002678,3
sarcos_regression_train_002679,1
sarcos_regression_train_002680,2
sarcos_regression_train_002681,0
sarcos_regression_train_002682,1
sarcos_regression_train_002683,3
sarcos_regression_train_002684,0
sarcos_regression_train_002685,2
sarcos_regression_train_002686,3
sarcos_regression_train_002687,0
sarcos_regression_train_002688,4
sarcos_regression_train_002689,2
sarcos_regression_train_002690,3
sarcos_regression_train_002691,3
sarcos_regression_train_002692,4
sarcos_regression_train_002693,2
sarcos_regression_train_002694,3
sarcos_regression_train_002695,4
sarcos_regression_train_002696,2
sarcos_regression_train_002697,1
sarcos_regression_train_002698,1
sarcos_regression_train_002699,0
sarcos_regression_train_002700,4
sarcos_regression_train_002701,3
sarcos_regression_train_002702,0
sarcos_regression_train_002703,4
sarcos_regression_train_002704,2
sarcos_regression_train_002705,2
sarcos_regression_train_002706,2
sarcos_regression_train_002707,0
sarcos_regression_train_002708,0
sarcos_regression_train_002709,0
sarcos_regression_train_002710,1
sarcos_regression_train_002711,1
sarcos_regression_train_002712,0
sarcos_regression_train_002713,1
sarcos_regression_train_002714,4
sarcos_regression_train_002715,1
sarcos_regression_train_002716,1
sarcos_regression_train_002717,0
sarcos_regression_train_002718,0
sarcos_regression_train_002719,0
sarcos_regression_train_002720,0
sarcos_regression_train_002721,0
sarcos_regression_train_002722,1
sarcos_regression_train_002723,1
sarcos_regression_train_002724,0
sarcos_regression_train_002725,1
sarcos_regression_train_002726,3
sarcos_regression_train_002727,4
sarcos_regression_train_002728,1
sarcos_regression_train_002729,3
sarcos_regression_train_002730,2
sarcos_regression_train_002731,0
sarcos_regression_train_002732,2
sarcos_regression_train_002733,1
sarcos_regression_train_002734,0
sarcos_regression_train_002735,0
sarcos_regression_train_002736,1
sarcos_regression_train_002737,3
sarcos_regression_train_002738,2
sarcos_regression_train_002739,1
sarcos_regression_train_002740,3
sarcos_regression_train_002741,1
sarcos_regression_train_002742,1
sarcos_regression_train_002743,3
sarcos_regression_train_002744,3
sarcos_regression_train_002745,2
sarcos_regression_train_002746,4
sarcos_regression_train_002747,2
sarcos_regression_train_002748,3
sarcos_regression_train_002749,0
sarcos_regression_train_002750,0
sarcos_regression_train_002751,1
sarcos_regression_train_002752,3
sarcos_regression_train_002753,3
sarcos_regression_train_002754,0
sarcos_regression_train_002755,3
sarcos_regression_train_002756,2
sarcos_regression_train_002757,2
sarcos_regression_train_002758,4
sarcos_regression_train_002759,2
sarcos_regression_train_002760,0
sarcos_regression_train_002761,2
sarcos_regression_train_002762,2
sarcos_regression_train_002763,0
sarcos_regression_train_002764,3
sarcos_regression_train_002765,0
sarcos_regression_train_002766,3
sarcos_regression_train_002767,3
sarcos_regression_train_002768,0
sarcos_regression_train_002769,2
sarcos_regression_train_002770,2
sarcos_regression_train_002771,4
sarcos_regression_train_002772,1
sarcos_regression_train_002773,3
sarcos_regression_train_002774,0
sarcos_regression_train_002775,2
sarcos_regression_train_002776,2
sarcos_regression_train_002777,0
sarcos_regression_train_002778,1
sarcos_regression_train_002779,2
sarcos_regression_train_002780,1
sarcos_regression_train_002781,1
sarcos_regression_train_002782,0
sarcos_regression_train_002783,0
sarcos_regression_train_002784,1
sarcos_regression_train_002785,3
sarcos_regression_train_002786,2
sarcos_regression_train_002787,0
sarcos_regression_train_002788,0
sarcos_regression_train_002789,2
sarcos_regression_train_002790,0
sarcos_regression_train_002791,0
sarcos_regression_train_002792,1
sarcos_regression_train_002793,3
sarcos_regression_train_002794,0
sarcos_regression_train_002795,4
sarcos_regression_train_002796,2
sarcos_regression_train_002797,4
sarcos_regression_train_002798,3
sarcos_regression_train_002799,3
sarcos_regression_train_002800,1
sarcos_regression_train_002801,3
sarcos_regression_train_002802,2
sarcos_regression_train_002803,1
sarcos_regression_train_002804,0
sarcos_regression_train_002805,3
sarcos_regression_train_002806,2
sarcos_regression_train_002807,3
sarcos_regression_train_002808,4
sarcos_regression_train_002809,0
sarcos_regression_train_002810,1
sarcos_regression_train_002811,3
sarcos_regression_train_002812,4
sarcos_regression_train_002813,1
sarcos_regression_train_002814,2
sarcos_regression_train_002815,0
sarcos_regression_train_002816,3
sarcos_regression_train_002817,1
sarcos_regression_train_002818,1
sarcos_regression_train_002819,1
sarcos_regression_train_002820,3
sarcos_regression_train_002821,4
sarcos_regression_train_002822,4
sarcos_regression_train_002823,1
sarcos_regression_train_002824,2
sarcos_regression_train_002825,2
sarcos_regression_train_002826,1
sarcos_regression_train_002827,3
sarcos_regression_train_002828,0
sarcos_regression_train_002829,0
sarcos_regression_train_002830,1
sarcos_regression_train_002831,4
sarcos_regression_train_002832,2
sarcos_regression_train_002833,1
sarcos_regression_train_002834,4
sarcos_regression_train_002835,4
sarcos_regression_train_002836,0
sarcos_regression_train_002837,2
sarcos_regression_train_002838,1
sarcos_regression_train_002839,2
sarcos_regression_train_002840,1
sarcos_regression_train_002841,3
sarcos_regression_train_002842,0
sarcos_regression_train_002843,2
sarcos_regression_train_002844,3
sarcos_regression_train_002845,1
sarcos_regression_train_002846,2
sarcos_regression_train_002847,3
sarcos_regression_train_002848,0
sarcos_regression_train_002849,3
sarcos_regression_train_002850,1
sarcos_regression_train_002851,3
sarcos_regression_train_002852,2
sarcos_regression_train_002853,0
sarcos_regression_train_002854,3
sarcos_regression_train_002855,0
sarcos_regression_train_002856,3
sarcos_regression_train_002857,2
sarcos_regression_train_002858,2
sarcos_regression_train_002859,3
sarcos_regression_train_002860,0
sarcos_regression_train_002861,3
sarcos_regression_train_002862,4
sarcos_regression_train_002863,1
sarcos_regression_train_002864,3
sarcos_regression_train_002865,0
sarcos_regression_train_002866,0
sarcos_regression_train_002867,4
sarcos_regression_train_002868,3
sarcos_regression_train_002869,0
sarcos_regression_train_002870,3
sarcos_regression_train_002871,0
sarcos_regression_train_002872,0
sarcos_regression_train_002873,4
sarcos_regression_train_002874,2
sarcos_regression_train_002875,0
sarcos_regression_train_002876,4
sarcos_regression_train_002877,1
sarcos_regression_train_002878,4
sarcos_regression_train_002879,4
sarcos_regression_train_002880,0
sarcos_regression_train_002881,2
sarcos_regression_train_002882,3
sarcos_regression_train_002883,3
sarcos_regression_train_002884,0
sarcos_regression_train_002885,3
sarcos_regression_train_002886,3
sarcos_regression_train_002887,3
sarcos_regression_train_002888,0
sarcos_regression_train_002889,1
sarcos_regression_train_002890,2
sarcos_regression_train_002891,1
sarcos_regression_train_002892,1
sarcos_regression_train_002893,4
sarcos_regression_train_002894,2
sarcos_regression_train_002895,1
sarcos_regression_train_002896,1
sarcos_regression_train_002897,4
sarcos_regression_train_002898,2
sarcos_regression_train_002899,1
sarcos_regression_train_002900,2
sarcos_regression_train_002901,3
sarcos_regression_train_002902,1
sarcos_regression_train_002903,4
sarcos_regression_train_002904,2
sarcos_regression_train_002905,4
sarcos_regression_train_002906,3
sarcos_regression_train_002907,4
sarcos_regression_train_002908,0
sarcos_regression_train_002909,0
sarcos_regression_train_002910,2
sarcos_regression_train_002911,4
sarcos_regression_train_002912,2
sarcos_regression_train_002913,1
sarcos_regression_train_002914,4
sarcos_regression_train_002915,1
sarcos_regression_train_002916,3
sarcos_regression_train_002917,3
sarcos_regression_train_002918,4
sarcos_regression_train_002919,3
sarcos_regression_train_002920,2
sarcos_regression_train_002921,0
sarcos_regression_train_002922,1
sarcos_regression_train_002923,4
sarcos_regression_train_002924,2
sarcos_regression_train_002925,0
sarcos_regression_train_002926,3
sarcos_regression_train_002927,3
sarcos_regression_train_002928,2
sarcos_regression_train_002929,0
sarcos_regression_train_002930,2
sarcos_regression_train_002931,3
sarcos_regression_train_002932,0
sarcos_regression_train_002933,2
sarcos_regression_train_002934,3
sarcos_regression_train_002935,4
sarcos_regression_train_002936,2
sarcos_regression_train_002937,1
sarcos_regression_train_002938,3
sarcos_regression_train_002939,0
sarcos_regression_train_002940,4
sarcos_regression_train_002941,4
sarcos_regression_train_002942,4
sarcos_regression_train_002943,3
sarcos_regression_train_002944,0
sarcos_regression_train_002945,1
sarcos_regression_train_002946,4
sarcos_regression_train_002947,3
sarcos_regression_train_002948,1
sarcos_regression_train_002949,0
sarcos_regression_train_002950,3
sarcos_regression_train_002951,1
sarcos_regression_train_002952,0
sarcos_regression_train_002953,1
sarcos_regression_train_002954,3
sarcos_regression_train_002955,0
sarcos_regression_train_002956,3
sarcos_regression_train_002957,2
sarcos_regression_train_002958,3
sarcos_regression_train_002959,0
sarcos_regression_train_002960,1
sarcos_regression_train_002961,0
sarcos_regression_train_002962,0
sarcos_regression_train_002963,0
sarcos_regression_train_002964,1
sarcos_regression_train_002965,0
sarcos_regression_train_002966,3
sarcos_regression_train_002967,4
sarcos_regression_train_002968,4
sarcos_regression_train_002969,2
sarcos_regression_train_002970,4
sarcos_regression_train_002971,3
sarcos_regression_train_002972,2
sarcos_regression_train_002973,1
sarcos_regression_train_002974,2
sarcos_regression_train_002975,2
sarcos_regression_train_002976,3
sarcos_regression_train_002977,0
sarcos_regression_train_002978,3
sarcos_regression_train_002979,4
sarcos_regression_train_002980,3
sarcos_regression_train_002981,4
sarcos_regression_train_002982,1
sarcos_regression_train_002983,1
sarcos_regression_train_002984,4
sarcos_regression_train_002985,2
sarcos_regression_train_002986,4
sarcos_regression_train_002987,0
sarcos_regression_train_002988,1
sarcos_regression_train_002989,2
sarcos_regression_train_002990,1
sarcos_regression_train_002991,0
sarcos_regression_train_002992,1
sarcos_regression_train_002993,1
sarcos_regression_train_002994,4
sarcos_regression_train_002995,0
sarcos_regression_train_002996,2
sarcos_regression_train_002997,2
sarcos_regression_train_002998,3
sarcos_regression_train_002999,0
sarcos_regression_train_003000,1
sarcos_regression_train_003001,2
sarcos_regression_train_003002,2
sarcos_regression_train_003003,1
sarcos_regression_train_003004,1
sarcos_regression_train_003005,3
sarcos_regression_train_003006,3
sarcos_regression_train_003007,1
sarcos_regression_train_003008,3
sarcos_regression_train_003009,4
sarcos_regression_train_003010,3
sarcos_regression_train_003011,4
sarcos_regression_train_003012,4
sarcos_regression_train_003013,0
sarcos_regression_train_003014,4
sarcos_regression_train_003015,1
sarcos_regression_train_003016,0
sarcos_regression_train_003017,4
sarcos_regression_train_003018,3
sarcos_regression_train_003019,0
sarcos_regression_train_003020,2
sarcos_regression_train_003021,2
sarcos_regression_train_003022,4
sarcos_regression_train_003023,2
sarcos_regression_train_003024,4
sarcos_regression_train_003025,3
sarcos_regression_train_003026,4
sarcos_regression_train_003027,3
sarcos_regression_train_003028,2
sarcos_regression_train_003029,3
sarcos_regression_train_003030,4
sarcos_regression_train_003031,2
sarcos_regression_train_003032,3
sarcos_regression_train_003033,2
sarcos_regression_train_003034,1
sarcos_regression_train_003035,0
sarcos_regression_train_003036,3
sarcos_regression_train_003037,1
sarcos_regression_train_003038,3
sarcos_regression_train_003039,4
sarcos_regression_train_003040,3
sarcos_regression_train_003041,1
sarcos_regression_train_003042,4
sarcos_regression_train_003043,4
sarcos_regression_train_003044,0
sarcos_regression_train_003045,0
sarcos_regression_train_003046,0
sarcos_regression_train_003047,3
sarcos_regression_train_003048,1
sarcos_regression_train_003049,3
sarcos_regression_train_003050,2
sarcos_regression_train_003051,2
sarcos_regression_train_003052,1
sarcos_regression_train_003053,0
sarcos_regression_train_003054,2
sarcos_regression_train_003055,3
sarcos_regression_train_003056,1
sarcos_regression_train_003057,4
sarcos_regression_train_003058,2
sarcos_regression_train_003059,4
sarcos_regression_train_003060,2
sarcos_regression_train_003061,1
sarcos_regression_train_003062,0
sarcos_regression_train_003063,0
sarcos_regression_train_003064,3
sarcos_regression_train_003065,2
sarcos_regression_train_003066,2
sarcos_regression_train_003067,0
sarcos_regression_train_003068,0
sarcos_regression_train_003069,2
sarcos_regression_train_003070,2
sarcos_regression_train_003071,4
sarcos_regression_train_003072,1
sarcos_regression_train_003073,0
sarcos_regression_train_003074,4
sarcos_regression_train_003075,2
sarcos_regression_train_003076,4
sarcos_regression_train_003077,3
sarcos_regression_train_003078,2
sarcos_regression_train_003079,2
sarcos_regression_train_003080,4
sarcos_regression_train_003081,3
sarcos_regression_train_003082,4
sarcos_regression_train_003083,2
sarcos_regression_train_003084,0
sarcos_regression_train_003085,4
sarcos_regression_train_003086,0
sarcos_regression_train_003087,3
sarcos_regression_train_003088,2
sarcos_regression_train_003089,4
sarcos_regression_train_003090,2
sarcos_regression_train_003091,2
sarcos_regression_train_003092,4
sarcos_regression_train_003093,4
sarcos_regression_train_003094,2
sarcos_regression_train_003095,4
sarcos_regression_train_003096,4
sarcos_regression_train_003097,2
sarcos_regression_train_003098,0
sarcos_regression_train_003099,3
sarcos_regression_train_003100,4
sarcos_regression_train_003101,0
sarcos_regression_train_003102,2
sarcos_regression_train_003103,1
sarcos_regression_train_003104,4
sarcos_regression_train_003105,4
sarcos_regression_train_003106,2
sarcos_regression_train_003107,4
sarcos_regression_train_003108,3
sarcos_regression_train_003109,3
sarcos_regression_train_003110,4
sarcos_regression_train_003111,4
sarcos_regression_train_003112,1
sarcos_regression_train_003113,1
sarcos_regression_train_003114,4
sarcos_regression_train_003115,1
sarcos_regression_train_003116,0
sarcos_regression_train_003117,3
sarcos_regression_train_003118,0
sarcos_regression_train_003119,4
sarcos_regression_train_003120,1
sarcos_regression_train_003121,0
sarcos_regression_train_003122,3
sarcos_regression_train_003123,0
sarcos_regression_train_003124,0
sarcos_regression_train_003125,4
sarcos_regression_train_003126,4
sarcos_regression_train_003127,0
sarcos_regression_train_003128,4
sarcos_regression_train_003129,2
sarcos_regression_train_003130,2
sarcos_regression_train_003131,1
sarcos_regression_train_003132,1
sarcos_regression_train_003133,4
sarcos_regression_train_003134,3
sarcos_regression_train_003135,3
sarcos_regression_train_003136,3
sarcos_regression_train_003137,2
sarcos_regression_train_003138,3
sarcos_regression_train_003139,4
sarcos_regression_train_003140,1
sarcos_regression_train_003141,4
sarcos_regression_train_003142,0
sarcos_regression_train_003143,1
sarcos_regression_train_003144,1
sarcos_regression_train_003145,4
sarcos_regression_train_003146,0
sarcos_regression_train_003147,3
sarcos_regression_train_003148,3
sarcos_regression_train_003149,1
sarcos_regression_train_003150,1
sarcos_regression_train_003151,0
sarcos_regression_train_003152,1
sarcos_regression_train_003153,2
sarcos_regression_train_003154,3
sarcos_regression_train_003155,1
sarcos_regression_train_003156,0
sarcos_regression_train_003157,4
sarcos_regression_train_003158,4
sarcos_regression_train_003159,0
sarcos_regression_train_003160,1
sarcos_regression_train_003161,0
sarcos_regression_train_003162,4
sarcos_regression_train_003163,0
sarcos_regression_train_003164,4
sarcos_regression_train_003165,0
sarcos_regression_train_003166,0
sarcos_regression_train_003167,2
sarcos_regression_train_003168,3
sarcos_regression_train_003169,0
sarcos_regression_train_003170,4
sarcos_regression_train_003171,0
sarcos_regression_train_003172,0
sarcos_regression_train_003173,2
sarcos_regression_train_003174,0
sarcos_regression_train_003175,2
sarcos_regression_train_003176,3
sarcos_regression_train_003177,2
sarcos_regression_train_003178,4
sarcos_regression_train_003179,1
sarcos_regression_train_003180,0
sarcos_regression_train_003181,1
sarcos_regression_train_003182,2
sarcos_regression_train_003183,1
sarcos_regression_train_003184,1
sarcos_regression_train_003185,4
sarcos_regression_train_003186,0
sarcos_regression_train_003187,2
sarcos_regression_train_003188,1
sarcos_regression_train_003189,2
sarcos_regression_train_003190,0
sarcos_regression_train_003191,2
sarcos_regression_train_003192,4
sarcos_regression_train_003193,3
sarcos_regression_train_003194,3
sarcos_regression_train_003195,3
sarcos_regression_train_003196,2
sarcos_regression_train_003197,1
sarcos_regression_train_003198,1
sarcos_regression_train_003199,3
sarcos_regression_train_003200,0
sarcos_regression_train_003201,1
sarcos_regression_train_003202,1
sarcos_regression_train_003203,4
sarcos_regression_train_003204,4
sarcos_regression_train_003205,4
sarcos_regression_train_003206,0
sarcos_regression_train_003207,2
sarcos_regression_train_003208,0
sarcos_regression_train_003209,4
sarcos_regression_train_003210,4
sarcos_regression_train_003211,3
sarcos_regression_train_003212,0
sarcos_regression_train_003213,0
sarcos_regression_train_003214,4
sarcos_regression_train_003215,0
sarcos_regression_train_003216,1
sarcos_regression_train_003217,3
sarcos_regression_train_003218,3
sarcos_regression_train_003219,1
sarcos_regression_train_003220,1
sarcos_regression_train_003221,4
sarcos_regression_train_003222,4
sarcos_regression_train_003223,2
sarcos_regression_train_003224,1
sarcos_regression_train_003225,0
sarcos_regression_train_003226,4
sarcos_regression_train_003227,0
sarcos_regression_train_003228,3
sarcos_regression_train_003229,1
sarcos_regression_train_003230,0
sarcos_regression_train_003231,1
sarcos_regression_train_003232,0
sarcos_regression_train_003233,1
sarcos_regression_train_003234,1
sarcos_regression_train_003235,2
sarcos_regression_train_003236,1
sarcos_regression_train_003237,2
sarcos_regression_train_003238,4
sarcos_regression_train_003239,4
sarcos_regression_train_003240,4
sarcos_regression_train_003241,1
sarcos_regression_train_003242,0
sarcos_regression_train_003243,3
sarcos_regression_train_003244,1
sarcos_regression_train_003245,4
sarcos_regression_train_003246,3
sarcos_regression_train_003247,0
sarcos_regression_train_003248,3
sarcos_regression_train_003249,2
sarcos_regression_train_003250,2
sarcos_regression_train_003251,3
sarcos_regression_train_003252,4
sarcos_regression_train_003253,4
sarcos_regression_train_003254,1
sarcos_regression_train_003255,2
sarcos_regression_train_003256,2
sarcos_regression_train_003257,1
sarcos_regression_train_003258,1
sarcos_regression_train_003259,0
sarcos_regression_train_003260,0
sarcos_regression_train_003261,1
sarcos_regression_train_003262,1
sarcos_regression_train_003263,1
sarcos_regression_train_003264,4
sarcos_regression_train_003265,3
sarcos_regression_train_003266,4
sarcos_regression_train_003267,4
sarcos_regression_train_003268,4
sarcos_regression_train_003269,1
sarcos_regression_train_003270,4
sarcos_regression_train_003271,0
sarcos_regression_train_003272,1
sarcos_regression_train_003273,1
sarcos_regression_train_003274,0
sarcos_regression_train_003275,1
sarcos_regression_train_003276,3
sarcos_regression_train_003277,1
sarcos_regression_train_003278,2
sarcos_regression_train_003279,0
sarcos_regression_train_003280,1
sarcos_regression_train_003281,3
sarcos_regression_train_003282,2
sarcos_regression_train_003283,1
sarcos_regression_train_003284,0
sarcos_regression_train_003285,0
sarcos_regression_train_003286,2
sarcos_regression_train_003287,2
sarcos_regression_train_003288,2
sarcos_regression_train_003289,1
sarcos_regression_train_003290,4
sarcos_regression_train_003291,4
sarcos_regression_train_003292,3
sarcos_regression_train_003293,2
sarcos_regression_train_003294,3
sarcos_regression_train_003295,3
sarcos_regression_train_003296,2
sarcos_regression_train_003297,4
sarcos_regression_train_003298,3
sarcos_regression_train_003299,1
sarcos_regression_train_003300,2
sarcos_regression_train_003301,0
sarcos_regression_train_003302,3
sarcos_regression_train_003303,3
sarcos_regression_train_003304,2
sarcos_regression_train_003305,2
sarcos_regression_train_003306,3
sarcos_regression_train_003307,3
sarcos_regression_train_003308,4
sarcos_regression_train_003309,4
sarcos_regression_train_003310,0
sarcos_regression_train_003311,2
sarcos_regression_train_003312,3
sarcos_regression_train_003313,3
sarcos_regression_train_003314,4
sarcos_regression_train_003315,0
sarcos_regression_train_003316,0
sarcos_regression_train_003317,0
sarcos_regression_train_003318,1
sarcos_regression_train_003319,1
sarcos_regression_train_003320,0
sarcos_regression_train_003321,4
sarcos_regression_train_003322,4
sarcos_regression_train_003323,3
sarcos_regression_train_003324,0
sarcos_regression_train_003325,0
sarcos_regression_train_003326,1
sarcos_regression_train_003327,1
sarcos_regression_train_003328,0
sarcos_regression_train_003329,2
sarcos_regression_train_003330,2
sarcos_regression_train_003331,3
sarcos_regression_train_003332,1
sarcos_regression_train_003333,0
sarcos_regression_train_003334,0
sarcos_regression_train_003335,2
sarcos_regression_train_003336,2
sarcos_regression_train_003337,1
sarcos_regression_train_003338,2
sarcos_regression_train_003339,0
sarcos_regression_train_003340,4
sarcos_regression_train_003341,0
sarcos_regression_train_003342,3
sarcos_regression_train_003343,1
sarcos_regression_train_003344,2
sarcos_regression_train_003345,0
sarcos_regression_train_003346,2
sarcos_regression_train_003347,2
sarcos_regression_train_003348,3
sarcos_regression_train_003349,4
sarcos_regression_train_003350,2
sarcos_regression_train_003351,1
sarcos_regression_train_003352,1
sarcos_regression_train_003353,4
sarcos_regression_train_003354,0
sarcos_regression_train_003355,2
sarcos_regression_train_003356,0
sarcos_regression_train_003357,4
sarcos_regression_train_003358,4
sarcos_regression_train_003359,0
sarcos_regression_train_003360,3
sarcos_regression_train_003361,1
sarcos_regression_train_003362,3
sarcos_regression_train_003363,0
sarcos_regression_train_003364,1
sarcos_regression_train_003365,2
sarcos_regression_train_003366,4
sarcos_regression_train_003367,0
sarcos_regression_train_003368,4
sarcos_regression_train_003369,3
sarcos_regression_train_003370,3
sarcos_regression_train_003371,3
sarcos_regression_train_003372,1
sarcos_regression_train_003373,3
sarcos_regression_train_003374,1
sarcos_regression_train_003375,1
sarcos_regression_train_003376,3
sarcos_regression_train_003377,2
sarcos_regression_train_003378,2
sarcos_regression_train_003379,4
sarcos_regression_train_003380,3
sarcos_regression_train_003381,2
sarcos_regression_train_003382,3
sarcos_regression_train_003383,3
sarcos_regression_train_003384,3
sarcos_regression_train_003385,3
sarcos_regression_train_003386,3
sarcos_regression_train_003387,0
sarcos_regression_train_003388,0
sarcos_regression_train_003389,0
sarcos_regression_train_003390,1
sarcos_regression_train_003391,2
sarcos_regression_train_003392,3
sarcos_regression_train_003393,1
sarcos_regression_train_003394,1
sarcos_regression_train_003395,2
sarcos_regression_train_003396,2
sarcos_regression_train_003397,4
sarcos_regression_train_003398,2
sarcos_regression_train_003399,3
sarcos_regression_train_003400,4
sarcos_regression_train_003401,2
sarcos_regression_train_003402,1
sarcos_regression_train_003403,1
sarcos_regression_train_003404,4
sarcos_regression_train_003405,4
sarcos_regression_train_003406,3
sarcos_regression_train_003407,2
sarcos_regression_train_003408,2
sarcos_regression_train_003409,3
sarcos_regression_train_003410,2
sarcos_regression_train_003411,4
sarcos_regression_train_003412,1
sarcos_regression_train_003413,0
sarcos_regression_train_003414,2
sarcos_regression_train_003415,2
sarcos_regression_train_003416,1
sarcos_regression_train_003417,3
sarcos_regression_train_003418,4
sarcos_regression_train_003419,4
sarcos_regression_train_003420,2
sarcos_regression_train_003421,3
sarcos_regression_train_003422,0
sarcos_regression_train_003423,4
sarcos_regression_train_003424,3
sarcos_regression_train_003425,1
sarcos_regression_train_003426,2
sarcos_regression_train_003427,0
sarcos_regression_train_003428,1
sarcos_regression_train_003429,2
sarcos_regression_train_003430,4
sarcos_regression_train_003431,1
sarcos_regression_train_003432,4
sarcos_regression_train_003433,2
sarcos_regression_train_003434,1
sarcos_regression_train_003435,3
sarcos_regression_train_003436,3
sarcos_regression_train_003437,2
sarcos_regression_train_003438,0
sarcos_regression_train_003439,1
sarcos_regression_train_003440,1
sarcos_regression_train_003441,0
sarcos_regression_train_003442,1
sarcos_regression_train_003443,3
sarcos_regression_train_003444,0
sarcos_regression_train_003445,1
sarcos_regression_train_003446,0
sarcos_regression_train_003447,4
sarcos_regression_train_003448,3
sarcos_regression_train_003449,4
sarcos_regression_train_003450,3
sarcos_regression_train_003451,0
sarcos_regression_train_003452,3
sarcos_regression_train_003453,4
sarcos_regression_train_003454,0
sarcos_regression_train_003455,0
sarcos_regression_train_003456,2
sarcos_regression_train_003457,4
sarcos_regression_train_003458,0
sarcos_regression_train_003459,2
sarcos_regression_train_003460,1
sarcos_regression_train_003461,3
sarcos_regression_train_003462,3
sarcos_regression_train_003463,2
sarcos_regression_train_003464,4
sarcos_regression_train_003465,4
sarcos_regression_train_003466,4
sarcos_regression_train_003467,0
sarcos_regression_train_003468,1
sarcos_regression_train_003469,2
sarcos_regression_train_003470,2
sarcos_regression_train_003471,2
sarcos_regression_train_003472,1
sarcos_regression_train_003473,2
sarcos_regression_train_003474,2
sarcos_regression_train_003475,0
sarcos_regression_train_003476,1
sarcos_regression_train_003477,2
sarcos_regression_train_003478,4
sarcos_regression_train_003479,0
sarcos_regression_train_003480,1
sarcos_regression_train_003481,1
sarcos_regression_train_003482,3
sarcos_regression_train_003483,3
sarcos_regression_train_003484,1
sarcos_regression_train_003485,2
sarcos_regression_train_003486,1
sarcos_regression_train_003487,1
sarcos_regression_train_003488,4
sarcos_regression_train_003489,4
sarcos_regression_train_003490,3
sarcos_regression_train_003491,2
sarcos_regression_train_003492,1
sarcos_regression_train_003493,3
sarcos_regression_train_003494,1
sarcos_regression_train_003495,2
sarcos_regression_train_003496,3
sarcos_regression_train_003497,3
sarcos_regression_train_003498,1
sarcos_regression_train_003499,1
sarcos_regression_train_003500,0
sarcos_regression_train_003501,4
sarcos_regression_train_003502,0
sarcos_regression_train_003503,4
sarcos_regression_train_003504,3
sarcos_regression_train_003505,0
sarcos_regression_train_003506,4
sarcos_regression_train_003507,3
sarcos_regression_train_003508,1
sarcos_regression_train_003509,2
sarcos_regression_train_003510,3
sarcos_regression_train_003511,2
sarcos_regression_train_003512,3
sarcos_regression_train_003513,3
sarcos_regression_train_003514,1
sarcos_regression_train_003515,4
sarcos_regression_train_003516,0
sarcos_regression_train_003517,1
sarcos_regression_train_003518,1
sarcos_regression_train_003519,4
sarcos_regression_train_003520,2
sarcos_regression_train_003521,1
sarcos_regression_train_003522,4
sarcos_regression_train_003523,0
sarcos_regression_train_003524,0
sarcos_regression_train_003525,0
sarcos_regression_train_003526,2
sarcos_regression_train_003527,3
sarcos_regression_train_003528,1
sarcos_regression_train_003529,0
sarcos_regression_train_003530,3
sarcos_regression_train_003531,1
sarcos_regression_train_003532,1
sarcos_regression_train_003533,0
sarcos_regression_train_003534,1
sarcos_regression_train_003535,1
sarcos_regression_train_003536,2
sarcos_regression_train_003537,3
sarcos_regression_train_003538,0
sarcos_regression_train_003539,0
sarcos_regression_train_003540,0
sarcos_regression_train_003541,0
sarcos_regression_train_003542,3
sarcos_regression_train_003543,0
sarcos_regression_train_003544,4
sarcos_regression_train_003545,1
sarcos_regression_train_003546,0
sarcos_regression_train_003547,2
sarcos_regression_train_003548,4
sarcos_regression_train_003549,1
sarcos_regression_train_003550,0
sarcos_regression_train_003551,2
sarcos_regression_train_003552,2
sarcos_regression_train_003553,4
sarcos_regression_train_003554,1
sarcos_regression_train_003555,0
sarcos_regression_train_003556,2
sarcos_regression_train_003557,0
sarcos_regression_train_003558,1
sarcos_regression_train_003559,3
sarcos_regression_train_003560,4
sarcos_regression_train_003561,0
sarcos_regression_train_003562,1
sarcos_regression_train_003563,4
sarcos_regression_train_003564,1
sarcos_regression_train_003565,1
sarcos_regression_train_003566,0
sarcos_regression_train_003567,4
sarcos_regression_train_003568,2
sarcos_regression_train_003569,4
sarcos_regression_train_003570,2
sarcos_regression_train_003571,3
sarcos_regression_train_003572,4
sarcos_regression_train_003573,0
sarcos_regression_train_003574,1
sarcos_regression_train_003575,3
sarcos_regression_train_003576,1
sarcos_regression_train_003577,4
sarcos_regression_train_003578,1
sarcos_regression_train_003579,4
sarcos_regression_train_003580,1
sarcos_regression_train_003581,0
sarcos_regression_train_003582,4
sarcos_regression_train_003583,3
sarcos_regression_train_003584,4
sarcos_regression_train_003585,2
sarcos_regression_train_003586,1
sarcos_regression_train_003587,0
sarcos_regression_train_003588,2
sarcos_regression_train_003589,0
sarcos_regression_train_003590,3
sarcos_regression_train_003591,2
sarcos_regression_train_003592,2
sarcos_regression_train_003593,2
sarcos_regression_train_003594,4
sarcos_regression_train_003595,4
sarcos_regression_train_003596,0
sarcos_regression_train_003597,0
sarcos_regression_train_003598,3
sarcos_regression_train_003599,3
sarcos_regression_train_003600,0
sarcos_regression_train_003601,1
sarcos_regression_train_003602,2
sarcos_regression_train_003603,1
sarcos_regression_train_003604,0
sarcos_regression_train_003605,2
sarcos_regression_train_003606,3
sarcos_regression_train_003607,1
sarcos_regression_train_003608,1
sarcos_regression_train_003609,4
sarcos_regression_train_003610,2
sarcos_regression_train_003611,1
sarcos_regression_train_003612,0
sarcos_regression_train_003613,0
sarcos_regression_train_003614,4
sarcos_regression_train_003615,3
sarcos_regression_train_003616,3
sarcos_regression_train_003617,3
sarcos_regression_train_003618,3
sarcos_regression_train_003619,2
sarcos_regression_train_003620,0
sarcos_regression_train_003621,0
sarcos_regression_train_003622,1
sarcos_regression_train_003623,1
sarcos_regression_train_003624,0
sarcos_regression_train_003625,0
sarcos_regression_train_003626,2
sarcos_regression_train_003627,3
sarcos_regression_train_003628,3
sarcos_regression_train_003629,3
sarcos_regression_train_003630,0
sarcos_regression_train_003631,2
sarcos_regression_train_003632,1
sarcos_regression_train_003633,2
sarcos_regression_train_003634,1
sarcos_regression_train_003635,0
sarcos_regression_train_003636,2
sarcos_regression_train_003637,0
sarcos_regression_train_003638,2
sarcos_regression_train_003639,3
sarcos_regression_train_003640,2
sarcos_regression_train_003641,1
sarcos_regression_train_003642,1
sarcos_regression_train_003643,2
sarcos_regression_train_003644,3
sarcos_regression_train_003645,3
sarcos_regression_train_003646,4
sarcos_regression_train_003647,4
sarcos_regression_train_003648,1
sarcos_regression_train_003649,1
sarcos_regression_train_003650,3
sarcos_regression_train_003651,3
sarcos_regression_train_003652,0
sarcos_regression_train_003653,1
sarcos_regression_train_003654,0
sarcos_regression_train_003655,1
sarcos_regression_train_003656,3
sarcos_regression_train_003657,4
sarcos_regression_train_003658,1
sarcos_regression_train_003659,4
sarcos_regression_train_003660,0
sarcos_regression_train_003661,0
sarcos_regression_train_003662,1
sarcos_regression_train_003663,4
sarcos_regression_train_003664,0
sarcos_regression_train_003665,0
sarcos_regression_train_003666,3
sarcos_regression_train_003667,2
sarcos_regression_train_003668,1
sarcos_regression_train_003669,3
sarcos_regression_train_003670,2
sarcos_regression_train_003671,1
sarcos_regression_train_003672,0
sarcos_regression_train_003673,3
sarcos_regression_train_003674,3
sarcos_regression_train_003675,3
sarcos_regression_train_003676,2
sarcos_regression_train_003677,4
sarcos_regression_train_003678,3
sarcos_regression_train_003679,4
sarcos_regression_train_003680,2
sarcos_regression_train_003681,1
sarcos_regression_train_003682,3
sarcos_regression_train_003683,0
sarcos_regression_train_003684,2
sarcos_regression_train_003685,3
sarcos_regression_train_003686,4
sarcos_regression_train_003687,2
sarcos_regression_train_003688,4
sarcos_regression_train_003689,3
sarcos_regression_train_003690,3
sarcos_regression_train_003691,0
sarcos_regression_train_003692,2
sarcos_regression_train_003693,0
sarcos_regression_train_003694,2
sarcos_regression_train_003695,3
sarcos_regression_train_003696,1
sarcos_regression_train_003697,1
sarcos_regression_train_003698,4
sarcos_regression_train_003699,0
sarcos_regression_train_003700,3
sarcos_regression_train_003701,2
sarcos_regression_train_003702,0
sarcos_regression_train_003703,4
sarcos_regression_train_003704,3
sarcos_regression_train_003705,0
sarcos_regression_train_003706,1
sarcos_regression_train_003707,1
sarcos_regression_train_003708,2
sarcos_regression_train_003709,0
sarcos_regression_train_003710,1
sarcos_regression_train_003711,4
sarcos_regression_train_003712,3
sarcos_regression_train_003713,4
sarcos_regression_train_003714,4
sarcos_regression_train_003715,2
sarcos_regression_train_003716,3
sarcos_regression_train_003717,2
sarcos_regression_train_003718,4
sarcos_regression_train_003719,4
sarcos_regression_train_003720,0
sarcos_regression_train_003721,1
sarcos_regression_train_003722,1
sarcos_regression_train_003723,3
sarcos_regression_train_003724,1
sarcos_regression_train_003725,2
sarcos_regression_train_003726,4
sarcos_regression_train_003727,0
sarcos_regression_train_003728,2
sarcos_regression_train_003729,2
sarcos_regression_train_003730,4
sarcos_regression_train_003731,4
sarcos_regression_train_003732,3
sarcos_regression_train_003733,2
sarcos_regression_train_003734,0
sarcos_regression_train_003735,4
sarcos_regression_train_003736,2
sarcos_regression_train_003737,3
sarcos_regression_train_003738,1
sarcos_regression_train_003739,3
sarcos_regression_train_003740,1
sarcos_regression_train_003741,3
sarcos_regression_train_003742,2
sarcos_regression_train_003743,0
sarcos_regression_train_003744,4
sarcos_regression_train_003745,1
sarcos_regression_train_003746,3
sarcos_regression_train_003747,1
sarcos_regression_train_003748,2
sarcos_regression_train_003749,2
sarcos_regression_train_003750,2
sarcos_regression_train_003751,3
sarcos_regression_train_003752,4
sarcos_regression_train_003753,3
sarcos_regression_train_003754,0
sarcos_regression_train_003755,1
sarcos_regression_train_003756,4
sarcos_regression_train_003757,2
sarcos_regression_train_003758,4
sarcos_regression_train_003759,4
sarcos_regression_train_003760,0
sarcos_regression_train_003761,0
sarcos_regression_train_003762,3
sarcos_regression_train_003763,4
sarcos_regression_train_003764,3
sarcos_regression_train_003765,1
sarcos_regression_train_003766,4
sarcos_regression_train_003767,1
sarcos_regression_train_003768,1
sarcos_regression_train_003769,1
sarcos_regression_train_003770,3
sarcos_regression_train_003771,4
sarcos_regression_train_003772,3
sarcos_regression_train_003773,1
sarcos_regression_train_003774,1
sarcos_regression_train_003775,4
sarcos_regression_train_003776,3
sarcos_regression_train_003777,1
sarcos_regression_train_003778,2
sarcos_regression_train_003779,2
sarcos_regression_train_003780,4
sarcos_regression_train_003781,4
sarcos_regression_train_003782,3
sarcos_regression_train_003783,0
sarcos_regression_train_003784,2
sarcos_regression_train_003785,3
sarcos_regression_train_003786,1
sarcos_regression_train_003787,1
sarcos_regression_train_003788,4
sarcos_regression_train_003789,3
sarcos_regression_train_003790,0
sarcos_regression_train_003791,2
sarcos_regression_train_003792,4
sarcos_regression_train_003793,4
sarcos_regression_train_003794,0
sarcos_regression_train_003795,4
sarcos_regression_train_003796,1
sarcos_regression_train_003797,0
sarcos_regression_train_003798,2
sarcos_regression_train_003799,4
sarcos_regression_train_003800,0
sarcos_regression_train_003801,1
sarcos_regression_train_003802,2
sarcos_regression_train_003803,1
sarcos_regression_train_003804,0
sarcos_regression_train_003805,4
sarcos_regression_train_003806,2
sarcos_regression_train_003807,4
sarcos_regression_train_003808,2
sarcos_regression_train_003809,4
sarcos_regression_train_003810,1
sarcos_regression_train_003811,3
sarcos_regression_train_003812,2
sarcos_regression_train_003813,3
sarcos_regression_train_003814,4
sarcos_regression_train_003815,3
sarcos_regression_train_003816,1
sarcos_regression_train_003817,2
sarcos_regression_train_003818,1
sarcos_regression_train_003819,2
sarcos_regression_train_003820,3
sarcos_regression_train_003821,2
sarcos_regression_train_003822,1
sarcos_regression_train_003823,1
sarcos_regression_train_003824,0
sarcos_regression_train_003825,2
sarcos_regression_train_003826,4
sarcos_regression_train_003827,4
sarcos_regression_train_003828,3
sarcos_regression_train_003829,3
sarcos_regression_train_003830,1
sarcos_regression_train_003831,1
sarcos_regression_train_003832,1
sarcos_regression_train_003833,0
sarcos_regression_train_003834,4
sarcos_regression_train_003835,4
sarcos_regression_train_003836,3
sarcos_regression_train_003837,1
sarcos_regression_train_003838,3
sarcos_regression_train_003839,2
sarcos_regression_train_003840,0
sarcos_regression_train_003841,1
sarcos_regression_train_003842,3
sarcos_regression_train_003843,4
sarcos_regression_train_003844,3
sarcos_regression_train_003845,0
sarcos_regression_train_003846,4
sarcos_regression_train_003847,4
sarcos_regression_train_003848,3
sarcos_regression_train_003849,0
sarcos_regression_train_003850,0
sarcos_regression_train_003851,0
sarcos_regression_train_003852,2
sarcos_regression_train_003853,4
sarcos_regression_train_003854,2
sarcos_regression_train_003855,0
sarcos_regression_train_003856,2
sarcos_regression_train_003857,0
sarcos_regression_train_003858,2
sarcos_regression_train_003859,2
sarcos_regression_train_003860,3
sarcos_regression_train_003861,1
sarcos_regression_train_003862,2
sarcos_regression_train_003863,3
sarcos_regression_train_003864,3
sarcos_regression_train_003865,1
sarcos_regression_train_003866,0
sarcos_regression_train_003867,4
sarcos_regression_train_003868,4
sarcos_regression_train_003869,0
sarcos_regression_train_003870,3
sarcos_regression_train_003871,1
sarcos_regression_train_003872,2
sarcos_regression_train_003873,4
sarcos_regression_train_003874,0
sarcos_regression_train_003875,4
sarcos_regression_train_003876,1
sarcos_regression_train_003877,3
sarcos_regression_train_003878,0
sarcos_regression_train_003879,1
sarcos_regression_train_003880,4
sarcos_regression_train_003881,2
sarcos_regression_train_003882,3
sarcos_regression_train_003883,4
sarcos_regression_train_003884,3
sarcos_regression_train_003885,2
sarcos_regression_train_003886,4
sarcos_regression_train_003887,4
sarcos_regression_train_003888,1
sarcos_regression_train_003889,4
sarcos_regression_train_003890,4
sarcos_regression_train_003891,3
sarcos_regression_train_003892,4
sarcos_regression_train_003893,4
sarcos_regression_train_003894,2
sarcos_regression_train_003895,3
sarcos_regression_train_003896,0
sarcos_regression_train_003897,4
sarcos_regression_train_003898,3
sarcos_regression_train_003899,0
sarcos_regression_train_003900,0
sarcos_regression_train_003901,3
sarcos_regression_train_003902,1
sarcos_regression_train_003903,4
sarcos_regression_train_003904,3
sarcos_regression_train_003905,1
sarcos_regression_train_003906,4
sarcos_regression_train_003907,1
sarcos_regression_train_003908,1
sarcos_regression_train_003909,2
sarcos_regression_train_003910,4
sarcos_regression_train_003911,4
sarcos_regression_train_003912,4
sarcos_regression_train_003913,3
sarcos_regression_train_003914,1
sarcos_regression_train_003915,4
sarcos_regression_train_003916,4
sarcos_regression_train_003917,3
sarcos_regression_train_003918,1
sarcos_regression_train_003919,3
sarcos_regression_train_003920,2
sarcos_regression_train_003921,3
sarcos_regression_train_003922,3
sarcos_regression_train_003923,3
sarcos_regression_train_003924,2
sarcos_regression_train_003925,2
sarcos_regression_train_003926,0
sarcos_regression_train_003927,3
sarcos_regression_train_003928,3
sarcos_regression_train_003929,2
sarcos_regression_train_003930,2
sarcos_regression_train_003931,3
sarcos_regression_train_003932,4
sarcos_regression_train_003933,1
sarcos_regression_train_003934,0
sarcos_regression_train_003935,0
sarcos_regression_train_003936,1
sarcos_regression_train_003937,0
sarcos_regression_train_003938,2
sarcos_regression_train_003939,4
sarcos_regression_train_003940,3
sarcos_regression_train_003941,1
sarcos_regression_train_003942,2
sarcos_regression_train_003943,0
sarcos_regression_train_003944,4
sarcos_regression_train_003945,3
sarcos_regression_train_003946,3
sarcos_regression_train_003947,4
sarcos_regression_train_003948,4
sarcos_regression_train_003949,0
sarcos_regression_train_003950,3
sarcos_regression_train_003951,4
sarcos_regression_train_003952,4
sarcos_regression_train_003953,0
sarcos_regression_train_003954,0
sarcos_regression_train_003955,1
sarcos_regression_train_003956,1
sarcos_regression_train_003957,0
sarcos_regression_train_003958,3
sarcos_regression_train_003959,2
sarcos_regression_train_003960,4
sarcos_regression_train_003961,4
sarcos_regression_train_003962,4
sarcos_regression_train_003963,1
sarcos_regression_train_003964,3
sarcos_regression_train_003965,2
sarcos_regression_train_003966,2
sarcos_regression_train_003967,4
sarcos_regression_train_003968,0
sarcos_regression_train_003969,1
sarcos_regression_train_003970,4
sarcos_regression_train_003971,0
sarcos_regression_train_003972,0
sarcos_regression_train_003973,2
sarcos_regression_train_003974,1
sarcos_regression_train_003975,2
sarcos_regression_train_003976,0
sarcos_regression_train_003977,4
sarcos_regression_train_003978,3
sarcos_regression_train_003979,4
sarcos_regression_train_003980,3
sarcos_regression_train_003981,4
sarcos_regression_train_003982,4
sarcos_regression_train_003983,4
sarcos_regression_train_003984,3
sarcos_regression_train_003985,1
sarcos_regression_train_003986,3
sarcos_regression_train_003987,3
sarcos_regression_train_003988,2
sarcos_regression_train_003989,2
sarcos_regression_train_003990,1
sarcos_regression_train_003991,2
sarcos_regression_train_003992,3
sarcos_regression_train_003993,2
sarcos_regression_train_003994,2
sarcos_regression_train_003995,4
sarcos_regression_train_003996,2
sarcos_regression_train_003997,4
sarcos_regression_train_003998,3
sarcos_regression_train_003999,0
sarcos_regression_train_004000,4
sarcos_regression_train_004001,3
sarcos_regression_train_004002,0
sarcos_regression_train_004003,4
sarcos_regression_train_004004,1
sarcos_regression_train_004005,4
sarcos_regression_train_004006,1
sarcos_regression_train_004007,4
sarcos_regression_train_004008,0
sarcos_regression_train_004009,4
sarcos_regression_train_004010,3
sarcos_regression_train_004011,1
sarcos_regression_train_004012,0
sarcos_regression_train_004013,4
sarcos_regression_train_004014,2
sarcos_regression_train_004015,1
sarcos_regression_train_004016,4
sarcos_regression_train_004017,4
sarcos_regression_train_004018,0
sarcos_regression_train_004019,2
sarcos_regression_train_004020,3
sarcos_regression_train_004021,3
sarcos_regression_train_004022,4
sarcos_regression_train_004023,3
sarcos_regression_train_004024,2
sarcos_regression_train_004025,2
sarcos_regression_train_004026,3
sarcos_regression_train_004027,4
sarcos_regression_train_004028,4
sarcos_regression_train_004029,0
sarcos_regression_train_004030,4
sarcos_regression_train_004031,4
sarcos_regression_train_004032,1
sarcos_regression_train_004033,0
sarcos_regression_train_004034,2
sarcos_regression_train_004035,4
sarcos_regression_train_004036,3
sarcos_regression_train_004037,3
sarcos_regression_train_004038,4
sarcos_regression_train_004039,4
sarcos_regression_train_004040,2
sarcos_regression_train_004041,4
sarcos_regression_train_004042,1
sarcos_regression_train_004043,0
sarcos_regression_train_004044,2
sarcos_regression_train_004045,0
sarcos_regression_train_004046,1
sarcos_regression_train_004047,4
sarcos_regression_train_004048,4
sarcos_regression_train_004049,1
sarcos_regression_train_004050,3
sarcos_regression_train_004051,0
sarcos_regression_train_004052,4
sarcos_regression_train_004053,4
sarcos_regression_train_004054,0
sarcos_regression_train_004055,2
sarcos_regression_train_004056,4
sarcos_regression_train_004057,3
sarcos_regression_train_004058,3
sarcos_regression_train_004059,1
sarcos_regression_train_004060,4
sarcos_regression_train_004061,3
sarcos_regression_train_004062,4
sarcos_regression_train_004063,4
sarcos_regression_train_004064,1
sarcos_regression_train_004065,3
sarcos_regression_train_004066,2
sarcos_regression_train_004067,0
sarcos_regression_train_004068,0
sarcos_regression_train_004069,2
sarcos_regression_train_004070,2
sarcos_regression_train_004071,2
sarcos_regression_train_004072,2
sarcos_regression_train_004073,3
sarcos_regression_train_004074,1
sarcos_regression_train_004075,2
sarcos_regression_train_004076,2
sarcos_regression_train_004077,1
sarcos_regression_train_004078,4
sarcos_regression_train_004079,3
sarcos_regression_train_004080,0
sarcos_regression_train_004081,1
sarcos_regression_train_004082,1
sarcos_regression_train_004083,0
sarcos_regression_train_004084,2
sarcos_regression_train_004085,2
sarcos_regression_train_004086,3
sarcos_regression_train_004087,4
sarcos_regression_train_004088,2
sarcos_regression_train_004089,4
sarcos_regression_train_004090,1
sarcos_regression_train_004091,1
sarcos_regression_train_004092,2
sarcos_regression_train_004093,2
sarcos_regression_train_004094,2
sarcos_regression_train_004095,2
sarcos_regression_train_004096,1
sarcos_regression_train_004097,0
sarcos_regression_train_004098,0
sarcos_regression_train_004099,4
sarcos_regression_train_004100,1
sarcos_regression_train_004101,3
sarcos_regression_train_004102,3
sarcos_regression_train_004103,4
sarcos_regression_train_004104,1
sarcos_regression_train_004105,4
sarcos_regression_train_004106,3
sarcos_regression_train_004107,0
sarcos_regression_train_004108,4
sarcos_regression_train_004109,2
sarcos_regression_train_004110,2
sarcos_regression_train_004111,4
sarcos_regression_train_004112,3
sarcos_regression_train_004113,4
sarcos_regression_train_004114,3
sarcos_regression_train_004115,4
sarcos_regression_train_004116,2
sarcos_regression_train_004117,4
sarcos_regression_train_004118,2
sarcos_regression_train_004119,4
sarcos_regression_train_004120,4
sarcos_regression_train_004121,2
sarcos_regression_train_004122,0
sarcos_regression_train_004123,1
sarcos_regression_train_004124,0
sarcos_regression_train_004125,3
sarcos_regression_train_004126,2
sarcos_regression_train_004127,1
sarcos_regression_train_004128,1
sarcos_regression_train_004129,0
sarcos_regression_train_004130,2
sarcos_regression_train_004131,0
sarcos_regression_train_004132,0
sarcos_regression_train_004133,1
sarcos_regression_train_004134,3
sarcos_regression_train_004135,3
sarcos_regression_train_004136,1
sarcos_regression_train_004137,2
sarcos_regression_train_004138,2
sarcos_regression_train_004139,3
sarcos_regression_train_004140,4
sarcos_regression_train_004141,2
sarcos_regression_train_004142,3
sarcos_regression_train_004143,2
sarcos_regression_train_004144,0
sarcos_regression_train_004145,1
sarcos_regression_train_004146,4
sarcos_regression_train_004147,4
sarcos_regression_train_004148,3
sarcos_regression_train_004149,0
sarcos_regression_train_004150,3
sarcos_regression_train_004151,1
sarcos_regression_train_004152,3
sarcos_regression_train_004153,1
sarcos_regression_train_004154,3
sarcos_regression_train_004155,1
sarcos_regression_train_004156,3
sarcos_regression_train_004157,2
sarcos_regression_train_004158,3
sarcos_regression_train_004159,0
sarcos_regression_train_004160,2
sarcos_regression_train_004161,4
sarcos_regression_train_004162,3
sarcos_regression_train_004163,4
sarcos_regression_train_004164,4
sarcos_regression_train_004165,0
sarcos_regression_train_004166,3
sarcos_regression_train_004167,3
sarcos_regression_train_004168,4
sarcos_regression_train_004169,2
sarcos_regression_train_004170,1
sarcos_regression_train_004171,1
sarcos_regression_train_004172,3
sarcos_regression_train_004173,2
sarcos_regression_train_004174,1
sarcos_regression_train_004175,3
sarcos_regression_train_004176,3
sarcos_regression_train_004177,0
sarcos_regression_train_004178,2
sarcos_regression_train_004179,1
sarcos_regression_train_004180,2
sarcos_regression_train_004181,2
sarcos_regression_train_004182,4
sarcos_regression_train_004183,1
sarcos_regression_train_004184,2
sarcos_regression_train_004185,4
sarcos_regression_train_004186,1
sarcos_regression_train_004187,2
sarcos_regression_train_004188,2
sarcos_regression_train_004189,1
sarcos_regression_train_004190,4
sarcos_regression_train_004191,4
sarcos_regression_train_004192,3
sarcos_regression_train_004193,0
sarcos_regression_train_004194,0
sarcos_regression_train_004195,4
sarcos_regression_train_004196,4
sarcos_regression_train_004197,1
sarcos_regression_train_004198,0
sarcos_regression_train_004199,0
sarcos_regression_train_004200,4
sarcos_regression_train_004201,0
sarcos_regression_train_004202,0
sarcos_regression_train_004203,0
sarcos_regression_train_004204,0
sarcos_regression_train_004205,2
sarcos_regression_train_004206,4
sarcos_regression_train_004207,4
sarcos_regression_train_004208,3
sarcos_regression_train_004209,0
sarcos_regression_train_004210,1
sarcos_regression_train_004211,0
sarcos_regression_train_004212,1
sarcos_regression_train_004213,0
sarcos_regression_train_004214,0
sarcos_regression_train_004215,2
sarcos_regression_train_004216,1
sarcos_regression_train_004217,3
sarcos_regression_train_004218,2
sarcos_regression_train_004219,3
sarcos_regression_train_004220,2
sarcos_regression_train_004221,2
sarcos_regression_train_004222,0
sarcos_regression_train_004223,0
sarcos_regression_train_004224,2
sarcos_regression_train_004225,0
sarcos_regression_train_004226,4
sarcos_regression_train_004227,2
sarcos_regression_train_004228,1
sarcos_regression_train_004229,4
sarcos_regression_train_004230,1
sarcos_regression_train_004231,3
sarcos_regression_train_004232,1
sarcos_regression_train_004233,0
sarcos_regression_train_004234,0
sarcos_regression_train_004235,2
sarcos_regression_train_004236,2
sarcos_regression_train_004237,1
sarcos_regression_train_004238,3
sarcos_regression_train_004239,4
sarcos_regression_train_004240,3
sarcos_regression_train_004241,3
sarcos_regression_train_004242,1
sarcos_regression_train_004243,3
sarcos_regression_train_004244,4
sarcos_regression_train_004245,0
sarcos_regression_train_004246,1
sarcos_regression_train_004247,0
sarcos_regression_train_004248,1
sarcos_regression_train_004249,4
sarcos_regression_train_004250,0
sarcos_regression_train_004251,4
sarcos_regression_train_004252,1
sarcos_regression_train_004253,3
sarcos_regression_train_004254,3
sarcos_regression_train_004255,0
sarcos_regression_train_004256,0
sarcos_regression_train_004257,2
sarcos_regression_train_004258,3
sarcos_regression_train_004259,3
sarcos_regression_train_004260,4
sarcos_regression_train_004261,0
sarcos_regression_train_004262,0
sarcos_regression_train_004263,0
sarcos_regression_train_004264,1
sarcos_regression_train_004265,3
sarcos_regression_train_004266,1
sarcos_regression_train_004267,3
sarcos_regression_train_004268,2
sarcos_regression_train_004269,3
sarcos_regression_train_004270,4
sarcos_regression_train_004271,1
sarcos_regression_train_004272,3
sarcos_regression_train_004273,3
sarcos_regression_train_004274,2
sarcos_regression_train_004275,0
sarcos_regression_train_004276,4
sarcos_regression_train_004277,0
sarcos_regression_train_004278,0
sarcos_regression_train_004279,0
sarcos_regression_train_004280,2
sarcos_regression_train_004281,0
sarcos_regression_train_004282,4
sarcos_regression_train_004283,1
sarcos_regression_train_004284,1
sarcos_regression_train_004285,2
sarcos_regression_train_004286,3
sarcos_regression_train_004287,4
sarcos_regression_train_004288,4
sarcos_regression_train_004289,4
sarcos_regression_train_004290,0
sarcos_regression_train_004291,2
sarcos_regression_train_004292,2
sarcos_regression_train_004293,0
sarcos_regression_train_004294,4
sarcos_regression_train_004295,1
sarcos_regression_train_004296,4
sarcos_regression_train_004297,3
sarcos_regression_train_004298,2
sarcos_regression_train_004299,3
sarcos_regression_train_004300,0
sarcos_regression_train_004301,0
sarcos_regression_train_004302,4
sarcos_regression_train_004303,0
sarcos_regression_train_004304,0
sarcos_regression_train_004305,3
sarcos_regression_train_004306,2
sarcos_regression_train_004307,0
sarcos_regression_train_004308,0
sarcos_regression_train_004309,2
sarcos_regression_train_004310,2
sarcos_regression_train_004311,4
sarcos_regression_train_004312,4
sarcos_regression_train_004313,3
sarcos_regression_train_004314,4
sarcos_regression_train_004315,0
sarcos_regression_train_004316,4
sarcos_regression_train_004317,0
sarcos_regression_train_004318,2
sarcos_regression_train_004319,3
sarcos_regression_train_004320,0
sarcos_regression_train_004321,0
sarcos_regression_train_004322,0
sarcos_regression_train_004323,1
sarcos_regression_train_004324,3
sarcos_regression_train_004325,1
sarcos_regression_train_004326,0
sarcos_regression_train_004327,0
sarcos_regression_train_004328,1
sarcos_regression_train_004329,3
sarcos_regression_train_004330,0
sarcos_regression_train_004331,2
sarcos_regression_train_004332,2
sarcos_regression_train_004333,3
sarcos_regression_train_004334,1
sarcos_regression_train_004335,3
sarcos_regression_train_004336,3
sarcos_regression_train_004337,1
sarcos_regression_train_004338,0
sarcos_regression_train_004339,2
sarcos_regression_train_004340,1
sarcos_regression_train_004341,3
sarcos_regression_train_004342,3
sarcos_regression_train_004343,4
sarcos_regression_train_004344,0
sarcos_regression_train_004345,2
sarcos_regression_train_004346,1
sarcos_regression_train_004347,0
sarcos_regression_train_004348,2
sarcos_regression_train_004349,0
sarcos_regression_train_004350,0
sarcos_regression_train_004351,0
sarcos_regression_train_004352,0
sarcos_regression_train_004353,2
sarcos_regression_train_004354,1
sarcos_regression_train_004355,2
sarcos_regression_train_004356,1
sarcos_regression_train_004357,2
sarcos_regression_train_004358,2
sarcos_regression_train_004359,3
sarcos_regression_train_004360,3
sarcos_regression_train_004361,3
sarcos_regression_train_004362,4
sarcos_regression_train_004363,2
sarcos_regression_train_004364,2
sarcos_regression_train_004365,2
sarcos_regression_train_004366,4
sarcos_regression_train_004367,3
sarcos_regression_train_004368,0
sarcos_regression_train_004369,4
sarcos_regression_train_004370,3
sarcos_regression_train_004371,0
sarcos_regression_train_004372,1
sarcos_regression_train_004373,3
sarcos_regression_train_004374,3
sarcos_regression_train_004375,4
sarcos_regression_train_004376,3
sarcos_regression_train_004377,4
sarcos_regression_train_004378,3
sarcos_regression_train_004379,3
sarcos_regression_train_004380,3
sarcos_regression_train_004381,2
sarcos_regression_train_004382,3
sarcos_regression_train_004383,3
sarcos_regression_train_004384,2
sarcos_regression_train_004385,1
sarcos_regression_train_004386,2
sarcos_regression_train_004387,2
sarcos_regression_train_004388,0
sarcos_regression_train_004389,0
sarcos_regression_train_004390,3
sarcos_regression_train_004391,3
sarcos_regression_train_004392,4
sarcos_regression_train_004393,4
sarcos_regression_train_004394,3
sarcos_regression_train_004395,2
sarcos_regression_train_004396,1
sarcos_regression_train_004397,2
sarcos_regression_train_004398,3
sarcos_regression_train_004399,3
sarcos_regression_train_004400,0
sarcos_regression_train_004401,1
sarcos_regression_train_004402,3
sarcos_regression_train_004403,4
sarcos_regression_train_004404,4
sarcos_regression_train_004405,1
sarcos_regression_train_004406,2
sarcos_regression_train_004407,2
sarcos_regression_train_004408,1
sarcos_regression_train_004409,2
sarcos_regression_train_004410,3
sarcos_regression_train_004411,3
sarcos_regression_train_004412,2
sarcos_regression_train_004413,2
sarcos_regression_train_004414,2
sarcos_regression_train_004415,2
sarcos_regression_train_004416,1
sarcos_regression_train_004417,4
sarcos_regression_train_004418,3
sarcos_regression_train_004419,2
sarcos_regression_train_004420,1
sarcos_regression_train_004421,0
sarcos_regression_train_004422,2
sarcos_regression_train_004423,2
sarcos_regression_train_004424,4
sarcos_regression_train_004425,1
sarcos_regression_train_004426,0
sarcos_regression_train_004427,3
sarcos_regression_train_004428,2
sarcos_regression_train_004429,0
sarcos_regression_train_004430,0
sarcos_regression_train_004431,1
sarcos_regression_train_004432,1
sarcos_regression_train_004433,1
sarcos_regression_train_004434,4
sarcos_regression_train_004435,1
sarcos_regression_train_004436,4
sarcos_regression_train_004437,3
sarcos_regression_train_004438,1
sarcos_regression_train_004439,2
sarcos_regression_train_004440,0
sarcos_regression_train_004441,2
sarcos_regression_train_004442,4
sarcos_regression_train_004443,3
sarcos_regression_train_004444,1
sarcos_regression_train_004445,3
sarcos_regression_train_004446,0
sarcos_regression_train_004447,0
sarcos_regression_train_004448,4
sarcos_regression_train_004449,3
sarcos_regression_train_004450,1
sarcos_regression_train_004451,0
sarcos_regression_train_004452,2
sarcos_regression_train_004453,4
sarcos_regression_train_004454,4
sarcos_regression_train_004455,1
sarcos_regression_train_004456,3
sarcos_regression_train_004457,2
sarcos_regression_train_004458,0
sarcos_regression_train_004459,3
sarcos_regression_train_004460,2
sarcos_regression_train_004461,3
sarcos_regression_train_004462,0
sarcos_regression_train_004463,2
sarcos_regression_train_004464,4
sarcos_regression_train_004465,1
sarcos_regression_train_004466,3
sarcos_regression_train_004467,1
sarcos_regression_train_004468,4
sarcos_regression_train_004469,3
sarcos_regression_train_004470,1
sarcos_regression_train_004471,1
sarcos_regression_train_004472,2
sarcos_regression_train_004473,3
sarcos_regression_train_004474,0
sarcos_regression_train_004475,3
sarcos_regression_train_004476,3
sarcos_regression_train_004477,3
sarcos_regression_train_004478,3
sarcos_regression_train_004479,4
sarcos_regression_train_004480,3
sarcos_regression_train_004481,2
sarcos_regression_train_004482,0
sarcos_regression_train_004483,4
sarcos_regression_train_004484,0
sarcos_regression_train_004485,2
sarcos_regression_train_004486,0
sarcos_regression_train_004487,1
sarcos_regression_train_004488,0
sarcos_regression_train_004489,3
sarcos_regression_train_004490,1
sarcos_regression_train_004491,1
sarcos_regression_train_004492,0
sarcos_regression_train_004493,1
sarcos_regression_train_004494,3
sarcos_regression_train_004495,2
sarcos_regression_train_004496,2
sarcos_regression_train_004497,4
sarcos_regression_train_004498,4
sarcos_regression_train_004499,3
sarcos_regression_train_004500,3
sarcos_regression_train_004501,3
sarcos_regression_train_004502,0
sarcos_regression_train_004503,1
sarcos_regression_train_004504,4
sarcos_regression_train_004505,3
sarcos_regression_train_004506,2
sarcos_regression_train_004507,2
sarcos_regression_train_004508,0
sarcos_regression_train_004509,3
sarcos_regression_train_004510,4
sarcos_regression_train_004511,0
sarcos_regression_train_004512,4
sarcos_regression_train_004513,3
sarcos_regression_train_004514,2
sarcos_regression_train_004515,1
sarcos_regression_train_004516,4
sarcos_regression_train_004517,2
sarcos_regression_train_004518,2
sarcos_regression_train_004519,0
sarcos_regression_train_004520,2
sarcos_regression_train_004521,3
sarcos_regression_train_004522,3
sarcos_regression_train_004523,2
sarcos_regression_train_004524,0
sarcos_regression_train_004525,4
sarcos_regression_train_004526,4
sarcos_regression_train_004527,2
sarcos_regression_train_004528,4
sarcos_regression_train_004529,0
sarcos_regression_train_004530,4
sarcos_regression_train_004531,2
sarcos_regression_train_004532,0
sarcos_regression_train_004533,2
sarcos_regression_train_004534,0
sarcos_regression_train_004535,3
sarcos_regression_train_004536,2
sarcos_regression_train_004537,0
sarcos_regression_train_004538,4
sarcos_regression_train_004539,3
sarcos_regression_train_004540,4
sarcos_regression_train_004541,4
sarcos_regression_train_004542,4
sarcos_regression_train_004543,4
sarcos_regression_train_004544,2
sarcos_regression_train_004545,1
sarcos_regression_train_004546,4
sarcos_regression_train_004547,3
sarcos_regression_train_004548,2
sarcos_regression_train_004549,2
sarcos_regression_train_004550,2
sarcos_regression_train_004551,3
sarcos_regression_train_004552,2
sarcos_regression_train_004553,1
sarcos_regression_train_004554,1
sarcos_regression_train_004555,2
sarcos_regression_train_004556,2
sarcos_regression_train_004557,3
sarcos_regression_train_004558,1
sarcos_regression_train_004559,2
sarcos_regression_train_004560,0
sarcos_regression_train_004561,4
sarcos_regression_train_004562,0
sarcos_regression_train_004563,3
sarcos_regression_train_004564,1
sarcos_regression_train_004565,1
sarcos_regression_train_004566,1
sarcos_regression_train_004567,3
sarcos_regression_train_004568,3
sarcos_regression_train_004569,3
sarcos_regression_train_004570,1
sarcos_regression_train_004571,1
sarcos_regression_train_004572,3
sarcos_regression_train_004573,1
sarcos_regression_train_004574,0
sarcos_regression_train_004575,4
sarcos_regression_train_004576,4
sarcos_regression_train_004577,2
sarcos_regression_train_004578,0
sarcos_regression_train_004579,1
sarcos_regression_train_004580,3
sarcos_regression_train_004581,4
sarcos_regression_train_004582,0
sarcos_regression_train_004583,4
sarcos_regression_train_004584,0
sarcos_regression_train_004585,0
sarcos_regression_train_004586,0
sarcos_regression_train_004587,4
sarcos_regression_train_004588,4
sarcos_regression_train_004589,0
sarcos_regression_train_004590,1
sarcos_regression_train_004591,0
sarcos_regression_train_004592,0
sarcos_regression_train_004593,2
sarcos_regression_train_004594,0
sarcos_regression_train_004595,2
sarcos_regression_train_004596,0
sarcos_regression_train_004597,2
sarcos_regression_train_004598,2
sarcos_regression_train_004599,1
sarcos_regression_train_004600,2
sarcos_regression_train_004601,3
sarcos_regression_train_004602,1
sarcos_regression_train_004603,2
sarcos_regression_train_004604,2
sarcos_regression_train_004605,3
sarcos_regression_train_004606,2
sarcos_regression_train_004607,1
sarcos_regression_train_004608,1
sarcos_regression_train_004609,0
sarcos_regression_train_004610,2
sarcos_regression_train_004611,3
sarcos_regression_train_004612,0
sarcos_regression_train_004613,4
sarcos_regression_train_004614,2
sarcos_regression_train_004615,1
sarcos_regression_train_004616,4
sarcos_regression_train_004617,2
sarcos_regression_train_004618,2
sarcos_regression_train_004619,4
sarcos_regression_train_004620,4
sarcos_regression_train_004621,2
sarcos_regression_train_004622,1
sarcos_regression_train_004623,3
sarcos_regression_train_004624,2
sarcos_regression_train_004625,0
sarcos_regression_train_004626,0
sarcos_regression_train_004627,3
sarcos_regression_train_004628,3
sarcos_regression_train_004629,1
sarcos_regression_train_004630,2
sarcos_regression_train_004631,0
sarcos_regression_train_004632,1
sarcos_regression_train_004633,4
sarcos_regression_train_004634,4
sarcos_regression_train_004635,0
sarcos_regression_train_004636,4
sarcos_regression_train_004637,4
sarcos_regression_train_004638,0
sarcos_regression_train_004639,0
sarcos_regression_train_004640,2
sarcos_regression_train_004641,4
sarcos_regression_train_004642,2
sarcos_regression_train_004643,4
sarcos_regression_train_004644,0
sarcos_regression_train_004645,1
sarcos_regression_train_004646,3
sarcos_regression_train_004647,1
sarcos_regression_train_004648,1
sarcos_regression_train_004649,2
sarcos_regression_train_004650,3
sarcos_regression_train_004651,4
sarcos_regression_train_004652,1
sarcos_regression_train_004653,2
sarcos_regression_train_004654,1
sarcos_regression_train_004655,4
sarcos_regression_train_004656,0
sarcos_regression_train_004657,3
sarcos_regression_train_004658,2
sarcos_regression_train_004659,0
sarcos_regression_train_004660,4
sarcos_regression_train_004661,1
sarcos_regression_train_004662,3
sarcos_regression_train_004663,4
sarcos_regression_train_004664,1
sarcos_regression_train_004665,2
sarcos_regression_train_004666,3
sarcos_regression_train_004667,4
sarcos_regression_train_004668,3
sarcos_regression_train_004669,4
sarcos_regression_train_004670,3
sarcos_regression_train_004671,1
sarcos_regression_train_004672,2
sarcos_regression_train_004673,2
sarcos_regression_train_004674,2
sarcos_regression_train_004675,2
sarcos_regression_train_004676,4
sarcos_regression_train_004677,0
sarcos_regression_train_004678,1
sarcos_regression_train_004679,0
sarcos_regression_train_004680,4
sarcos_regression_train_004681,3
sarcos_regression_train_004682,4
sarcos_regression_train_004683,3
sarcos_regression_train_004684,1
sarcos_regression_train_004685,1
sarcos_regression_train_004686,0
sarcos_regression_train_004687,2
sarcos_regression_train_004688,4
sarcos_regression_train_004689,1
sarcos_regression_train_004690,3
sarcos_regression_train_004691,3
sarcos_regression_train_004692,2
sarcos_regression_train_004693,3
sarcos_regression_train_004694,0
sarcos_regression_train_004695,2
sarcos_regression_train_004696,4
sarcos_regression_train_004697,4
sarcos_regression_train_004698,3
sarcos_regression_train_004699,3
sarcos_regression_train_004700,0
sarcos_regression_train_004701,2
sarcos_regression_train_004702,1
sarcos_regression_train_004703,3
sarcos_regression_train_004704,2
sarcos_regression_train_004705,1
sarcos_regression_train_004706,4
sarcos_regression_train_004707,1
sarcos_regression_train_004708,0
sarcos_regression_train_004709,4
sarcos_regression_train_004710,4
sarcos_regression_train_004711,3
sarcos_regression_train_004712,2
sarcos_regression_train_004713,1
sarcos_regression_train_004714,3
sarcos_regression_train_004715,2
sarcos_regression_train_004716,4
sarcos_regression_train_004717,2
sarcos_regression_train_004718,1
sarcos_regression_train_004719,4
sarcos_regression_train_004720,1
sarcos_regression_train_004721,3
sarcos_regression_train_004722,2
sarcos_regression_train_004723,2
sarcos_regression_train_004724,1
sarcos_regression_train_004725,0
sarcos_regression_train_004726,0
sarcos_regression_train_004727,4
sarcos_regression_train_004728,0
sarcos_regression_train_004729,4
sarcos_regression_train_004730,4
sarcos_regression_train_004731,4
sarcos_regression_train_004732,2
sarcos_regression_train_004733,0
sarcos_regression_train_004734,4
sarcos_regression_train_004735,2
sarcos_regression_train_004736,3
sarcos_regression_train_004737,0
sarcos_regression_train_004738,4
sarcos_regression_train_004739,4
sarcos_regression_train_004740,0
sarcos_regression_train_004741,1
sarcos_regression_train_004742,3
sarcos_regression_train_004743,4
sarcos_regression_train_004744,4
sarcos_regression_train_004745,0
sarcos_regression_train_004746,4
sarcos_regression_train_004747,0
sarcos_regression_train_004748,1
sarcos_regression_train_004749,4
sarcos_regression_train_004750,3
sarcos_regression_train_004751,1
sarcos_regression_train_004752,1
sarcos_regression_train_004753,2
sarcos_regression_train_004754,3
sarcos_regression_train_004755,4
sarcos_regression_train_004756,3
sarcos_regression_train_004757,2
sarcos_regression_train_004758,3
sarcos_regression_train_004759,4
sarcos_regression_train_004760,0
sarcos_regression_train_004761,0
sarcos_regression_train_004762,1
sarcos_regression_train_004763,2
sarcos_regression_train_004764,4
sarcos_regression_train_004765,0
sarcos_regression_train_004766,1
sarcos_regression_train_004767,1
sarcos_regression_train_004768,4
sarcos_regression_train_004769,4
sarcos_regression_train_004770,2
sarcos_regression_train_004771,0
sarcos_regression_train_004772,0
sarcos_regression_train_004773,3
sarcos_regression_train_004774,3
sarcos_regression_train_004775,2
sarcos_regression_train_004776,4
sarcos_regression_train_004777,4
sarcos_regression_train_004778,2
sarcos_regression_train_004779,0
sarcos_regression_train_004780,4
sarcos_regression_train_004781,1
sarcos_regression_train_004782,0
sarcos_regression_train_004783,3
sarcos_regression_train_004784,3
sarcos_regression_train_004785,3
sarcos_regression_train_004786,2
sarcos_regression_train_004787,1
sarcos_regression_train_004788,0
sarcos_regression_train_004789,1
sarcos_regression_train_004790,3
sarcos_regression_train_004791,4
sarcos_regression_train_004792,3
sarcos_regression_train_004793,4
sarcos_regression_train_004794,2
sarcos_regression_train_004795,0
sarcos_regression_train_004796,3
sarcos_regression_train_004797,3
sarcos_regression_train_004798,4
sarcos_regression_train_004799,0
sarcos_regression_train_004800,2
sarcos_regression_train_004801,0
sarcos_regression_train_004802,0
sarcos_regression_train_004803,3
sarcos_regression_train_004804,2
sarcos_regression_train_004805,3
sarcos_regression_train_004806,1
sarcos_regression_train_004807,4
sarcos_regression_train_004808,3
sarcos_regression_train_004809,4
sarcos_regression_train_004810,3
sarcos_regression_train_004811,3
sarcos_regression_train_004812,3
sarcos_regression_train_004813,4
sarcos_regression_train_004814,1
sarcos_regression_train_004815,4
sarcos_regression_train_004816,3
sarcos_regression_train_004817,1
sarcos_regression_train_004818,3
sarcos_regression_train_004819,3
sarcos_regression_train_004820,3
sarcos_regression_train_004821,3
sarcos_regression_train_004822,3
sarcos_regression_train_004823,3
sarcos_regression_train_004824,1
sarcos_regression_train_004825,0
sarcos_regression_train_004826,3
sarcos_regression_train_004827,2
sarcos_regression_train_004828,2
sarcos_regression_train_004829,3
sarcos_regression_train_004830,4
sarcos_regression_train_004831,4
sarcos_regression_train_004832,1
sarcos_regression_train_004833,0
sarcos_regression_train_004834,3
sarcos_regression_train_004835,4
sarcos_regression_train_004836,1
sarcos_regression_train_004837,2
sarcos_regression_train_004838,1
sarcos_regression_train_004839,2
sarcos_regression_train_004840,4
sarcos_regression_train_004841,0
sarcos_regression_train_004842,4
sarcos_regression_train_004843,4
sarcos_regression_train_004844,0
sarcos_regression_train_004845,3
sarcos_regression_train_004846,4
sarcos_regression_train_004847,2
sarcos_regression_train_004848,1
sarcos_regression_train_004849,3
sarcos_regression_train_004850,1
sarcos_regression_train_004851,1
sarcos_regression_train_004852,4
sarcos_regression_train_004853,4
sarcos_regression_train_004854,3
sarcos_regression_train_004855,1
sarcos_regression_train_004856,2
sarcos_regression_train_004857,4
sarcos_regression_train_004858,1
sarcos_regression_train_004859,2
sarcos_regression_train_004860,4
sarcos_regression_train_004861,2
sarcos_regression_train_004862,3
sarcos_regression_train_004863,2
sarcos_regression_train_004864,1
sarcos_regression_train_004865,0
sarcos_regression_train_004866,4
sarcos_regression_train_004867,0
sarcos_regression_train_004868,0
sarcos_regression_train_004869,1
sarcos_regression_train_004870,1
sarcos_regression_train_004871,3
sarcos_regression_train_004872,2
sarcos_regression_train_004873,0
sarcos_regression_train_004874,4
sarcos_regression_train_004875,4
sarcos_regression_train_004876,3
sarcos_regression_train_004877,0
sarcos_regression_train_004878,1
sarcos_regression_train_004879,2
sarcos_regression_train_004880,2
sarcos_regression_train_004881,4
sarcos_regression_train_004882,4
sarcos_regression_train_004883,4
sarcos_regression_train_004884,4
sarcos_regression_train_004885,0
sarcos_regression_train_004886,4
sarcos_regression_train_004887,0
sarcos_regression_train_004888,1
sarcos_regression_train_004889,4
sarcos_regression_train_004890,1
sarcos_regression_train_004891,4
sarcos_regression_train_004892,1
sarcos_regression_train_004893,2
sarcos_regression_train_004894,1
sarcos_regression_train_004895,4
sarcos_regression_train_004896,3
sarcos_regression_train_004897,1
sarcos_regression_train_004898,4
sarcos_regression_train_004899,3
sarcos_regression_train_004900,2
sarcos_regression_train_004901,4
sarcos_regression_train_004902,2
sarcos_regression_train_004903,0
sarcos_regression_train_004904,2
sarcos_regression_train_004905,3
sarcos_regression_train_004906,3
sarcos_regression_train_004907,3
sarcos_regression_train_004908,1
sarcos_regression_train_004909,4
sarcos_regression_train_004910,3
sarcos_regression_train_004911,2
sarcos_regression_train_004912,0
sarcos_regression_train_004913,2
sarcos_regression_train_004914,1
sarcos_regression_train_004915,0
sarcos_regression_train_004916,1
sarcos_regression_train_004917,0
sarcos_regression_train_004918,4
sarcos_regression_train_004919,1
sarcos_regression_train_004920,0
sarcos_regression_train_004921,2
sarcos_regression_train_004922,0
sarcos_regression_train_004923,1
sarcos_regression_train_004924,1
sarcos_regression_train_004925,4
sarcos_regression_train_004926,2
sarcos_regression_train_004927,1
sarcos_regression_train_004928,0
sarcos_regression_train_004929,4
sarcos_regression_train_004930,3
sarcos_regression_train_004931,2
sarcos_regression_train_004932,0
sarcos_regression_train_004933,3
sarcos_regression_train_004934,2
sarcos_regression_train_004935,0
sarcos_regression_train_004936,1
sarcos_regression_train_004937,1
sarcos_regression_train_004938,3
sarcos_regression_train_004939,1
sarcos_regression_train_004940,3
sarcos_regression_train_004941,0
sarcos_regression_train_004942,1
sarcos_regression_train_004943,1
sarcos_regression_train_004944,3
sarcos_regression_train_004945,1
sarcos_regression_train_004946,0
sarcos_regression_train_004947,2
sarcos_regression_train_004948,4
sarcos_regression_train_004949,1
sarcos_regression_train_004950,2
sarcos_regression_train_004951,2
sarcos_regression_train_004952,3
sarcos_regression_train_004953,2
sarcos_regression_train_004954,1
sarcos_regression_train_004955,4
sarcos_regression_train_004956,4
sarcos_regression_train_004957,0
sarcos_regression_train_004958,4
sarcos_regression_train_004959,4
sarcos_regression_train_004960,3
sarcos_regression_train_004961,4
sarcos_regression_train_004962,2
sarcos_regression_train_004963,1
sarcos_regression_train_004964,0
sarcos_regression_train_004965,3
sarcos_regression_train_004966,1
sarcos_regression_train_004967,0
sarcos_regression_train_004968,0
sarcos_regression_train_004969,0
sarcos_regression_train_004970,4
sarcos_regression_train_004971,4
sarcos_regression_train_004972,2
sarcos_regression_train_004973,3
sarcos_regression_train_004974,0
sarcos_regression_train_004975,1
sarcos_regression_train_004976,3
sarcos_regression_train_004977,3
sarcos_regression_train_004978,1
sarcos_regression_train_004979,4
sarcos_regression_train_004980,1
sarcos_regression_train_004981,2
sarcos_regression_train_004982,3
sarcos_regression_train_004983,1
sarcos_regression_train_004984,0
sarcos_regression_train_004985,3
sarcos_regression_train_004986,1
sarcos_regression_train_004987,4
sarcos_regression_train_004988,2
sarcos_regression_train_004989,0
sarcos_regression_train_004990,2
sarcos_regression_train_004991,3
sarcos_regression_train_004992,1
sarcos_regression_train_004993,1
sarcos_regression_train_004994,1
sarcos_regression_train_004995,0
sarcos_regression_train_004996,2
sarcos_regression_train_004997,1
sarcos_regression_train_004998,2
sarcos_regression_train_004999,3
sarcos_regression_train_005000,2
